symbol,name,price,open,high,low,close,marketCap,volume,industry
NVDA,NVIDIA Corporation Common Stock,238.9,242.10000610351562,243.3699951171875,238.92999267578125,239.24000549316406,5757490000000.0,127205459,Technology
AAPL,Apple Inc. Common Stock,332.89,332.2799987792969,334.3800048828125,330.6199951171875,333.6300048828125,4858256580200.0,34401115,Technology
GOOGL,Alphabet Inc. Class A Common Stock,346.47,347.3699951171875,349.0899963378906,344.67999267578125,347.67999267578125,4237328100000.0,25630909,Technology
GOOG,Alphabet Inc. Class C Capital Stock,343.83,344.6400146484375,345.6700134277344,341.70001220703125,344.5899963378906,4205040900000.0,13982279,Technology
MSFT,Microsoft Corporation Common Stock,525.18,531.6799926757812,535.6900024414062,528.780029296875,529.2999877929688,3899747980963.0,26604973,Technology
AMZN,Amazon.com Inc. Common Stock,251.4,253.39999389648438,256.67999267578125,251.0800018310547,256.2900085449219,2711679232001.0,39274004,Consumer Discretionary
SPCX,Space Exploration Technologies Corp. Class A Common Stock,171.09,172.00999450683594,176.4199981689453,171.38999938964844,171.9199981689453,2322174051821.0,135689485,Technology
META,Meta Platforms Inc. Class A Common Stock,741.9,746.72998046875,747.5999755859375,736.6900024414062,738.8800048828125,1889994868328.0,15216007,Technology
AVGO,Broadcom Inc. Common Stock,362.51,367.0299987792969,380.8399963378906,364.010009765625,375.80999755859375,1730488562361.0,21481983,Technology
TSLA,Tesla Inc. Common Stock,378.73,381.9800109863281,383.3299865722656,378.5199890136719,380.67999267578125,1495812084530.0,42233825,Industrials
MU,Micron Technology Inc. Common Stock,1063.96,1064.47998046875,1074.31005859375,1045.260009765625,1045.56005859375,1201629136938.0,18261752,Technology
BRK/B,Berkshire Hathaway Inc.,504.26,504.3399963378906,508.5199890136719,503.7799987792969,505.5400085449219,1112554571940.0,3570817,Uncategorized
BRK/A,Berkshire Hathaway Inc.,756376.0,760000.0,763000.0,758076.0,758166.0,1112533792624.0,227,Uncategorized
LLY,Eli Lilly and Company Common Stock,1143.12,1147.1500244140625,1177.0699462890625,1139.97998046875,1157.489990234375,1076084088143.0,1979100,Health Care
AMD,Advanced Micro Devices Inc. Common Stock,631.75,648.0399780273438,658.52001953125,628.0,649.4199829101562,1031316107784.0,13718109,Technology
JPM,JP Morgan Chase & Co. Common Stock,332.38,332.7300109863281,333.7900085449219,330.92999267578125,331.2799987792969,883527927494.0,5346123,Finance
WMT,Walmart Inc. Common Stock,105.07,104.5,107.55000305175781,104.5,107.19999694824219,833598717542.0,19233246,Consumer Discretionary
XOM,ExxonMobil Holdings Corporation Common Stock,164.0,163.05999755859375,165.9499969482422,162.94000244140625,164.47999572753906,674353561440.0,12475548,Energy
V,Visa Inc.,369.71,368.7900085449219,371.8399963378906,368.1499938964844,370.6400146484375,660581274235.0,4525655,Consumer Discretionary
INTC,Intel Corporation Common Stock,116.19,117.05999755859375,118.19999694824219,112.0,112.5,614072226483.0,81332057,Technology
JNJ,Johnson & Johnson Common Stock,252.93,254.14999389648438,255.47999572753906,251.1699981689453,254.77999877929688,609535652139.0,10032754,Health Care
GOOGM,Alphabet Inc. Depositary Shares representing a 1/20th Interest in a Share of Series A Mandatory Convertible Preferred Stock,49.24,49.58000183105469,49.58000183105469,49.040000915527344,49.310001373291016,602205200000.0,232847,Technology
GOOGN,Alphabet Inc. Depositary Shares representing a 1/20th Interest in a Share of Series B Mandatory Convertible Preferred Stock,48.85,48.849998474121094,49.119998931884766,48.630001068115234,49.06999969482422,597435500000.0,567094,Technology
MA,Mastercard Incorporated Common Stock,564.59,563.5,568.9299926757812,562.1400146484375,566.5800170898438,494586452025.0,2405179,Consumer Discretionary
ABBV,AbbVie Inc. Common Stock,265.76,267.739990234375,268.8599853515625,260.6199951171875,266.69000244140625,469629089662.0,7544513,Health Care
PLTR,Palantir Technologies Inc. Class A Common Stock,189.4,191.0449981689453,194.55999755859375,190.22000122070312,192.07000732421875,454948929112.0,17710263,Technology
CSCO,Cisco Systems Inc. Common Stock (DE),112.82,113.52999877929688,118.4000015258789,113.30999755859375,117.94000244140625,444802651012.0,18548145,Telecommunications
LRCX,Lam Research Corporation Common Stock,345.8,345.1000061035156,346.8999938964844,330.8500061035156,333.8900146484375,432742544380.0,6122806,Technology
ORCL,Oracle Corporation Common Stock,142.48,143.92999267578125,146.94000244140625,143.86000061035156,144.77000427246094,431928283710.0,18069681,Technology
AMAT,Applied Materials Inc. Common Stock,542.28,546.0,546.0,526.52001953125,530.27001953125,430352021390.0,4648544,Technology
COST,Costco Wholesale Corporation Common Stock,923.52,921.3200073242188,937.0399780273438,919.0,935.6799926757812,409561545070.0,1955697,Consumer Discretionary
CVX,Chevron Corporation Common Stock,206.47,205.57000732421875,208.69000244140625,204.88999938964844,207.5800018310547,407937494943.0,6447779,Energy
CAT,Caterpillar Inc. Common Stock,848.14,853.0,876.9500122070312,851.469970703125,863.4400024414062,389868660356.0,2301553,Industrials
BAC,Bank of America Corporation Common Stock,54.0,54.27000045776367,54.459999084472656,53.880001068115234,54.09000015258789,377608411710.0,34994388,Finance
KO,Coca-Cola Company (The) Common Stock,86.51,86.5999984741211,87.29000091552734,86.16000366210938,86.16999816894531,372213535012.0,21284546,Consumer Staples
DELL,Dell Technologies Inc. Class C Common Stock ,552.29,561.780029296875,587.1900024414062,560.9600219726562,574.0,351153023698.0,4202036,Technology
MRK,Merck & Company Inc. Common Stock (new),139.54,140.1300048828125,142.16000366210938,139.74000549316406,141.94000244140625,344269130367.0,9485744,Health Care
UNH,UnitedHealth Group Incorporated Common Stock (DE),378.58,379.0299987792969,380.4100036621094,373.70001220703125,376.32000732421875,339811457177.0,5828925,Health Care
PG,Procter & Gamble Company (The) Common Stock,145.94,148.02000427246094,149.67999267578125,147.05999755859375,148.41000366210938,339227760776.0,7039634,Consumer Discretionary
PANW,Palo Alto Networks Inc. Common Stock,406.76,412.79998779296875,432.3299865722656,412.0,419.9100036621094,332729680000.0,4450339,Technology
GE,GE Aerospace Common Stock,306.34,306.5,310.8500061035156,304.0,309.3900146484375,317846900232.0,5415185,Technology
MS,Morgan Stanley Common Stock,190.19,191.00999450683594,193.13999938964844,190.5500030517578,191.02000427246094,298706003075.0,4300766,Finance
PM,Philip Morris International Inc Common Stock,189.53,189.7100067138672,192.0500030517578,189.00999450683594,190.39999389648438,295404005094.0,5323293,Health Care
NFLX,Netflix Inc. Common Stock,67.5,67.51000213623047,68.77999877929688,67.30999755859375,68.69000244140625,281065928130.0,36820516,Consumer Discretionary
HD,Home Depot Inc. (The) Common Stock,281.15,283.2300109863281,287.1400146484375,282.1300048828125,286.69000244140625,280500438350.0,4266254,Consumer Discretionary
CRWD,CrowdStrike Holdings Inc. Class A Common Stock,272.67,278.0,286.989990234375,276.0,278.8599853515625,279196313368.0,4840944,Technology
KLAC,KLA Corporation Common Stock,206.85,207.33999633789062,207.66000366210938,196.8300018310547,197.4600067138672,269940592870.0,7986587,Technology
TXN,Texas Instruments Incorporated Common Stock,294.9,295.45001220703125,298.75,294.2300109863281,297.2300109863281,269316742601.0,3780014,Technology
GEV,GE Vernova Inc. Common Stock,990.0,1001.3499755859375,1052.780029296875,995.0499877929688,1029.2099609375,263670245190.0,1666975,Technology
ANET,Arista Networks Inc. Common Stock,206.9,208.0,216.07000732421875,207.1999969482422,215.36000061035156,260947379671.0,3563020,Telecommunications
GS,Goldman Sachs Group Inc. (The) Common Stock,893.46,901.5700073242188,905.9400024414062,896.0,897.1799926757812,260150006192.0,1902523,Finance
TMO,Thermo Fisher Scientific Inc Common Stock,676.76,683.3499755859375,694.3300170898438,654.510009765625,656.5800170898438,250230173273.0,2124659,Industrials
SNDK,Sandisk Corporation Common Stock,1704.16,1700.0,1716.5,1650.0,1660.4599609375,249521404744.0,6502665,Technology
RTX,RTX Corporation Common Stock,184.33,183.5500030517578,184.60000610351562,182.41000366210938,183.2899932861328,248432258684.0,3387451,Industrials
WFC,Wells Fargo & Company Common Stock,81.44,81.8499984741211,81.9800033569336,81.08000183105469,81.51000213623047,246274505924.0,12766331,Finance
MRVL,Marvell Technology Inc. Common Stock,271.25,271.260009765625,301.2699890136719,267.260009765625,287.010009765625,237859125000.0,12895792,Technology
CCZ,Comcast Holdings ZONES,62.9,62.900001525878906,62.900001525878906,62.900001525878906,62.900001525878906,223209240442.0,3,Telecommunications
LIN,Linde plc Ordinary Shares,482.38,482.8699951171875,492.1000061035156,482.69000244140625,489.95001220703125,222367611028.0,2798274,Basic Materials
AMGN,Amgen Inc. Common Stock,402.98,403.29998779296875,405.0,396.010009765625,402.6000061035156,217863885375.0,3104127,Health Care
C,Citigroup Inc. Common Stock,128.55,129.32000732421875,130.07000732421875,127.95999908447266,128.52000427246094,215634498455.0,6604036,Finance
APH,Amphenol Corporation Common Stock,87.27,88.69999694824219,89.93000030517578,88.20999908447266,88.62000274658203,215204932585.0,9550816,Technology
IBM,International Business Machines Corporation Common Stock,221.58,222.7100067138672,224.50999450683594,221.0,221.2899932861328,208758138136.0,6318086,Technology
AXP,American Express Company Common Stock,304.02,305.260009765625,307.29998779296875,303.739990234375,304.54998779296875,205307695429.0,2829316,Finance
ADI,Analog Devices Inc. Common Stock,419.1,421.0799865722656,422.6700134277344,417.19000244140625,420.54998779296875,203081386382.0,2131322,Technology
VZ,Verizon Communications Inc. Common Stock,45.85,45.970001220703125,45.97999954223633,45.290000915527344,45.97999954223633,190496443012.0,22516930,Telecommunications
QCOM,QUALCOMM Incorporated Common Stock,180.79,182.02999877929688,183.08999633789062,179.3300018310547,181.02999877929688,189871790578.0,12302861,Technology
CRM,Salesforce Inc. Common Stock,229.79,231.75,233.0,222.88999938964844,224.99000549316406,189117170000.0,6367942,Technology
DE,Deere & Company Common Stock,682.2,684.0999755859375,692.8300170898438,680.1199951171875,682.7899780273438,183938456066.0,752952,Industrials
GILD,Gilead Sciences Inc. Common Stock,144.63,145.11000061035156,146.13999938964844,142.60000610351562,144.22999572753906,179334714068.0,6138331,Health Care
DIS,Walt Disney Company (The) Common Stock,103.61,103.41999816894531,104.2699966430664,103.29000091552734,104.02999877929688,178902029916.0,7039344,Consumer Discretionary
TMUS,T-Mobile US Inc. Common Stock,164.64,164.36000061035156,166.05999755859375,163.02000427246094,165.92999267578125,176604654364.0,4296862,Telecommunications
ABT,Abbott Laboratories Common Stock,100.1,100.55999755859375,100.94999694824219,97.94000244140625,98.16000366210938,173211367930.0,11988863,Health Care
PEP,PepsiCo Inc. Common Stock,125.65,125.66000366210938,127.20999908447266,124.62999725341797,125.70999908447266,171498624263.0,8830863,Consumer Staples
SCCO,Southern Copper Corporation Common Stock,205.29,206.42999267578125,207.02000427246094,199.22000122070312,204.25999450683594,171279955925.0,957793,Basic Materials
SCHW,Charles Schwab Corporation (The) Common Stock,97.96,98.41000366210938,98.77999877929688,96.73999786376953,96.80000305175781,169405726543.0,5874900,Finance
T,AT&T Inc.,24.24,24.190000534057617,24.450000762939453,23.969999313354492,24.43000030517578,166101828156.0,34253715,Telecommunications
BLK,BlackRock Inc. Common Stock,1066.45,1079.010009765625,1086.449951171875,1069.4200439453125,1079.4200439453125,165160321261.0,610669,Finance
MCD,McDonald's Corporation Common Stock,233.04,233.35000610351562,234.3000030517578,231.6999969482422,232.4499969482422,164908782384.0,5603525,Consumer Discretionary
UNP,Union Pacific Corporation Common Stock,277.06,276.6199951171875,277.989990234375,274.8800048828125,276.6099853515625,164594557476.0,2241161,Industrials
WELL,Welltower Inc. Common Stock,224.16,223.94000244140625,227.22000122070312,222.22000122070312,225.77999877929688,161562188216.0,2449217,Real Estate
WDC,Western Digital Corporation Common Stock,441.64,426.6000061035156,430.3299865722656,406.80999755859375,411.0400085449219,159229302508.0,11300488,Technology
NEE,NextEra Energy Inc. Common Stock,76.28,77.0,78.04000091552734,76.33999633789062,77.87999725341797,159118417783.0,13021498,Utilities
PFE,Pfizer Inc. Common Stock,27.41,27.479999542236328,27.709999084472656,27.200000762939453,27.5,156228053074.0,33005489,Health Care
DHR,Danaher Corporation Common Stock,221.21,223.5,227.61000061035156,215.08999633789062,215.61000061035156,155507545005.0,3093908,Industrials
COP,ConocoPhillips Common Stock,128.4,128.19000244140625,130.07000732421875,127.77999877929688,129.35000610351562,154251732304.0,5707677,Energy
BA,Boeing Company (The) Common Stock,192.72,193.0,193.22999572753906,189.3300018310547,189.82000732421875,152320110254.0,6504650,Industrials
TJX,TJX Companies Inc. (The) Common Stock,134.41,134.94000244140625,137.24000549316406,134.52999877929688,137.02999877929688,147847513539.0,9658342,Consumer Discretionary
ISRG,Intuitive Surgical Inc. Common Stock,406.48,405.20001220703125,409.3399963378906,402.0,404.760009765625,143600456886.0,1664644,Health Care
UBER,Uber Technologies Inc. Common Stock,69.48,69.55999755859375,69.94000244140625,68.76000213623047,69.08000183105469,141917077207.0,17031814,Consumer Discretionary
NOW,ServiceNow Inc. Common Stock,136.08,138.4600067138672,140.60000610351562,136.17999267578125,137.97000122070312,140706720000.0,7836066,Technology
GLW,Corning Incorporated Common Stock,159.37,161.00999450683594,170.6300048828125,160.5,168.97000122070312,137279458311.0,6580991,Industrials
FTNT,Fortinet Inc. Common Stock,184.13,187.50999450683594,192.41000366210938,186.5,191.27000427246094,135098694927.0,3062653,Technology
TBB,AT&T Inc. 5.350% Global Notes due 2066,18.87,18.829999923706055,18.93600082397461,18.809999465942383,18.84000015258789,134927774008.0,146057,Telecommunications
NET,Cloudflare Inc. Class A Common Stock,359.49,364.70001220703125,370.3500061035156,354.25,355.010009765625,128007096745.0,3172629,Technology
MNST,Monster Beverage Corporation,43.51,43.25,43.470001220703125,42.880001068115234,43.25,127857641253.0,10396464,Consumer Staples
VRTX,Vertex Pharmaceuticals Incorporated Common Stock,503.5,505.0,507.4100036621094,496.3299865722656,502.30999755859375,127617575234.0,915136,Health Care
PGR,Progressive Corporation (The) Common Stock,212.62,211.99000549316406,213.66000366210938,211.33999633789062,212.0500030517578,123611265737.0,2775046,Finance
PH,Parker-Hannifin Corporation Common Stock,975.68,980.0,992.0,975.7000122070312,984.9099731445312,123045361067.0,334950,Industrials
NEM,Newmont Corporation,115.82,116.0,117.33000183105469,114.44000244140625,116.38999938964844,122038638827.0,4004130,Basic Materials
MPC,Marathon Petroleum Corporation Common Stock,433.47,428.45001220703125,435.69000244140625,427.20001220703125,432.3599853515625,121729110018.0,2124180,Energy
PLD,Prologis Inc. Common Stock,128.08,128.25,129.69000244140625,127.61000061035156,128.67999267578125,121429574080.0,2783401,Real Estate
VLO,Valero Energy Corporation Common Stock,419.33,416.25,422.989990234375,413.42999267578125,419.2200012207031,120736622221.0,2556159,Energy
BMY,Bristol-Myers Squibb Company Common Stock,58.81,58.939998626708984,59.599998474121094,58.63999938964844,59.59000015258789,120132048919.0,19239537,Health Care
COF,Capital One Financial Corporation Common Stock,195.14,196.22000122070312,197.9199981689453,195.5800018310547,195.82000732421875,119715430897.0,2489612,Finance
SNOW,Snowflake Inc. Common Stock,338.99,339.70001220703125,349.0,335.1099853515625,335.95001220703125,119595672000.0,3271878,Technology
BKNG,Booking Holdings Inc. Common Stock,158.33,158.5399932861328,160.5,155.33999633789062,157.6300048828125,118966074565.0,8427877,Consumer Discretionary
LMT,Lockheed Martin Corporation Common Stock,506.63,509.0,510.8699951171875,504.17999267578125,510.1199951171875,116925519192.0,1012557,Industrials
SPGI,S&P Global Inc. Common Stock,390.92,392.8699951171875,398.8800048828125,392.55999755859375,396.1300048828125,115243216000.0,1691181,Finance
MO,Altria Group Inc.,67.88,67.69999694824219,68.79000091552734,67.5999984741211,68.55000305175781,113342217697.0,9270999,Health Care
MDT,Medtronic plc. Ordinary Shares,87.97,87.97000122070312,88.5,86.44999694824219,87.08999633789062,112525760183.0,43694401,Health Care
CVS,CVS Health Corporation Common Stock,87.01,86.80000305175781,87.08000183105469,85.52999877929688,86.43000030517578,111283211807.0,12009986,Consumer Staples
SYK,Stryker Corporation Common Stock,285.22,279.3699951171875,284.5299987792969,277.1000061035156,278.20001220703125,109402704180.0,3331603,Health Care
SBUX,Starbucks Corporation Common Stock,94.43,94.05000305175781,96.7300033569336,93.80999755859375,96.11000061035156,107650200000.0,8825009,Consumer Discretionary
PSX,Phillips 66 Common Stock,269.72,266.75,271.82000732421875,266.2699890136719,269.7900085449219,107623921464.0,2004688,Energy
MCK,McKesson Corporation Common Stock,915.45,921.0,928.4600219726562,914.22998046875,921.6699829101562,106732647808.0,697634,Health Care
FCX,Freeport-McMoRan Inc. Common Stock,72.6,72.83999633789062,73.29000091552734,70.88999938964844,72.55999755859375,104254872170.0,13705196,Basic Materials
ADP,Automatic Data Processing Inc. Common Stock,260.26,259.20001220703125,263.4700012207031,258.8599853515625,262.3599853515625,103128427882.0,1708141,Technology
HOOD,Robinhood Markets Inc. Class A Common Stock,114.11,115.01000213623047,116.25,111.73999786376953,112.0,102594278172.0,19577812,Finance
EQIX,Equinix Inc. Common Stock REIT,1023.44,1036.5999755859375,1052.3199462890625,1034.239990234375,1047.3599853515625,100984550320.0,368837,Real Estate
LOW,Lowe's Companies Inc. Common Stock,179.5,179.74000549316406,184.1999969482422,179.72000122070312,183.6699981689453,100709196411.0,2775578,Consumer Discretionary
PWR,Quanta Services Inc. Common Stock,683.42,689.9000244140625,722.2100219726562,685.9500122070312,719.5599975585938,100688117564.0,934672,Industrials
DDOG,Datadog Inc. Class A Common Stock,276.415,278.0,285.67999267578125,276.0,278.239990234375,99253722759.0,2350120,Technology
ABNB,Airbnb Inc. Class A Common Stock,164.07,164.32000732421875,164.88999938964844,159.07000732421875,160.38999938964844,98242766846.0,4161422,Consumer Discretionary
LITE,Lumentum Holdings Inc. Common Stock,1091.67,1099.81005859375,1137.2049560546875,1084.041015625,1133.4000244140625,97922799000.0,3010157,Telecommunications
VRT,Vertiv Holdings LLC Class A Common Stock,253.62,253.19500732421875,256.5,249.10000610351562,253.13999938964844,97640700436.0,4352252,Technology
BNY,The Bank of New York Mellon Corporation Common Stock,143.75,144.11000061035156,144.83999633789062,142.75999450683594,143.72999572753906,97534970413.0,3861899,Finance
CDNS,Cadence Design Systems Inc. Common Stock,353.48,355.1400146484375,361.9100036621094,354.2699890136719,359.54998779296875,97345917640.0,1952502,Technology
CME,CME Group Inc. Class A Common Stock,270.03,269.42999267578125,272.3900146484375,266.80999755859375,270.17999267578125,97097188388.0,1564858,Finance
SO,Southern Company (The) Common Stock,83.79,84.19999694824219,85.5199966430664,84.13999938964844,85.44000244140625,96388912921.0,6572361,Utilities
CEG,Constellation Energy Corporation Common Stock ,267.62,291.1099853515625,309.79998779296875,291.0,300.3999938964844,94819740768.0,3523566,Utilities
APP,Applovin Corporation Class A Common Stock,281.97,282.7300109863281,283.760009765625,276.6600036621094,278.7799987792969,94361542470.0,6904075,Technology
HCA,HCA Healthcare Inc. Common Stock,434.92,433.6099853515625,438.1099853515625,429.489990234375,432.20001220703125,94160832380.0,1148874,Health Care
SNPS,Synopsys Inc. Common Stock,488.47,491.1000061035156,507.5,486.5,505.1700134277344,93608752472.0,2819075,Technology
ADBE,Adobe Inc. Common Stock,238.785,240.8699951171875,240.8699951171875,236.77000427246094,238.1199951171875,92935122000.0,3294159,Technology
MAR,Marriott International Class A Common Stock,355.89,357.5199890136719,362.4599914550781,356.760009765625,361.2799987792969,92804114236.0,1369755,Consumer Discretionary
HWM,Howmet Aerospace Inc. Common Stock,229.57,229.66000366210938,231.72999572753906,225.10000610351562,231.60000610351562,91552837168.0,2254069,Industrials
HPE,Hewlett Packard Enterprise Company Common Stock,68.36,69.7699966430664,71.22000122070312,68.55999755859375,70.4800033569336,90745492292.0,15822710,Technology
EMR,Emerson Electric Company Common Stock,162.33,163.25,165.24000549316406,161.14999389648438,161.39999389648438,90547674000.0,2139294,Technology
GD,General Dynamics Corporation Common Stock,331.72,329.8900146484375,332.7799987792969,327.6400146484375,331.3299865722656,89749232725.0,1379061,Industrials
USB,U.S. Bancorp Common Stock,57.27,57.540000915527344,57.790000915527344,57.04999923706055,57.290000915527344,89229606312.0,6312782,Finance
DUK,Duke Energy Corporation (Holding Company) Common Stock,113.84,114.43000030517578,115.73999786376953,114.05999755859375,115.66000366210938,88761297651.0,4226878,Utilities
PNC,PNC Financial Services Group Inc. (The) Common Stock,220.28,221.22999572753906,222.10000610351562,219.25,220.16000366210938,87879310967.0,3021478,Finance
CSX,CSX Corporation Common Stock,47.43,47.380001068115234,47.72999954223633,47.31999969482422,47.5,87862885313.0,8251494,Industrials
WMB,Williams Companies Inc. (The) Common Stock,70.81,70.66999816894531,72.73999786376953,70.11000061035156,72.38999938964844,86612488692.0,5803560,Utilities
ELV,Elevance Health Inc. Common Stock,394.51,396.67999267578125,400.9700012207031,394.4200134277344,400.0899963378906,85557103598.0,712110,Health Care
ICE,Intercontinental Exchange Inc. Common Stock,152.15,152.72000122070312,155.11000061035156,152.5,153.49000549316406,85416171197.0,2759338,Finance
BE,Bloom Energy Corporation Class A Common Stock,286.65,295.25,300.79998779296875,285.6400146484375,295.7799987792969,84426263731.0,7495215,Energy
MMM,3M Company Common Stock,163.19,163.5800018310547,164.3000030517578,161.5,163.63999938964844,84160741230.0,2338452,Health Care
BX,Blackstone Inc. Common Stock,111.65,112.80999755859375,113.86000061035156,112.08999633789062,113.36000061035156,83807293978.0,4777324,Finance
DASH,DoorDash Inc. Class A Common Stock,191.77,192.17999267578125,194.02999877929688,190.82000732421875,193.6199951171875,83093545378.0,2920843,Consumer Discretionary
WM,Waste Management Inc. Common Stock,206.66,206.6699981689453,208.75,206.30999755859375,207.8800048828125,82605139925.0,2596806,Utilities
MRSH,Marsh Common Stock,170.43,169.75999450683594,172.38999938964844,169.52000427246094,171.74000549316406,81331116405.0,2114307,Finance
MRNA,Moderna Inc. Common Stock,203.21,202.08999633789062,212.22000122070312,186.63999938964844,187.4600067138672,81128725004.0,19313353,Health Care
KKR,KKR & Co. Inc. Common Stock,89.96,90.19999694824219,91.62999725341797,89.77999877929688,90.66999816894531,80751298666.0,4914876,Finance
EPD,Enterprise Products Partners L.P. Common Stock,36.8,36.77000045776367,37.33000183105469,36.689998626708984,37.2599983215332,79468759819.0,2877198,Utilities
UPS,United Parcel Service Inc. Common Stock,93.14,93.2699966430664,93.5199966430664,92.4800033569336,93.11000061035156,79241796547.0,4797591,Industrials
CTAS,Cintas Corporation Common Stock,195.4,194.22000122070312,196.8699951171875,194.22000122070312,195.9600067138672,78065576272.0,1344073,Industrials
WBD,Warner Bros. Discovery Inc. Series A Common Stock ,30.95,30.950000762939453,30.950000762939453,30.950000762939453,30.950000762939453,77706267568.0,435637453,Telecommunications
ECL,Ecolab Inc. Common Stock,277.07,278.760009765625,282.44000244140625,275.79998779296875,280.82000732421875,77670646033.0,940174,Consumer Discretionary
MCO,Moody's Corporation Common Stock,448.15,451.239990234375,454.94000244140625,450.0,452.32000732421875,77619580000.0,943851,Finance
SHW,Sherwin-Williams Company (The) Common Stock,318.46,320.3599853515625,322.8500061035156,318.19000244140625,321.1600036621094,77308760767.0,1323273,Consumer Discretionary
CMCSA,Comcast Corporation Class A Common Stock,21.57,21.75,21.760000228881836,21.329999923706055,21.559999465942383,76544090880.0,31094118,Telecommunications
INTU,Intuit Inc. Common Stock,284.68,287.0,291.260009765625,284.8699951171875,289.80999755859375,76076744480.0,2952366,Technology
AMT,American Tower Corporation (REIT) Common Stock,162.26,162.86000061035156,165.24000549316406,162.4199981689453,164.77999877929688,75606677388.0,2506068,Real Estate
EOG,EOG Resources Inc. Common Stock,144.08,143.16000366210938,145.1199951171875,142.72000122070312,144.27999877929688,75574163678.0,2523371,Energy
MSI,Motorola Solutions Inc. Common Stock,455.37,455.9599914550781,459.1499938964844,453.17999267578125,456.2799987792969,75360906242.0,833979,Technology
ITW,Illinois Tool Works Inc. Common Stock,264.19,264.6300048828125,269.0299987792969,264.25,267.1400146484375,75241312000.0,1176662,Industrials
TRV,The Travelers Companies Inc. Common Stock,360.7,360.0400085449219,363.0199890136719,359.4599914550781,360.6400146484375,75233010435.0,900302,Finance
REGN,Regeneron Pharmaceuticals Inc. Common Stock,726.47,734.6099853515625,740.510009765625,727.1599731445312,738.719970703125,74793710132.0,695029,Health Care
MDLZ,Mondelez International Inc. Class A Common Stock,58.49,58.25,59.959999084472656,58.25,59.619998931884766,74651258254.0,8067326,Consumer Staples
RCL,Royal Caribbean Cruises Ltd. Common Stock,275.03,279.79998779296875,289.1700134277344,278.0,288.7799987792969,73557346663.0,3026967,Consumer Discretionary
MPWR,Monolithic Power Systems Inc. Common Stock,1479.89,1487.8800048828125,1491.6400146484375,1458.7900390625,1473.68994140625,72726234270.0,685464,Technology
ROST,Ross Stores Inc. Common Stock,226.37,224.88999938964844,226.9499969482422,221.77000427246094,224.2100067138672,72314600511.0,2589090,Consumer Discretionary
CMI,Cummins Inc. Common Stock,523.37,527.3699951171875,540.489990234375,525.5,535.3099975585938,72049462561.0,802781,Industrials
CI,The Cigna Group Common Stock,271.29,271.7200012207031,275.82000732421875,270.0,274.3699951171875,71685801447.0,1536158,Health Care
HLT,Hilton Worldwide Holdings Inc. Common Stock ,316.12,318.05999755859375,324.6600036621094,317.95001220703125,322.6099853515625,71147519349.0,1424053,Consumer Discretionary
NSC,Norfolk Southern Corporation Common Stock,316.23,316.0799865722656,317.45001220703125,314.3900146484375,316.30999755859375,71027905794.0,750183,Industrials
BRKRP,Bruker Corporation 6.375% Mandatory Convertible Preferred Stock Series A,466.08,458.8699951171875,458.8699951171875,437.30999755859375,445.0400085449219,71011630001.0,1261,Industrials
GM,General Motors Company Common Stock,80.23,81.43000030517578,82.1500015258789,80.69000244140625,82.01000213623047,70397937134.0,6491465,Industrials
CVNA,Carvana Co. Class A Common Stock,63.72,64.4749984741211,65.27999877929688,62.68000030517578,63.880001068115234,70121551424.0,6993156,Consumer Discretionary
KMI,Kinder Morgan Inc. Common Stock,31.41,31.3799991607666,32.310001373291016,31.1200008392334,32.15999984741211,69943853615.0,9790817,Utilities
TGT,Target Corporation Common Stock,152.99,152.86000061035156,154.55999755859375,152.3000030517578,154.3300018310547,69502857641.0,5055314,Consumer Discretionary
TER,Teradyne Inc. Common Stock,444.53,445.07000732421875,448.0,427.0400085449219,430.32000732421875,69498153598.0,1679189,Industrials
MSTR,Strategy Inc Common Stock Class A,164.43,165.82000732421875,168.72999572753906,163.17999267578125,164.5500030517578,69142322203.0,18216599,Technology
CL,Colgate-Palmolive Company Common Stock,86.19,86.55000305175781,88.05000305175781,86.2300033569336,87.25,68708326132.0,6005601,Consumer Discretionary
FDX,FedEx Corporation Common Stock,289.13,289.54998779296875,290.2699890136719,287.0,289.0299987792969,68428522872.0,1885033,Consumer Discretionary
APO,Apollo Global Management Inc. (New) Common Stock,115.35,115.55999755859375,116.33000183105469,114.7300033569336,115.94999694824219,68119153391.0,3691708,Finance
ORLY,O'Reilly Automotive Inc. Common Stock,83.9,83.44999694824219,85.33999633789062,83.37999725341797,85.13999938964844,67871810449.0,8287634,Consumer Discretionary
HON,Honeywell International Inc. Common Stock,214.14,213.74000549316406,215.3699951171875,210.74000549316406,212.8699951171875,67869533741.0,1744790,Industrials
NOC,Northrop Grumman Corporation Common Stock,476.11,476.3900146484375,485.70001220703125,474.0,483.1099853515625,67637627309.0,1201033,Industrials
URI,United Rentals Inc. Common Stock,1074.28,1075.530029296875,1101.4100341796875,1075.0,1080.6199951171875,66865861083.0,422360,Consumer Discretionary
DLR,Digital Realty Trust Inc. Common Stock,179.87,181.6699981689453,185.10000610351562,181.00999450683594,184.64999389648438,66558406977.0,1517927,Real Estate
KEYS,Keysight Technologies Inc. Common Stock,384.17,387.4949951171875,389.92999267578125,384.07000732421875,388.0299987792969,65402923687.0,850821,Industrials
COHR,Coherent Corp. Common Stock,333.64,336.2099914550781,341.29998779296875,331.3900146484375,338.3599853515625,65337470555.0,5425910,Technology
AEP,American Electric Power Company Inc. Common Stock,119.73,120.16999816894531,121.83999633789062,120.05999755859375,121.66999816894531,65180694955.0,3108887,Utilities
RSG,Republic Services Inc. Common Stock,212.83,212.77000427246094,215.67999267578125,212.58999633789062,214.74000549316406,65171308108.0,1236794,Utilities
SPG,Simon Property Group Inc. Common Stock,201.4,201.5,203.32000732421875,200.75,201.74000549316406,65163275121.0,1040899,Real Estate
ALAB,Astera Labs Inc. Common Stock,362.34,376.1000061035156,401.739990234375,371.82501220703125,389.79998779296875,62860592583.0,3256935,Technology
APD,Air Products and Chemicals Inc. Common Stock,279.45,280.42999267578125,282.2799987792969,279.30999755859375,281.0,62229471359.0,1090489,Basic Materials
TRGP,Targa Resources Inc. Common Stock,287.4,286.44000244140625,288.3900146484375,283.92999267578125,285.7200012207031,61627475435.0,1381436,Utilities
MET,MetLife Inc. Common Stock,96.88,97.19000244140625,99.05999755859375,97.0,97.16000366210938,61565004688.0,4417271,Finance
BSX,Boston Scientific Corporation Common Stock,42.4,42.470001220703125,42.75,42.0,42.189998626708984,61447331902.0,13744308,Health Care
NTRA,Natera Inc. Common Stock,425.64,429.010009765625,437.4079895019531,394.7699890136719,400.6499938964844,61353524519.0,2021834,Health Care
GWW,W.W. Grainger Inc. Common Stock,1286.84,1286.6099853515625,1287.260009765625,1272.1400146484375,1275.56005859375,60611376203.0,207546,Industrials
TDG,Transdigm Group Incorporated Common Stock,1092.66,1093.0,1110.3299560546875,1082.6600341796875,1103.3299560546875,60398447807.0,318283,Industrials
FIX,Comfort Systems USA Inc. Common Stock,1713.07,1725.0,1835.0400390625,1720.0,1817.9599609375,60290349180.0,257146,Industrials
COR,Cencora Inc. Common Stock,314.93,314.6300048828125,316.44000244140625,311.8299865722656,316.3699951171875,60097199073.0,1148055,Health Care
SE,Sea Limited American Depositary Shares each representing one Class A Ordinary Share,96.85,96.91999816894531,97.77999877929688,95.2699966430664,96.52999877929688,59319125956.0,3777550,Consumer Discretionary
OXY,Occidental Petroleum Corporation Common Stock,58.31,57.529998779296875,58.91999816894531,57.52000045776367,58.33000183105469,58288855103.0,8568373,Energy
AJG,Arthur J. Gallagher & Co. Common Stock,227.24,225.80999755859375,230.72999572753906,225.0800018310547,229.85000610351562,58241612000.0,1148776,Finance
FAST,Fastenal Company Common Stock,50.69,50.630001068115234,51.38999938964844,50.529998779296875,50.810001373291016,58166651975.0,5561378,Consumer Discretionary
MPLX,MPLX LP Common Units Representing Limited Partner Interests,57.37,57.369998931884766,57.88999938964844,56.56999969482422,57.77000045776367,58165047860.0,836755,Energy
AME,AMETEK Inc.,251.92,252.7100067138672,255.41000366210938,251.83999633789062,253.72000122070312,57755492588.0,1204597,Industrials
AON,Aon plc Class A Ordinary Shares (Ireland),272.05,270.8299865722656,274.7099914550781,270.1000061035156,273.989990234375,57708724320.0,1366037,Finance
PCAR,PACCAR Inc. Common Stock,109.36,109.18000030517578,110.33000183105469,108.70999908447266,109.31999969482422,57563271260.0,2932415,Industrials
NUE,Nucor Corporation Common Stock,251.41,252.7899932861328,253.27999877929688,247.74000549316406,251.07000732421875,57038813703.0,1586489,Industrials
BKR,Baker Hughes Company Class A Common Stock,57.38,57.189998626708984,57.61000061035156,56.150001525878906,57.130001068115234,56959638194.0,6665307,Consumer Discretionary
ALL,Allstate Corporation (The) Common Stock,224.71,224.3000030517578,225.22000122070312,222.22000122070312,224.27000427246094,56819709945.0,1978871,Finance
LNG,Cheniere Energy Inc. Common Stock,274.93,274.3399963378906,276.8800048828125,272.6700134277344,275.260009765625,56782436059.0,1683779,Utilities
TFC,Truist Financial Corporation Common Stock,46.33,46.4900016784668,46.81999969482422,46.15999984741211,46.25,56597941290.0,10442336,Finance
AFL,AFLAC Incorporated Common Stock,112.38,112.47000122070312,113.8499984741211,112.0199966430664,113.62999725341797,56340959829.0,1923816,Finance
OKE,ONEOK Inc. Common Stock,88.58,88.25,90.05000305175781,87.9000015258789,89.2300033569336,55838145103.0,3638857,Utilities
CIEN,Ciena Corporation Common Stock,389.69,393.5799865722656,446.3699951171875,392.0,443.6499938964844,55261364107.0,2474543,Utilities
DAL,Delta Air Lines Inc. Common Stock,83.08,84.23999786376953,85.76000213623047,82.81999969482422,83.66000366210938,54635321332.0,7562612,Consumer Discretionary
CAH,Cardinal Health Inc. Common Stock,233.12,233.69000244140625,235.19000244140625,231.63999938964844,233.44000244140625,53981114506.0,1721816,Health Care
D,Dominion Energy Inc. Common Stock,61.02,61.13999938964844,62.08000183105469,61.0099983215332,62.0,53668673408.0,4047246,Utilities
DVN,Devon Energy Corporation Common Stock,47.98,47.47999954223633,48.18000030517578,47.209999084472656,48.02000045776367,52778000000.0,9975057,Energy
PSA,Public Storage Common Stock,281.66,283.1400146484375,287.7200012207031,281.6400146484375,285.8500061035156,52628817410.0,862281,Real Estate
SOMN,Southern Company (The) 2025 Series A Corporate Units,45.15,45.529998779296875,45.73500061035156,45.41999816894531,45.650001525878906,51938887915.0,158533,Utilities
FANG,Diamondback Energy Inc. Common Stock,184.08,182.0,185.77000427246094,182.0,184.97999572753906,51546882900.0,2836919,Energy
NDAQ,Nasdaq Inc. Common Stock,92.19,92.37000274658203,93.97000122070312,92.13999938964844,92.2699966430664,51532123925.0,3662602,Finance
SRE,DBA Sempra Common Stock,78.16,78.37000274658203,79.98999786376953,78.37000274658203,79.97000122070312,51108851200.0,3599658,Utilities
O,Realty Income Corporation Common Stock,53.77,54.0,54.369998931884766,53.88999938964844,54.25,50878143634.0,8211206,Real Estate
ROK,Rockwell Automation Inc. Common Stock,455.18,457.9200134277344,460.20001220703125,448.45001220703125,450.739990234375,50649677927.0,714239,Industrials
NKE,Nike Inc. Common Stock,33.96,33.70000076293945,34.619998931884766,33.5,34.61000061035156,50441087833.0,69574962,Consumer Discretionary
EW,Edwards Lifesciences Corporation Common Stock,87.23,87.54000091552734,87.87999725341797,85.94000244140625,86.4800033569336,50279372000.0,3316112,Health Care
HBANL,Huntington Bancshares Incorporated Depositary Shares Each Representing a 1/40th Interest in a Share of 6.875% Series J Non-Cumulative Perpetual Preferred Stock,24.67,24.559999465942383,24.915000915527344,24.559999465942383,24.75,49843633757.0,34495,Finance
COIN,Coinbase Global Inc. Class A Common Stock,188.22,188.50999450683594,192.8000030517578,184.8300018310547,185.74000549316406,49659385647.0,7828571,Finance
HONA,Honeywell Aerospace Inc. Common Stock ,155.74,156.19000244140625,160.0,154.9499969482422,157.38999938964844,49362217392.0,2503430,Industrials
WAB,Westinghouse Air Brake Technologies Corporation Common Stock,291.86,292.5899963378906,294.7200012207031,290.3800048828125,291.1600036621094,49298320973.0,1003329,Industrials
BDX,Becton Dickinson and Company Common Stock,180.67,183.35000610351562,187.4499969482422,180.1199951171875,180.3000030517578,49212123156.0,1644970,Health Care
VYLR,Vylor Inc. Common Stock,73.33,71.91000366210938,74.0999984741211,71.25,72.93000030517578,48925482680.0,17091307,Consumer Staples
VST,Vistra Corp. Common Stock,144.89,151.47000122070312,162.69000244140625,151.44000244140625,160.5,48630183404.0,10862081,Utilities
HUM,Humana Inc. Common Stock,404.07,405.0199890136719,408.0400085449219,396.0400085449219,404.2699890136719,48520850054.0,1519526,Health Care
STT,State Street Corporation Common Stock,176.37,177.0399932861328,177.0399932861328,173.8800048828125,175.75,48449150293.0,1879176,Finance
A,Agilent Technologies Inc. Common Stock,171.29,172.77000427246094,176.3800048828125,168.00999450683594,169.3300018310547,48291593402.0,1768934,Industrials
CRWV,CoreWeave Inc. Class A Common Stock,87.39,88.5999984741211,93.20999908447266,88.5999984741211,91.72000122070312,48198783649.0,18240617,Technology
P,Everpure Inc. Class A common stock,143.88,146.0,149.0449981689453,144.5,147.1999969482422,47944736874.0,4961707,Technology
EBAY,eBay Inc. Common Stock,107.14,106.61000061035156,107.25,104.70999908447266,107.05999755859375,47677300000.0,2757846,Consumer Discretionary
F,Ford Motor Company Common Stock,12.15,12.199999809265137,12.3100004196167,12.140000343322754,12.279999732971191,47588434631.0,35691948,Industrials
VMRK,Vivmark Residential Common Shares of Beneficial Interest,60.09,59.83000183105469,60.93000030517578,59.83000183105469,60.369998931884766,47320875000.0,6674680,Real Estate
SMCIP,Super Micro Computer Inc. Depositary Shares representing a 1/20th Interest in a Share of 7% Series A Mandatory Convertible Preferred Stock,72.0,72.80999755859375,73.48999786376953,72.01000213623047,72.43000030517578,47301507648.0,1354805,Technology
MDLN,Medline Inc. Class A Common Stock,35.8,35.97999954223633,36.875,35.29999923706055,35.54999923706055,47066528214.0,10615140,Health Care
ETR,Entergy Corporation Common Stock,100.82,101.36000061035156,103.30000305175781,101.0,103.25,47045787628.0,2128581,Utilities
PYPL,PayPal Holdings Inc. Common Stock,54.41,54.3849983215332,54.875,54.0,54.61000061035156,46545626154.0,8282194,Industrials
ADSK,Autodesk Inc. Common Stock,221.56,221.9199981689453,231.5500030517578,221.6999969482422,231.27999877929688,46306040000.0,3224446,Technology
TWLO,Twilio Inc. Class A Common Stock,300.91,302.1499938964844,308.3999938964844,278.0,280.4100036621094,46212319450.0,34886905,Technology
FITB,Fifth Third Bancorp Common Stock,50.8,51.13999938964844,51.369998931884766,50.630001068115234,51.0,46070142251.0,6862226,Finance
CARR,Carrier Global Corporation Common Stock ,55.73,55.95000076293945,56.709999084472656,55.6150016784668,56.099998474121094,45939635427.0,4902561,Industrials
VEEV,Veeva Systems Inc. Class A Common Stock,283.45,285.3399963378906,289.8699951171875,282.260009765625,283.5,45893063533.0,1324860,Technology
RKLB,Rocket Lab Corporation Common Stock,73.02,74.76000213623047,78.27999877929688,73.66000366210938,75.05999755859375,45839016142.0,19107885,Industrials
AZO,AutoZone Inc. Common Stock,2807.73,2823.159912109375,2921.0,2821.330078125,2898.570068359375,45837188994.0,219133,Consumer Discretionary
XYZ,Block Inc. Class A Common Stock,76.23,76.5,77.0199966430664,75.81999969482422,76.54000091552734,45798602850.0,3871804,Technology
WDAY,Workday Inc. Class A Common Stock,188.96,189.1300048828125,189.89999389648438,184.0800018310547,186.5500030517578,45539360000.0,2176611,Technology
XEL,Xcel Energy Inc. Common Stock,71.49,71.73999786376953,72.77999877929688,71.37000274658203,72.7300033569336,44655106536.0,4492688,Utilities
RVMD,Revolution Medicines Inc. Common Stock,207.68,208.57000732421875,208.57000732421875,195.0,199.8699951171875,44513387290.0,1425053,Health Care
AMP,Ameriprise Financial Inc. Common Stock,494.94,495.239990234375,497.8699951171875,489.3900146484375,496.6099853515625,44493662755.0,579005,Finance
ILMN,Illumina Inc. Common Stock,293.69,301.5799865722656,309.3500061035156,271.54998779296875,273.5400085449219,44347190000.0,4222950,Health Care
MCHP,Microchip Technology Incorporated Common Stock,81.49,82.16999816894531,82.55999755859375,80.76000213623047,81.26000213623047,44249778230.0,5831446,Technology
LHX,L3Harris Technologies Inc. Common Stock,236.88,236.3000030517578,239.4600067138672,235.3000030517578,237.89999389648438,44110518238.0,1273654,Industrials
NTAP,NetApp Inc. Common Stock,223.77,224.8000030517578,230.49000549316406,223.9499969482422,228.4499969482422,43952680749.0,3365753,Technology
IQV,IQVIA Holdings Inc. Common Stock,266.09,269.42999267578125,274.2799987792969,259.7900085449219,259.9800109863281,43798414000.0,1688072,Health Care
STRF,Strategy Inc 10.00% Series A Perpetual Strife Preferred Stock,103.4,103.69000244140625,103.69000244140625,103.4000015258789,103.41999816894531,43479390110.0,78931,Technology
WAT,Waters Corporation Common Stock,440.12,445.739990234375,454.5400085449219,431.6199951171875,436.42999267578125,43240958613.0,1007438,Industrials
CBRS,Cerebras Systems Inc. Class A Common Stock,181.55,178.72999572753906,184.66000366210938,175.1699981689453,177.10000610351562,43129751644.0,15493359,Technology
HEI,Heico Corporation Common Stock,301.57,302.4700012207031,303.7699890136719,295.1199951171875,303.260009765625,42146640626.0,480412,Industrials
EXC,Exelon Corporation Common Stock,40.82,41.0,41.70000076293945,40.91999816894531,41.68000030517578,42136606933.0,9027409,Utilities
TRI,Thomson Reuters Corporation Common Shares,97.08,97.08000183105469,99.0,95.91000366210938,98.08999633789062,42055056000.0,1044390,Consumer Discretionary
KDP,Keurig Dr Pepper Inc. Common Stock,30.89,30.979999542236328,31.420000076293945,30.809999465942383,31.1299991607666,42035916314.0,11692981,Consumer Staples
STRC,Strategy Inc Variable Rate Series A Perpetual Stretch Preferred Stock,99.48,99.56999969482422,99.6500015258789,99.44999694824219,99.47000122070312,41831041858.0,1396329,Technology
VTR,Ventas Inc. Common Stock,81.36,81.4800033569336,82.06999969482422,80.7699966430664,81.86000061035156,41733315768.0,7569484,Real Estate
IDXX,IDEXX Laboratories Inc. Common Stock,527.07,529.1400146484375,531.3800048828125,512.5399780273438,515.4099731445312,41523162810.0,588918,Health Care
IBKR,Interactive Brokers Group Inc. Class A Common Stock,89.05,89.37999725341797,91.8499984741211,89.05999755859375,90.58000183105469,40346611128.0,2936429,Finance
LYV,Live Nation Entertainment Inc. Common Stock,170.67,169.4600067138672,173.36000061035156,169.4600067138672,171.8000030517578,40215630886.0,2832380,Consumer Discretionary
MSCI,MSCI Inc. Common Stock,552.35,556.0,560.6199951171875,551.4099731445312,554.9199829101562,40155845000.0,488085,Consumer Discretionary
CRDO,Credo Technology Group Holding Ltd Ordinary Shares,212.48,213.0,226.60000610351562,209.61000061035156,220.8300018310547,39936023537.0,7747824,Technology
ADM,Archer-Daniels-Midland Company Common Stock,82.47,82.26000213623047,82.88999938964844,81.25,82.20999908447266,39747206810.0,4388653,Consumer Staples
AIG,American International Group Inc. New Common Stock,75.12,75.16000366210938,76.4000015258789,74.81999969482422,75.11000061035156,39279734855.0,4452237,Finance
HBANM,Huntington Bancshares Incorporated Depositary Shares each representing a 1/1000th interest in a share of Huntington Series I Preferred Stock,19.38,19.270000457763672,19.90999984741211,19.270000457763672,19.489999771118164,39155639328.0,9308,Finance
PRU,Prudential Financial Inc. Common Stock,113.48,113.87999725341797,115.51000213623047,113.38999938964844,113.54000091552734,39150600000.0,1487467,Finance
BTSGU,BrightSpring Health Services Inc. Tangible Equity Unit,197.35,197.35000610351562,197.35000610351562,197.35000610351562,197.35000610351562,39048507961.0,738,Health Care
CMG,Chipotle Mexican Grill Inc. Common Stock,30.85,30.760000228881836,31.459999084472656,30.610000610351562,30.899999618530273,39038145300.0,23621729,Consumer Discretionary
ARES,Ares Management Corporation Class A Common Stock,117.13,117.9000015258789,119.12999725341797,116.94000244140625,117.73999786376953,38685371833.0,1688668,Finance
ED,Consolidated Edison Inc. Common Stock,103.38,103.69999694824219,105.2300033569336,103.56999969482422,105.12000274658203,38232884080.0,2095514,Utilities
OKTA,Okta Inc. Class A Common Stock,218.29,222.3800048828125,226.44000244140625,216.68099975585938,218.6699981689453,38161660373.0,3150159,Technology
TTWO,Take-Two Interactive Software Inc. Common Stock,203.46,203.30999755859375,205.00999450683594,201.6999969482422,202.52999877929688,38043040933.0,2231075,Technology
MCHPP,Microchip Technology Incorporated Depositary Shares Each Representing a 1/20th Interest in a Share of 7.50% Series A Mandatory Convertible Preferred Stock,69.26,69.54000091552734,69.5999984741211,68.9749984741211,69.06999969482422,37608781939.0,150148,Technology
SYY,Sysco Corporation Common Stock,76.38,76.56999969482422,77.45999908447266,76.5199966430664,77.44999694824219,37573415805.0,5342545,Consumer Discretionary
HBANZ,Huntington Bancshares Incorporated Depositary Shares Each Representing a 1/1000th Interest in a Share of 5.50% Series L Non-Cumulative Perpetual Preferred Stock,18.57,18.530000686645508,18.950000762939453,18.530000686645508,18.709999084472656,37519103319.0,31145,Finance
CBRE,CBRE Group Inc Common Stock Class A,129.4,129.83999633789062,131.8699951171875,128.9600067138672,130.66000366210938,37471043561.0,2003834,Finance
YUM,Yum! Brands Inc.,136.97,137.02999877929688,139.97000122070312,136.75,139.83999633789062,37379261612.0,3172007,Consumer Discretionary
DHI,D.R. Horton Inc. Common Stock,133.23,132.2100067138672,137.63999938964844,132.2100067138672,136.75,37264599802.0,4891101,Consumer Discretionary
ODFL,Old Dominion Freight Line Inc. Common Stock,179.37,179.5399932861328,180.97000122070312,177.0,178.02000427246094,37193557288.0,2082165,Industrials
UI,Ubiquiti Inc. Common Stock,609.29,614.72998046875,629.0,609.75,626.47998046875,36879337259.0,109058,Technology
VIK,Viking Holdings Ltd Ordinary Shares,81.03,81.44000244140625,82.75,81.16000366210938,81.63999938964844,36122042740.0,3327461,Consumer Discretionary
ROP,Roper Technologies Inc. Common Stock,363.38,360.9800109863281,364.3599853515625,359.0799865722656,362.2799987792969,35938599594.0,712174,Industrials
UAL,United Airlines Holdings Inc. Common Stock,110.0,111.9800033569336,115.19999694824219,110.72000122070312,111.87000274658203,35704214920.0,4935516,Consumer Discretionary
PAYX,Paychex Inc. Common Stock,99.78,99.27999877929688,101.19000244140625,99.13999938964844,101.0199966430664,35519731596.0,2740930,Industrials
KR,Kroger Company (The) Common Stock,58.78,58.54999923706055,58.709999084472656,57.75,58.40999984741211,34714803786.0,6480457,Consumer Staples
STLD,Steel Dynamics Inc.,241.04,241.1199951171875,242.61000061035156,237.13999938964844,238.1699981689453,34547802332.0,1064616,Industrials
MLM,Martin Marietta Materials Inc. Common Stock,485.5,488.07000732421875,492.5799865722656,486.2699890136719,489.010009765625,34480370701.0,707454,Industrials
EME,EMCOR Group Inc. Common Stock,779.2,786.1799926757812,834.22998046875,785.0,824.52001953125,34370434859.0,396354,Industrials
CCL,Carnival Corporation Ltd. Common Shares,25.56,25.940000534057617,26.709999084472656,25.81999969482422,26.579999923706055,34368234897.0,22061701,Consumer Discretionary
PEG,Public Service Enterprise Group Incorporated Common Stock,68.68,69.12000274658203,71.87000274658203,69.12000274658203,71.7300033569336,34231487660.0,5451934,Utilities
HIG,The Hartford Insurance Group Inc. Common Stock,126.21,126.08999633789062,127.93000030517578,125.83000183105469,126.79000091552734,34186755372.0,2417159,Finance
EL,Estee Lauder Companies Inc. (The) Common Stock,93.3,94.04000091552734,95.0999984741211,93.30000305175781,93.36000061035156,33804714908.0,2787205,Consumer Discretionary
PPLC,PPL Corporation Corporate Units,44.81,44.86000061035156,45.529998779296875,44.86000061035156,45.47999954223633,33721534325.0,8051,Utilities
VG,Venture Global Inc. Class A common stock,13.45,13.350000381469727,13.8100004196167,13.34000015258789,13.510000228881836,33626248846.0,11018462,Utilities
TKO,TKO Group Holdings Inc. Class A Common Stock,177.04,177.27000427246094,178.7899932861328,175.19000244140625,176.4600067138672,33508309990.0,1423901,Consumer Discretionary
AXON,Axon Enterprise Inc. Common Stock,411.81,416.9200134277344,424.239990234375,412.9599914550781,418.6199951171875,33454379871.0,1055136,Industrials
ON,ON Semiconductor Corporation Common Stock,85.93,86.9000015258789,86.91999816894531,85.22000122070312,86.30999755859375,33454148415.0,11339616,Technology
IRM,Iron Mountain Incorporated (Delaware)Common Stock REIT,112.33,113.95999908447266,117.41000366210938,113.95999908447266,116.5,33440956872.0,1818315,Real Estate
KVUE,Kenvue Inc. Common Stock,17.39,17.459999084472656,17.645000457763672,17.40999984741211,17.59000015258789,33402250591.0,13931248,Consumer Discretionary
PCG,Pacific Gas & Electric Co. Common Stock,12.35,12.390000343322754,12.5,12.279999732971191,12.5,33099364626.0,30659057,Utilities
RKT,Rocket Companies Inc. Class A Common Stock,11.68,11.729999542236328,11.895000457763672,11.520000457763672,11.59000015258789,33073583477.0,27041808,Finance
BIIB,Biogen Inc. Common Stock,223.59,224.52999877929688,225.97000122070312,218.0,222.88999938964844,33036316413.0,951321,Health Care
WEC,WEC Energy Group Inc. Common Stock,101.3,101.87000274658203,103.29000091552734,101.69999694824219,103.19000244140625,33008542498.0,2765255,Utilities
ZS,Zscaler Inc. Common Stock,201.8,210.39500427246094,215.50999450683594,205.02000427246094,212.25,32904438056.0,2389315,Technology
DXCM,DexCom Inc. Common Stock,86.9,86.27999877929688,86.75,82.86000061035156,83.38999938964844,32792650479.0,3079594,Health Care
RPRX,Royalty Pharma plc Class A Ordinary Shares ,56.66,56.65999984741211,57.130001068115234,56.040000915527344,56.439998626708984,32579568219.0,3958232,Health Care
HSY,The Hershey Company Common Stock,161.01,160.8300018310547,161.83999633789062,159.52999877929688,160.8000030517578,32351040034.0,1594374,Consumer Staples
STRK,Strategy Inc 8.00% Series A Perpetual Strike Preferred Stock,76.85,77.0,77.12999725341797,75.7699966430664,75.7699966430664,32315194681.0,80895,Technology
EQT,EQT Corporation Common Stock,51.12,51.29999923706055,52.540000915527344,51.060001373291016,52.470001220703125,31976377920.0,8515405,Energy
RBLX,Roblox Corporation Class A Common Stock,44.58,44.36000061035156,45.900001525878906,43.56999969482422,45.560001373291016,31846879450.0,10106762,Technology
VMC,Vulcan Materials Company (Holding Company) Common Stock,245.57,247.02000427246094,249.89999389648438,246.5,248.85000610351562,31820650936.0,1015546,Industrials
CNC,Centene Corporation Common Stock,64.3,64.23999786376953,64.76000213623047,63.61000061035156,64.61000061035156,31763878500.0,4539421,Health Care
KMB,Kimberly-Clark Corporation Common Stock,95.41,95.88999938964844,97.20999908447266,95.5999984741211,96.7699966430664,31731366016.0,3158563,Consumer Discretionary
SUNB,Sunbelt Rentals Holdings Inc. Common Stock,77.39,77.63999938964844,79.83000183105469,77.22000122070312,78.52999877929688,31711705379.0,4352324,Consumer Discretionary
JBL,Jabil Inc. Common Stock,300.94,300.32000732421875,309.25,299.0,309.19000244140625,31534626564.0,1045961,Technology
MTB,M&T Bank Corporation Common Stock,218.26,219.2100067138672,220.61000061035156,218.08999633789062,218.74000549316406,31520293344.0,1206400,Finance
HBANP,Huntington Bancshares Incorporated Depositary Shares 4.500% Series H Non-Cumulative Perpetual Preferred Stock,15.58,15.579999923706055,15.9399995803833,15.142999649047852,15.75,31478062989.0,128359,Finance
RMD,ResMed Inc. Common Stock,222.86,223.89999389648438,225.22999572753906,219.9600067138672,220.69000244140625,31342861695.0,976466,Health Care
NTRS,Northern Trust Corporation Common Stock,170.67,170.3300018310547,171.05999755859375,168.9600067138672,169.4600067138672,31225041298.0,995068,Finance
STRD,Strategy Inc 10.00% Series A Perpetual Stride Preferred Stock,73.65,73.75,73.97000122070312,72.18000030517578,72.4800033569336,30969604271.0,57022,Technology
RJF,Raymond James Financial Inc. Common Stock,160.8,161.08999633789062,162.1699981689453,159.35000610351562,159.42999267578125,30931763129.0,1099118,Finance
HBAN,Huntington Bancshares Incorporated Common Stock,15.29,15.3100004196167,15.449999809265137,15.239999771118164,15.329999923706055,30892142690.0,19460602,Finance
CQP,Cheniere Energy Partners LP Common Units,63.26,62.95000076293945,63.970001220703125,62.540000915527344,63.970001220703125,30621490355.0,81041,Utilities
IR,Ingersoll Rand Inc. Common Stock,78.55,79.12999725341797,80.54499816894531,78.87999725341797,79.20999908447266,30477355148.0,4305500,Industrials
AGNCN,AGNC Investment Corp. Depositary Shares Each Representing a 1/1000th Interest in a Share of 7.00% Series C Fixed-To-Floating Rate Cumulative Redeemable Preferred Stock,25.3414,25.479999542236328,25.479999542236328,25.290000915527344,25.31999969482422,30041759541.0,28808,Real Estate
AGNCO,AGNC Investment Corp. Depositary Shares each representing a 1/1000th interest in a share of 6.50% Series E Fixed-to-Floating Cumulative Redeemable Preferred Stock,25.19,25.149999618530273,25.238000869750977,25.110000610351562,25.1299991607666,29862277650.0,22797,Real Estate
EXPE,Expedia Group Inc. Common Stock,260.17,261.6000061035156,266.8800048828125,253.16000366210938,260.07000732421875,29788395961.0,1292814,Consumer Discretionary
AGNCL,AGNC Investment Corp. Depositary Shares Each Representing a 1/1000th Interest in a Share of 7.75% Series G Fixed-Rate Reset Cumulative Redeemable Preferred Stock,25.12,25.170000076293945,25.260000228881836,25.12299919128418,25.149999618530273,29779293949.0,21782,Real Estate
GEHC,GE HealthCare Technologies Inc. Common Stock ,65.74,66.04000091552734,66.55000305175781,64.6709976196289,64.7699966430664,29693854206.0,4299794,Health Care
AGNCM,AGNC Investment Corp. Depositary Shares rep 6.875% Series D Fixed-to-Floating Cumulative Redeemable Preferred Stock,24.92,24.770000457763672,24.88800048828125,24.700000762939453,24.700000762939453,29542197659.0,33600,Real Estate
ZTS,Zoetis Inc. Class A Common Stock,71.41,71.87999725341797,72.30000305175781,70.58999633789062,71.33000183105469,29508297419.0,3645121,Health Care
AGNCP,AGNC Investment Corp. Depositary Shares Each Representing a 1/1000th Interest in a Share of 6.125% Series F Fixed-to-Floating Rate Cumulative Redeemable Preferred Stock,24.83,24.81999969482422,24.940000534057617,24.667999267578125,24.68000030517578,29435504329.0,134530,Real Estate
ALNY,Alnylam Pharmaceuticals Inc. Common Stock,219.89,221.02000427246094,229.17999267578125,217.17999267578125,223.94000244140625,29423286957.0,1281106,Health Care
AGNCZ,AGNC Investment Corp. Depositary Shares Each Representing a 1/1000th Interest in a Share of 8.75% Series H Fixed-Rate Cumulative Redeemable Preferred Stock,24.66,24.610000610351562,24.84000015258789,24.40999984741211,24.479999542236328,29233972483.0,165264,Real Estate
RDDT,Reddit Inc. Class A Common Stock,150.42,151.5,151.5,147.77999877929688,148.9499969482422,28940283034.0,5203382,Technology
MDB,MongoDB Inc. Class A Common Stock,359.23,364.79998779296875,374.7900085449219,359.45001220703125,360.7099914550781,28938254377.0,2947055,Technology
CCI,Crown Castle Inc. Common Stock,67.58,67.87000274658203,68.69999694824219,67.54000091552734,68.27999877929688,28752278568.0,3258030,Real Estate
TDY,Teledyne Technologies Incorporated Common Stock,619.64,622.1099853515625,625.3499755859375,618.4199829101562,622.219970703125,28723829218.0,169567,Industrials
ECHO,EchoStar  Corporation Common Stock,98.21,99.80999755859375,100.9000015258789,97.86000061035156,100.01000213623047,28561024039.0,6795863,Consumer Discretionary
HPQ,HP Inc. Common Stock,31.47,31.450000762939453,32.68000030517578,31.450000762939453,31.729999542236328,28379361794.0,8913074,Technology
SMCI,Super Micro Computer Inc. Common Stock,43.19,43.869998931884766,44.7400016784668,43.02000045776367,43.459999084472656,28374334935.0,22119848,Technology
WSM,Williams-Sonoma Inc. Common Stock (DE),238.7,240.6999969482422,246.42999267578125,239.22000122070312,242.25,28113888595.0,1202957,Consumer Discretionary
EXR,Extra Space Storage Inc Common Stock,132.91,133.4499969482422,135.5399932861328,132.91000366210938,133.88999938964844,28079836954.0,1118329,Real Estate
AEE,Ameren Corporation Common Stock,99.7,100.19000244140625,101.70999908447266,99.5,101.68000030517578,27601272125.0,2467350,Utilities
Q,Qnity Electronics Inc. Common Stock,131.53,132.5,133.66000366210938,130.49000549316406,133.6300048828125,27517199661.0,1901967,Technology
ZM,Zoom Communications Inc. Class A Common Stock,93.62,94.02999877929688,94.9000015258789,93.44999694824219,94.19999694824219,27316791024.0,2103740,Technology
HAL,Halliburton Company Common Stock,32.78,32.5,32.810001373291016,31.959999084472656,32.720001220703125,27310013430.0,9045708,Energy
CFG,Citizens Financial Group Inc. Common Stock,64.31,64.41000366210938,64.76499938964844,63.72999954223633,64.08999633789062,27085879236.0,3489209,Finance
GFS,GlobalFoundries Inc. Ordinary Shares,48.56,48.83000183105469,49.470001220703125,48.5,48.630001068115234,27068247362.0,4463854,Technology
FTS,Fortis Inc. Common Shares,52.57,52.849998474121094,53.15999984741211,52.63999938964844,52.939998626708984,26858013000.0,854455,Utilities
SYF,Synchrony Financial Common Stock,71.88,72.55000305175781,72.8499984741211,71.75,72.16000366210938,26743496550.0,2213288,Finance
ATO,Atmos Energy Corporation Common Stock,158.05,158.91000366210938,159.9499969482422,157.83999633789062,159.74000549316406,26708640802.0,857451,Utilities
FOXA,Fox Corporation Class A Common Stock,63.33,63.279998779296875,63.52000045776367,61.084999084472656,62.08000183105469,26704590481.0,5044025,Industrials
WST,West Pharmaceutical Services Inc. Common Stock,376.76,379.0199890136719,381.1600036621094,367.6400146484375,372.6400146484375,26514772091.0,683349,Health Care
VRSN,VeriSign Inc. Common Stock,292.26,291.8399963378906,294.8800048828125,290.45001220703125,293.1000061035156,26391078000.0,1136248,Technology
CPAY,Corpay Inc. Common Stock,401.72,403.5299987792969,406.95001220703125,401.6300048828125,406.7900085449219,26376774110.0,481384,Consumer Discretionary
DG,Dollar General Corporation Common Stock,119.32,120.7699966430664,124.72000122070312,120.47000122070312,123.2699966430664,26323995383.0,1717655,Consumer Discretionary
ATI,ATI Inc. Common Stock,193.09,194.57000732421875,195.82000732421875,189.42999267578125,194.69000244140625,26293139253.0,1529462,Industrials
CTSH,Cognizant Technology Solutions Corporation Class A Common Stock,58.17,58.459999084472656,58.72999954223633,56.93000030517578,57.220001220703125,26202339638.0,3478374,Technology
LPLA,LPL Financial Holdings Inc. Common Stock,331.98,331.8699951171875,336.07000732421875,330.5299987792969,332.3900146484375,26140865434.0,1350625,Finance
DTE,DTE Energy Company Common Stock,125.04,125.7300033569336,128.22999572753906,125.4800033569336,128.22000122070312,26019332148.0,1852202,Utilities
FFIV,F5 Inc. Common Stock,458.53,463.0,472.0,460.32000732421875,469.7900085449219,25965261762.0,378070,Telecommunications
SYM,Symbotic Inc. Class A Common Stock,42.87,43.209999084472656,44.349998474121094,42.654998779296875,44.150001525878906,25927849222.0,1365076,Industrials
WRB,W.R. Berkley Corporation Common Stock,69.77,69.75,70.87000274658203,69.4800033569336,69.6500015258789,25900544698.0,2316593,Finance
KHC,The Kraft Heinz Company Common Stock,21.84,21.90999984741211,22.25,21.760000228881836,22.030000686645508,25898390875.0,16426934,Consumer Staples
DOV,Dover Corporation Common Stock,191.3,192.8800048828125,194.77000427246094,191.41000366210938,191.8800048828125,25764327043.0,915166,Industrials
SN,SharkNinja Inc. Ordinary Shares,182.69,183.47000122070312,185.68800354003906,182.3800048828125,184.72000122070312,25735823835.0,1292320,Consumer Discretionary
DGX,Quest Diagnostics Incorporated Common Stock,232.22,229.9199981689453,232.08999633789062,225.77999877929688,228.38999938964844,25630901659.0,1014604,Health Care
CPRT,Copart Inc. (DE) Common Stock,27.65,27.510000228881836,27.65999984741211,26.639999389648438,26.81999969482422,25613036998.0,11328674,Consumer Discretionary
CPNG,Coupang Inc. Class A Common Stock,14.2,14.329999923706055,14.555000305175781,14.140999794006348,14.420000076293945,25524666168.0,34506738,Consumer Discretionary
ENTG,Entegris Inc. Common Stock,166.92,168.47999572753906,169.3000030517578,166.14999389648438,166.88999938964844,25505376000.0,2274468,Industrials
RBRK,Rubrik Inc. Class A Common Stock,122.68,125.4000015258789,127.9000015258789,124.55000305175781,125.80000305175781,25432107840.0,4109093,Technology
AWK,American Water Works Company Inc. Common Stock,127.84,128.07000732421875,128.99000549316406,127.0199966430664,128.0399932861328,25405513954.0,1821129,Utilities
HUBB,Hubbell Inc Common Stock,480.65,483.510009765625,492.6300048828125,482.0,485.4100036621094,25393975251.0,399964,Technology
FE,FirstEnergy Corp. Common Stock,43.64,43.869998931884766,44.2599983215332,43.79999923706055,44.2599983215332,25251846632.0,4334688,Utilities
EXPD,Expeditors International of Washington Inc. Common Stock,194.12,193.5399932861328,194.41000366210938,191.2100067138672,191.8000030517578,25233779543.0,1633321,Industrials
AFRM,Affirm Holdings Inc. Class A Common Stock,74.75,76.33499908447266,76.5,74.08000183105469,74.87999725341797,25222238886.0,4263755,Finance
GH,Guardant Health Inc. Common Stock,187.22,188.0,191.0500030517578,170.0500030517578,170.69000244140625,25124206947.0,1746863,Health Care
OTIS,Otis Worldwide Corporation Common Stock ,65.88,66.48999786376953,66.75,65.94000244140625,66.44999694824219,25078496053.0,5737185,Technology
MTSI,MACOM Technology Solutions Holdings Inc. Common Stock,328.3,334.2200012207031,353.5400085449219,333.2200012207031,350.6700134277344,25072576647.0,1187189,Technology
TW,Tradeweb Markets Inc. Class A Common Stock,107.11,109.79000091552734,109.79000091552734,105.83000183105469,107.54000091552734,25066767143.0,1721924,Finance
LH,Labcorp Holdings Inc. Common Stock,308.65,310.4100036621094,312.760009765625,304.9200134277344,311.7099914550781,25031515000.0,706202,Health Care
CINF,Cincinnati Financial Corporation Common Stock,162.14,161.75,163.8699951171875,161.4600067138672,163.0800018310547,24884930216.0,607609,Finance
CNP,CenterPoint Energy Inc (Holding Co) Common Stock,37.75,38.060001373291016,38.58000183105469,37.84000015258789,38.560001373291016,24866690872.0,7442025,Utilities
IOT,Samsara Inc. Class A Common Stock,42.39,42.70000076293945,42.9900016784668,41.439998626708984,41.7400016784668,24823804810.0,8076860,Technology
VICI,VICI Properties Inc. Common Stock,22.53,22.579999923706055,22.889999389648438,22.559999465942383,22.729999542236328,24807277472.0,8932061,Real Estate
PPL,PPL Corporation Common Stock,32.95,33.13999938964844,33.72999954223633,33.099998474121094,33.70000076293945,24796352511.0,6790622,Utilities
FISV,Fiserv Inc. Common Stock,46.14,46.279998779296875,46.279998779296875,45.43000030517578,45.47999954223633,24535716507.0,5899367,Consumer Discretionary
ES,Eversource Energy (D/B/A) Common Stock,64.69,65.0199966430664,65.44999694824219,64.5199966430664,65.26000213623047,24367089836.0,2325204,Utilities
XYL,Xylem Inc. Common Stock New,102.42,102.76000213623047,105.06999969482422,102.5,104.56999969482422,23913719285.0,1786709,Industrials
FOX,Fox Corporation Class B Common Stock,56.7,56.459999084472656,56.70000076293945,54.78499984741211,55.58000183105469,23908894367.0,1055506,Industrials
FWONK,Liberty Media Corporation Series C Common Stock,95.0,95.5999984741211,96.52999877929688,94.7699966430664,95.54000091552734,23817306075.0,3600874,Industrials
TPL,Texas Pacific Land Corporation Common Stock,344.67,343.9100036621094,358.0,343.5,355.1600036621094,23773503990.0,270808,Energy
PFG,Principal Financial Group Inc Common Stock,111.03,110.5999984741211,111.86000061035156,109.36000061035156,109.69999694824219,23772038290.0,1403035,Finance
LVS,Las Vegas Sands Corp. Common Stock,36.61,36.66999816894531,36.70000076293945,36.279998779296875,36.310001373291016,23712340346.0,5863778,Consumer Discretionary
FCNCA,First Citizens BancShares Inc. Class A Common Stock,2091.07,2094.93994140625,2101.070068359375,2065.0,2088.1298828125,23614704438.0,67418,Finance
VLTO,Veralto Corp Common Stock ,96.57,96.80999755859375,97.3499984741211,96.12200164794922,96.44999694824219,23543123230.0,2269739,Industrials
PPG,PPG Industries Inc. Common Stock,105.27,105.94999694824219,106.86000061035156,105.5999984741211,106.5199966430664,23401521000.0,1588575,Consumer Discretionary
TPR,Tapestry Inc. Common Stock,116.95,116.73999786376953,116.80000305175781,115.0999984741211,116.75,23360811853.0,2495512,Consumer Discretionary
ULTA,Ulta Beauty Inc. Common Stock,542.72,540.8300170898438,551.5,540.0,547.2899780273438,23205334661.0,305940,Consumer Discretionary
INCY,Incyte Corp. Common Stock,114.13,114.12999725341797,114.97000122070312,111.66999816894531,112.7300033569336,23133893751.0,1949225,Health Care
RF,Regions Financial Corporation Common Stock,27.07,27.190000534057617,27.40999984741211,26.989999771118164,27.049999237060547,23061731727.0,10662868,Finance
UTHR,United Therapeutics Corporation Common Stock,536.4,537.1900024414062,546.1599731445312,527.3300170898438,541.6199951171875,23006567189.0,834185,Health Care
CASY,Casey's General Stores Inc. Common Stock,617.33,620.0399780273438,633.3699951171875,612.8300170898438,620.7999877929688,22816619894.0,607444,Consumer Discretionary
ROKU,Roku Inc. Class A Common Stock,153.41,153.5,153.74400329589844,151.22000122070312,152.05999755859375,22768954034.0,1953333,Telecommunications
ASTS,AST SpaceMobile Inc. Class A Common Stock,58.44,60.029998779296875,64.75,60.029998779296875,63.119998931884766,22742948349.0,8123747,Consumer Discretionary
CHD,Church & Dwight Company Inc. Common Stock,95.66,96.12999725341797,97.41999816894531,95.9800033569336,96.54000091552734,22690925744.0,2011715,Consumer Discretionary
INSM,Insmed Incorporated Common Stock,103.83,103.97000122070312,107.87000274658203,101.31999969482422,105.2300033569336,22674551456.0,5395745,Health Care
DRI,Darden Restaurants Inc. Common Stock,199.72,200.52000427246094,203.5,199.10000610351562,203.13999938964844,22596964697.0,1046754,Consumer Discretionary
TROW,T. Rowe Price Group Inc. Common Stock,103.93,104.18000030517578,104.55000305175781,103.19000244140625,103.5999984741211,22169916291.0,1848861,Finance
SNX,TD SYNNEX Corporation Common Stock,277.28,280.1099853515625,282.0,277.9100036621094,278.3800048828125,22120708250.0,1010255,Technology
PS,Pershing Square Inc. Common Stock,54.87,55.5,60.400001525878906,55.0,59.75,21948000000.0,178554,Finance
FWONA,Liberty Media Corporation Series A Common Stock,87.49,88.0199966430664,88.69999694824219,87.58999633789062,87.7300033569336,21934485353.0,331316,Industrials
RL,Ralph Lauren Corporation Common Stock,365.54,367.1400146484375,368.9200134277344,362.45001220703125,368.6700134277344,21779691644.0,446257,Industrials
GPN,Global Payments Inc. Common Stock,82.18,82.61000061035156,82.9800033569336,81.25,81.79000091552734,21746339290.0,2421725,Consumer Discretionary
L,Loews Corporation Common Stock,105.67,105.83000183105469,107.11000061035156,104.87999725341797,106.45999908447266,21601877172.0,1129961,Finance
JBHT,J.B. Hunt Transport Services Inc. Common Stock,229.74,230.85000610351562,230.9499969482422,225.27000427246094,225.92999267578125,21576018086.0,816805,Industrials
KEY,KeyCorp Common Stock,20.18,20.299999237060547,20.350000381469727,20.010000228881836,20.139999389648438,21534654220.0,12633397,Finance
XPO,XPO Inc. Common Stock,182.86,184.5800018310547,185.89999389648438,182.41000366210938,183.49000549316406,21410430990.0,1375393,Consumer Discretionary
MKL,Markel Group Inc. Common Stock,1726.58,1730.1300048828125,1749.1800537109375,1720.050048828125,1738.3299560546875,21392253684.0,120489,Finance
PHM,PulteGroup Inc. Common Stock,113.98,113.97000122070312,116.48999786376953,113.97000122070312,116.0999984741211,21365840509.0,1604168,Consumer Discretionary
SITM,SiTime Corporation Common Stock,710.04,720.6900024414062,731.489990234375,702.5999755859375,711.0599975585938,21351638401.0,259187,Technology
VRSK,Verisk Analytics Inc. Common Stock,163.28,163.0399932861328,165.97000122070312,162.66000366210938,165.1999969482422,21251873639.0,1078063,Technology
IFF,International Flavors & Fragrances Inc. Common Stock,83.26,84.01000213623047,84.62000274658203,83.51000213623047,83.91999816894531,21243785919.0,1646171,Industrials
DLTR,Dollar Tree Inc. Common Stock,113.19,113.55999755859375,117.97000122070312,113.55999755859375,116.19000244140625,21237873544.0,2194100,Consumer Discretionary
CRCL,Circle Internet Group Inc. Class A Common Stock,83.3,83.80000305175781,86.73999786376953,83.11199951171875,84.12999725341797,21147860887.0,9517801,Finance
RIVN,Rivian Automotive Inc. Class A Common Stock,14.6,14.579999923706055,14.829999923706055,14.425000190734863,14.510000228881836,21138765198.0,26154455,Industrials
ARXS,Arxis Inc. Class A Common Stock,50.13,50.36000061035156,50.40999984741211,49.119998931884766,49.4900016784668,20927990168.0,1081113,Industrials
THC,Tenet Healthcare Corporation Common Stock,259.47,260.7200012207031,263.4599914550781,257.05999755859375,258.4700012207031,20892264930.0,693189,Health Care
EIX,Edison International Common Stock,54.24,54.47999954223633,54.709999084472656,53.599998474121094,54.25,20872310221.0,4791192,Utilities
PTC,PTC Inc. Common Stock,192.26,193.0,193.4199981689453,192.5800018310547,193.0,20861413740.0,29553328,Technology
RS,Reliance Inc. Common Stock,408.24,410.989990234375,412.989990234375,401.3299865722656,401.489990234375,20842511533.0,380389,Industrials
SOJC,Southern Company (The) Series 2017B 5.25% Junior Subordinated Notes due December 1 2077,18.77,18.700000762939453,18.850000381469727,18.68000030517578,18.700000762939453,20647889829.0,38852,Utilities
OMC,Omnicom Group Inc. Common Stock,75.25,75.37999725341797,75.94000244140625,74.52999877929688,75.0999984741211,20644534017.0,2358592,Consumer Discretionary
BG,Bunge Limited Common Shares,107.32,106.86000061035156,108.0999984741211,106.02999877929688,107.33000183105469,20618224280.0,1835588,Consumer Staples
DOW,Dow Inc. Common Stock ,28.51,28.149999618530273,28.594999313354492,28.0,28.15999984741211,20593933671.0,7164939,Industrials
STE,STERIS plc (Ireland) Ordinary Shares,211.07,211.67999267578125,213.1699981689453,207.97000122070312,208.64999389648438,20579348218.0,804193,Health Care
SOFI,SoFi Technologies Inc. Common Stock  ,15.92,16.010000228881836,16.165000915527344,15.729999542236328,15.760000228881836,20561799558.0,48168367,Finance
DINO,HF Sinclair Corporation Common Stock,115.22,113.58999633789062,116.08999633789062,113.33999633789062,114.5999984741211,20484255082.0,2256283,Energy
LUV,Southwest Airlines Company Common Stock,41.85,42.34000015258789,43.15999984741211,41.86000061035156,42.45000076293945,20473363212.0,5795367,Consumer Discretionary
USFD,US Foods Holding Corp. Common Stock,94.63,95.31999969482422,96.93000030517578,95.12999725341797,96.52999877929688,20471376317.0,2193142,Consumer Discretionary
PKG,Packaging Corporation of America Common Stock,229.31,229.7100067138672,231.89999389648438,227.52000427246094,229.74000549316406,20431130944.0,489675,Consumer Discretionary
BRO,Brown & Brown Inc. Common Stock,60.93,60.709999084472656,61.40999984741211,60.380001068115234,60.970001220703125,20387809052.0,2263055,Finance
NRG,NRG Energy Inc. Common Stock,96.8,101.0,105.72000122070312,100.12999725341797,103.5999984741211,20348374754.0,3223453,Utilities
VTRS,Viatris Inc. Common Stock,17.62,17.770000457763672,17.8700008392334,17.309999465942383,17.540000915527344,20238171024.0,6357202,Health Care
AQNB,Algonquin Power & Utilities Corp. 6.20% Fixed-to-Floating Subordinated Notes Series 2019-A due July 1 2079,26.31,26.209999084472656,26.450000762939453,26.209999084472656,26.270000457763672,20206737776.0,11292,Utilities
U,Unity Software Inc. Common Stock,45.68,45.880001068115234,45.880001068115234,44.44499969482422,44.95000076293945,20103262459.0,8743047,Technology
CMS,CMS Energy Corporation Common Stock,64.03,64.3499984741211,65.11000061035156,64.0999984741211,65.06999969482422,20078344018.0,5368857,Utilities
EXE,Expand Energy Corporation Common Stock,86.43,86.37999725341797,88.41999816894531,86.0,88.2300033569336,20008872483.0,2396550,Energy
CW,Curtiss-Wright Corporation Common Stock,540.79,544.989990234375,558.219970703125,541.2000122070312,553.3499755859375,19973777971.0,379602,Technology
NTNX,Nutanix Inc. Class A Common Stock,73.41,73.80000305175781,74.04000091552734,72.5999984741211,73.41000366210938,19862556840.0,3373757,Technology
RGLD,Royal Gold Inc. Common Stock,233.64,236.55999755859375,237.24000549316406,232.1199951171875,234.35000610351562,19795816509.0,701209,Industrials
WWD,Woodward Inc. Common Stock,332.96,334.7099914550781,334.7099914550781,326.3900146484375,332.55999755859375,19659896227.0,782200,Energy
SOJD,Southern Company (The) Series 2020A 4.95% Junior Subordinated Notes due January 30 2080,17.766,17.850000381469727,17.87700080871582,17.690000534057617,17.690000534057617,19543442233.0,116820,Utilities
CRS,Carpenter Technology Corporation Common Stock,392.2,396.17999267578125,398.0,385.25,395.7099914550781,19436869585.0,927748,Industrials
STZ,Constellation Brands Inc. Common Stock,113.31,113.83000183105469,116.7699966430664,112.98999786376953,115.66999816894531,19350904357.0,2944776,Consumer Staples
SNA,Snap-On Incorporated Common Stock,367.4,368.42999267578125,371.7200012207031,367.57000732421875,368.6099853515625,19004545358.0,224222,Consumer Discretionary
MKSI,MKS Inc. Common Stock,280.5,285.3999938964844,286.3800048828125,276.55999755859375,281.4100036621094,18966725019.0,1125353,Industrials
NI,NiSource Inc Common Stock,39.55,40.25,40.70000076293945,39.59000015258789,40.66999816894531,18966601955.0,4073110,Utilities
FSLR,First Solar Inc. Common Stock,176.16,177.5,181.42999267578125,176.6999969482422,179.8000030517578,18931877854.0,1542145,Technology
LSCC,Lattice Semiconductor Corporation Common Stock,132.85,135.61000061035156,136.13999938964844,133.44000244140625,134.47000122070312,18868721635.0,2260824,Technology
WES,Western Midstream Partners LP Common Units Representing Limited Partner Interests,45.59,45.630001068115234,46.41999816894531,45.5,46.18000030517578,18836629695.0,514990,Utilities
NDSN,Nordson Corporation Common Stock,334.43,334.42999267578125,338.17999267578125,331.82000732421875,334.2200012207031,18627538971.0,333834,Industrials
PR,Permian Resources Corporation Class A Common Stock,22.23,22.18000030517578,22.489999771118164,22.0,22.350000381469727,18618892755.0,8498122,Energy
SSNC,SS&C Technologies Holdings Inc. Common Stock,79.08,79.12999725341797,79.62000274658203,77.72000122070312,77.98999786376953,18556517084.0,1347541,Technology
ITT,ITT Inc. Common Stock ,206.2,207.58999633789062,210.55999755859375,204.55999755859375,207.30999755859375,18434280000.0,727066,Industrials
WCC,WESCO International Inc. Common Stock,377.09,380.0199890136719,388.6400146484375,376.6300048828125,384.0899963378906,18376671915.0,555903,Consumer Discretionary
BBY,Best Buy Co. Inc. Common Stock,87.39,87.05000305175781,87.41000366210938,84.80999755859375,84.8499984741211,18328103528.0,2926589,Consumer Discretionary
EVRG,Evergy Inc. Common Stock,79.09,79.48999786376953,80.4000015258789,79.20999908447266,80.3499984741211,18235557633.0,1951102,Utilities
TSN,Tyson Foods Inc. Common Stock,51.71,51.880001068115234,52.40999984741211,51.84000015258789,51.970001220703125,18191656186.0,3965520,Consumer Staples
SMTC,Semtech Corporation Common Stock,192.83,196.2899932861328,200.10000610351562,192.57000732421875,197.1999969482422,17995980462.0,1858825,Technology
BR,Broadridge Financial Solutions Inc. Common Stock,159.08,157.52000427246094,160.49000549316406,157.52000427246094,158.66000366210938,17960137091.0,702139,Consumer Discretionary
ZBRA,Zebra Technologies Corporation Class A Common Stock,375.66,377.3500061035156,390.79998779296875,374.6300048828125,385.7799987792969,17772722536.0,348647,Industrials
LEN,Lennar Corporation Class A Common Stock,74.44,74.94999694824219,77.72000122070312,74.94999694824219,77.41000366210938,17709293791.0,10671671,Consumer Discretionary
DD,DuPont de Nemours Inc. Common Stock,130.69,131.35000610351562,134.0,130.67999267578125,133.27999877929688,17648766403.0,700667,Industrials
MTZ,MasTec Inc. Common Stock,219.4,222.2899932861328,233.2100067138672,221.0,228.3000030517578,17618905591.0,1301408,Industrials
APG,APi Group Corporation Common Stock,40.66,40.90999984741211,41.584999084472656,40.78499984741211,41.400001525878906,17571637676.0,4447466,Consumer Discretionary
RVTY,Revvity Inc. Common Stock,157.36,161.6199951171875,166.25,151.4499969482422,153.3000030517578,17559236061.0,1551512,Industrials
CF,CF Industries Holdings Inc. Common Stock,116.02,115.5,116.95999908447266,115.0,116.0199966430664,17558249843.0,2089372,Industrials
SOJE,Southern Company (The) Series 2020C 4.20% Junior Subordinated Notes due October 15 2060,16.04,15.949999809265137,16.110000610351562,15.949999809265137,15.979999542236328,17556834421.0,124649,Utilities
CDE,Coeur Mining Inc. Common Stock,17.05,17.329999923706055,17.389999389648438,16.770000457763672,17.170000076293945,17526291716.0,28525203,Basic Materials
ESS,Essex Property Trust Inc. Common Stock,271.93,272.3699951171875,276.8500061035156,271.57000732421875,272.489990234375,17476516617.0,437664,Real Estate
ZBH,Zimmer Biomet Holdings Inc. Common Stock,91.57,91.41000366210938,91.94999694824219,89.55000305175781,89.68000030517578,17465850182.0,2293176,Health Care
GPC,Genuine Parts Company Common Stock,126.24,126.94999694824219,128.91000366210938,126.91999816894531,127.37999725341797,17403415850.0,707948,Consumer Discretionary
DT,Dynatrace Inc. Common Stock,60.21,60.84000015258789,61.58000183105469,60.5,61.04999923706055,17400818127.0,5992171,Technology
EWBC,East West Bancorp Inc. Common Stock,126.84,127.36000061035156,128.49000549316406,126.63999938964844,127.12000274658203,17378583815.0,929792,Finance
TOST,Toast Inc. Class A Common Stock,30.04,30.06999969482422,30.639999389648438,29.979999542236328,30.25,17363120000.0,12415187,Technology
IEX,IDEX Corporation Common Stock,235.29,236.11000061035156,239.6999969482422,235.47999572753906,236.27999877929688,17345554330.0,691958,Industrials
FTV,Fortive Corporation Common Stock ,57.38,57.66999816894531,58.279998779296875,57.54499816894531,57.88999938964844,17329738444.0,3653129,Industrials
MEDP,Medpace Holdings Inc. Common Stock,620.51,624.8599853515625,642.64501953125,601.3599853515625,602.9000244140625,17319461044.0,341302,Health Care
FIS,Fidelity National Information Services Inc. Common Stock,33.58,33.65999984741211,33.86000061035156,33.22999954223633,33.41999816894531,17317404693.0,7942865,Consumer Discretionary
NWS,News Corporation Class B Common Stock,32.0,31.8799991607666,32.029998779296875,31.309999465942383,31.520000457763672,17294272096.0,922614,Consumer Discretionary
SBAC,SBA Communications Corporation Class A Common Stock,161.82,162.5,170.17999267578125,162.07000732421875,169.6999969482422,17167177960.0,848666,Real Estate
BURL,Burlington Stores Inc. Common Stock,271.81,272.82000732421875,279.8800048828125,271.8500061035156,276.42999267578125,17073798153.0,1150218,Consumer Discretionary
CLH,Clean Harbors Inc. Common Stock,322.37,322.07000732421875,323.6099853515625,316.8599853515625,318.05999755859375,17017025138.0,480825,Industrials
IP,International Paper Company Common Stock,32.05,32.119998931884766,32.58000183105469,31.889999389648438,32.13999938964844,16972715135.0,6675345,Basic Materials
GIS,General Mills Inc. Common Stock,31.68,31.850000381469727,32.36000061035156,31.700000762939453,32.18000030517578,16938888722.0,12395184,Consumer Staples
FTAI,FTAI Aviation Ltd. Common Stock,164.7,167.6999969482422,180.02499389648438,166.69000244140625,179.44000244140625,16915857888.0,738036,Industrials
PAA,Plains All American Pipeline L.P. Common Units representing Limited Partner Interests,23.91,23.899999618530273,24.270000457763672,23.700000762939453,24.059999465942383,16870094059.0,1723029,Energy
TPG,TPG Inc. Class A Common Stock,44.5,45.150001525878906,45.834999084472656,44.720001220703125,44.970001220703125,16817385087.0,1989841,Finance
EFX,Equifax Inc. Common Stock,142.6,143.3000030517578,144.16000366210938,141.97999572753906,142.47999572753906,16753346170.0,2552699,Finance
CDW,CDW Corporation Common Stock,133.92,133.80999755859375,136.02999877929688,132.91000366210938,135.6699981689453,16742333690.0,1098303,Consumer Discretionary
BEN,Franklin Templeton Inc. Common Stock,32.88,32.97999954223633,33.08000183105469,32.41999816894531,32.439998626708984,16705568801.0,3449465,Finance
FDXF,FedEx Freight Holding Company Inc. Common Stock,111.58,111.94000244140625,112.70999908447266,109.4000015258789,112.0999984741211,16683233280.0,1477683,Consumer Discretionary
LNT,Alliant Energy Corporation Common Stock,64.29,64.66999816894531,65.54000091552734,64.44000244140625,65.48999786376953,16669413299.0,2983871,Utilities
CHRW,C.H. Robinson Worldwide Inc. Common Stock,140.61,140.8300018310547,141.0,133.30999755859375,135.0500030517578,16430455387.0,8660863,Industrials
RGA,Reinsurance Group of America Incorporated Common Stock,251.04,251.69000244140625,254.1999969482422,250.49000549316406,251.13999938964844,16393329982.0,481296,Finance
IONQ,IonQ Inc. Common Stock,42.97,43.560001373291016,45.400001525878906,43.0,43.290000915527344,16371669433.0,16464612,Technology
TSCO,Tractor Supply Company Common Stock,31.42,31.399999618530273,32.619998931884766,31.219999313354492,32.290000915527344,16371081105.0,16718829,Consumer Discretionary
J,Jacobs Solutions Inc. Common Stock,138.67,140.16000366210938,140.3000030517578,138.02999877929688,139.22999572753906,16229744187.0,604871,Industrials
RBC,RBC Bearings Incorporated Common Stock,512.58,516.1400146484375,521.7999877929688,513.27001953125,514.1799926757812,16227895802.0,300162,Industrials
BMNR,BitMine Immersion Technologies Inc. Common Stock,26.79,26.75,27.145000457763672,25.81999969482422,26.200000762939453,16160435095.0,29133640,Finance
DOCN,DigitalOcean Holdings Inc. Common Stock,137.23,139.52999877929688,143.33999633789062,130.94000244140625,131.00999450683594,16135441647.0,1764104,Technology
STRL,Sterling Infrastructure Inc. Common Stock,523.33,525.25,574.9000244140625,524.780029296875,563.6900024414062,16007889125.0,510935,Industrials
ONTO,Onto Innovation Inc. Common Stock,325.41,329.2900085449219,329.2900085449219,311.0,313.7099914550781,15969250716.0,796275,Industrials
NVR,NVR Inc. Common Stock,5970.21,5996.10009765625,6062.0,5919.9501953125,6046.60009765625,15909773821.0,55696,Consumer Discretionary
TLN,Talen Energy Corporation Common Stock,331.87,349.1499938964844,377.989990234375,349.1499938964844,373.1099853515625,15901305134.0,1106077,Utilities
DUKB,Duke Energy Corporation 5.625% Junior Subordinated Debentures due 2078,20.12,20.059999465942383,20.260000228881836,19.90999984741211,20.030000686645508,15687608123.0,42556,Utilities
NWSA,News Corporation Class A Common Stock,28.95,28.90999984741211,28.989999771118164,28.290000915527344,28.549999237060547,15645911787.0,3584181,Consumer Discretionary
CRBG,Corebridge Financial Inc. Common Stock,34.84,35.09000015258789,35.56999969482422,34.93000030517578,35.16999816894531,15530714666.0,3584600,Finance
AKAM,Akamai Technologies Inc. Common Stock,107.99,109.5,111.5999984741211,107.51000213623047,108.62000274658203,15519956606.0,3622555,Consumer Discretionary
INVH,Invitation Homes Inc. Common Stock,26.06,26.100000381469727,26.584999084472656,26.059999465942383,26.389999389648438,15391641270.0,4897868,Finance
HST,Host Hotels & Resorts Inc. Common Stock,22.44,22.579999923706055,22.809999465942383,22.420000076293945,22.479999542236328,15374191514.0,10854426,Real Estate
APA,APA Corporation Common Stock,43.85,43.29999923706055,44.400001525878906,43.22999954223633,44.099998474121094,15362913714.0,3830101,Energy
TEM,Tempus AI Inc. Class A Common Stock,83.55,84.96499633789062,87.98999786376953,71.33999633789062,71.9800033569336,15169016750.0,7273904,Technology
BALL,Ball Corporation Common Stock,57.11,57.27000045776367,57.970001220703125,57.04999923706055,57.43000030517578,15117208718.0,2151903,Industrials
LDOS,Leidos Holdings Inc. Common Stock,119.45,118.0199966430664,118.7699966430664,115.80000305175781,116.69000244140625,14990044365.0,1670997,Technology
LECO,Lincoln Electric Holdings Inc. Common Shares,274.94,277.82000732421875,279.2300109863281,274.8900146484375,275.5400085449219,14985812830.0,367587,Industrials
SOLV,Solventum Corporation Common Stock,88.03,88.44999694824219,88.93000030517578,86.8949966430664,87.04000091552734,14984794864.0,1044025,Health Care
FICO,Fair Isaac Corporation Common Stock,689.61,694.7899780273438,703.8599853515625,676.0,695.4600219726562,14893945072.0,1168581,Consumer Discretionary
CRL,Charles River Laboratories International Inc. Common Stock,310.77,319.79998779296875,333.29998779296875,300.010009765625,304.9599914550781,14835809251.0,1306004,Health Care
KIM,Kimco Realty Corporation (HC) Common Stock,22.03,22.0,22.229999542236328,22.0,22.139999389648438,14777489887.0,5008487,Real Estate
H,Hyatt Hotels Corporation Class A Common Stock,156.77,157.82000732421875,160.60000610351562,156.9600067138672,159.1199951171875,14767984989.0,871587,Consumer Discretionary
EQH,Equitable Holdings Inc. Common Stock,54.0,54.529998779296875,55.224998474121094,54.08000183105469,54.5,14743898478.0,3559253,Finance
VNOM,Viper Energy Inc. Class A Common Stock,40.87,40.79999923706055,41.849998474121094,40.599998474121094,41.59000015258789,14680295277.0,2199616,Energy
NBIX,Neurocrine Biosciences Inc. Common Stock,144.21,145.55999755859375,145.77000427246094,141.38999938964844,145.50999450683594,14658828392.0,1749137,Health Care
LAMR,Lamar Advertising Company Class A Common Stock,143.93,143.6199951171875,145.0500030517578,143.0,144.74000549316406,14616046018.0,897592,Real Estate
PFGC,Performance Food Group Company Common Stock,92.58,93.48999786376953,94.26000213623047,93.01499938964844,93.77999877929688,14584408103.0,1335465,Consumer Discretionary
EXEL,Exelixis Inc. Common Stock,58.85,58.849998474121094,59.0,57.02000045776367,58.33000183105469,14581952574.0,2581011,Health Care
APOS,Apollo Global Management Inc. 7.625% Fixed-Rate Resettable Junior Subordinated Notes due 2053,25.59,25.600000381469727,25.639999389648438,25.489999771118164,25.600000381469727,14574381995.0,28941,Finance
WPC,W. P. Carey Inc. REIT,63.93,64.0,64.58000183105469,63.75,64.01000213623047,14564333074.0,2175631,Real Estate
ARMK,Aramark Common Stock,55.23,55.439998626708984,55.95000076293945,55.220001220703125,55.45000076293945,14560011180.0,1552580,Consumer Discretionary
W,Wayfair Inc. Class A Common Stock,106.05,106.94999694824219,108.45999908447266,104.0,105.44999694824219,14525463824.0,2368917,Consumer Discretionary
LOGI,Logitech International S.A. Ordinary Shares,101.38,101.6500015258789,102.7300033569336,101.58000183105469,102.41000366210938,14516433098.0,417682,Technology
PNFP,Pinnacle Financial Partners Inc. Common stock,96.02,96.37999725341797,97.87000274658203,95.93000030517578,96.13999938964844,14509835693.0,1473114,Finance
WMG,Warner Music Group Corp. Class A Common Stock,27.63,27.690000534057617,28.0,27.5,27.610000610351562,14453522917.0,2474198,Consumer Discretionary
SGI,Somnigroup International Inc. Common Stock,62.29,62.59000015258789,63.310001373291016,62.0,62.7400016784668,14341599145.0,2764965,Consumer Discretionary
ROL,Rollins Inc. Common Stock,29.69,29.700000762939453,30.360000610351562,29.610000610351562,30.350000381469727,14285207045.0,6531432,Consumer Discretionary
UNM,Unum Group Common Stock,89.93,89.62000274658203,93.06999969482422,89.5,91.83000183105469,14236530344.0,1750193,Finance
VICR,Vicor Corporation Common Stock,305.61,307.8900146484375,309.5299987792969,297.010009765625,299.2900085449219,14090678367.0,828096,Technology
TTMI,TTM Technologies Inc. Common Stock,133.14,134.83999633789062,136.41000366210938,131.94000244140625,132.7100067138672,14026147753.0,2306680,Technology
CG,The Carlyle Group Inc. Common Stock,39.32,39.31999969482422,39.68000030517578,38.86000061035156,38.880001068115234,14011005617.0,3650400,Finance
OWL,Blue Owl Capital Inc. Class A Common Stock,8.97,9.050000190734863,9.1899995803833,8.960000038146973,9.069999694824219,13985057240.0,20505845,Finance
MLI,Mueller Industries Inc. Common Stock,62.97,63.36000061035156,63.52000045776367,62.470001220703125,63.130001068115234,13927792002.0,1938884,Industrials
SLMBP,SLM Corporation Floating Rate Non-Cumulative Preferred Stock Series B,73.75,73.5,74.16999816894531,73.5,74.16999816894531,13861088153.0,160,Finance
KKRS,KKR Group Finance Co. IX LLC 4.625% Subordinated Notes due 2061,15.44,15.329999923706055,15.729999542236328,15.329999923706055,15.460000038146973,13859493679.0,30798,Finance
JLL,Jones Lang LaSalle Incorporated Common Stock,302.41,302.739990234375,308.8699951171875,302.0,303.6199951171875,13858459000.0,600338,Finance
VLYPP,Valley National Bancorp 6.25% Fixed-to-Floating Rate Non-Cumulative Perpetual Preferred Stock Series A,25.02,25.010000228881836,25.030000686645508,24.989999771118164,25.010000228881836,13826182755.0,5014,Finance
VLYPN,Valley National Bancorp 8.250% Fixed-Rate Reset Non-Cumulative Perpetual Preferred Stock Series C,25.0,24.950000762939453,25.135000228881836,24.950000762939453,24.9950008392334,13815130650.0,13573,Finance
CACI,CACI International Inc. Class A Common Stock,624.19,608.47998046875,622.8200073242188,597.4099731445312,599.6400146484375,13794347451.0,275118,Technology
YUMC,Yum China Holdings Inc. Common Stock,40.25,40.439998626708984,40.86000061035156,40.18000030517578,40.619998931884766,13783939974.0,1188441,Consumer Discretionary
ULS,UL Solutions Inc. Class A Common Stock,68.25,68.22000122070312,68.9800033569336,67.42500305175781,68.37000274658203,13779550307.0,1213820,Health Care
SMMT,Summit Therapeutics Inc. Common Stock ,17.27,17.489999771118164,17.530000686645508,16.530000686645508,17.309999465942383,13777135627.0,5277726,Health Care
NLY,Annaly Capital Management Inc. Common Stock,18.27,18.31999969482422,18.43000030517578,18.15999984741211,18.420000076293945,13770362855.0,15427993,Real Estate
OHI,Omega Healthcare Investors Inc. Common Stock,45.36,45.34000015258789,45.560001373291016,44.459999084472656,44.77000045776367,13744669680.0,3865337,Real Estate
TRMB,Trimble Inc. Common Stock,58.81,58.810001373291016,61.47999954223633,58.540000915527344,60.95000076293945,13713306861.0,2694506,Industrials
VLYPO,Valley National Bancorp 5.50% Fixed-to-Floating Rate Non-Cumulative Perpetual Preferred Stock Series B,24.8,24.829999923706055,24.850000381469727,24.799999237060547,24.799999237060547,13704609605.0,4871,Finance
SUI,Sun Communities Inc. Common Stock,111.84,111.94000244140625,113.29000091552734,111.83999633789062,112.06999969482422,13622219031.0,1284019,Real Estate
CET,Central Securities Corporation Common Stock,56.24,56.189998626708984,56.91999816894531,56.119998931884766,56.40999984741211,13611497248.0,26950,Finance
TWST,Twist Bioscience Corporation Common Stock,205.0,209.5500030517578,219.7100067138672,164.49000549316406,166.97000122070312,13591740670.0,3209262,Health Care
AMKR,Amkor Technology Inc. Common Stock,54.63,55.529998779296875,55.7400016784668,53.2599983215332,53.38999938964844,13572958545.0,4332897,Technology
SWK,Stanley Black & Decker Inc. Common Stock,89.68,89.91999816894531,91.33999633789062,89.5199966430664,89.98999786376953,13543172365.0,1612277,Consumer Discretionary
IESC,IES Holdings Inc. Common Stock,339.62,342.989990234375,351.0,339.5400085449219,341.8500061035156,13533419569.0,297425,Industrials
ARCC,Ares Capital Corporation Common Stock,18.82,18.850000381469727,18.8700008392334,18.600000381469727,18.639999389648438,13513189943.0,4257689,Finance
MAA,Mid-America Apartment Communities Inc. Common Stock,116.47,116.70999908447266,118.61000061035156,115.95999908447266,116.98999786376953,13513077332.0,1587462,Real Estate
MAS,Masco Corporation Common Stock,68.46,68.45999908447266,69.95999908447266,68.37999725341797,69.93000030517578,13499451458.0,1759280,Industrials
IVZ,Invesco Ltd Common Stock,30.5,30.729999542236328,30.860000610351562,30.299999237060547,30.3799991607666,13465743290.0,3646528,Finance
TYL,Tyler Technologies Inc. Common Stock,328.32,328.3299865722656,335.07000732421875,328.3299865722656,330.9100036621094,13445450600.0,562665,Technology
GWRE,Guidewire Software Inc. Common Stock,163.23,165.0,167.0,162.5399932861328,164.52000427246094,13383663361.0,2117114,Technology
GEN,Gen Digital Inc. Common Stock,22.28,22.350000381469727,23.010000228881836,22.329999923706055,22.799999237060547,13336519073.0,11823491,Technology
WY,Weyerhaeuser Company Common Stock,18.49,18.450000762939453,18.639999389648438,18.280000686645508,18.600000381469727,13326408640.0,7636956,Real Estate
CORT,Corcept Therapeutics Incorporated Common Stock,122.03,122.19999694824219,122.54000091552734,115.11000061035156,119.56999969482422,13191247386.0,1005235,Health Care
PAG,Penske Automotive Group Inc. Common Stock,200.59,199.32000732421875,200.27000427246094,198.74000549316406,199.00999450683594,13171315695.0,402689,Consumer Discretionary
CSL,Carlisle Companies Incorporated Common Stock,330.98,333.7200012207031,335.489990234375,324.5,325.739990234375,13144583740.0,557360,Industrials
AIZ,Assurant Inc. Common Stock,266.41,266.1300048828125,271.2799987792969,265.1300048828125,270.9599914550781,13140344766.0,312702,Finance
DOCU,DocuSign Inc. Common Stock,70.03,69.80999755859375,70.68000030517578,66.83000183105469,68.22000122070312,13088778714.0,2432400,Technology
ALLE,Allegion plc Ordinary Shares,153.67,154.35000610351562,156.16000366210938,154.3000030517578,155.1999969482422,13067602905.0,747592,Consumer Discretionary
REG,Regency Centers Corporation Common Stock,71.33,71.2300033569336,71.86000061035156,71.06999969482422,71.41999816894531,13061988618.0,1517859,Real Estate
HAS,Hasbro Inc. Common Stock,92.38,92.37999725341797,92.94000244140625,90.55000305175781,91.02999877929688,13029687861.0,2127407,Consumer Discretionary
TXT,Textron Inc. Common Stock,75.75,75.93000030517578,76.11000061035156,75.27999877929688,75.52999877929688,13028008963.0,1645403,Industrials
DOC,Healthpeak Properties Inc. Common Stock,18.84,18.860000610351562,19.18000030517578,18.799999237060547,19.0,12990693578.0,7009613,Real Estate
COKE,Coca-Cola Consolidated Inc. Common Stock,194.26,194.72000122070312,198.49000549316406,194.0500030517578,194.61000061035156,12930779752.0,462942,Consumer Staples
BBIO,BridgeBio Pharma Inc. Common Stock,66.14,67.75,68.12000274658203,65.70500183105469,66.95999908447266,12929541530.0,2168652,Health Care
AVY,Avery Dennison Corporation Common Stock,170.0,170.36000061035156,171.97999572753906,167.17999267578125,168.4499969482422,12883984140.0,924437,Consumer Discretionary
GGG,Graco Inc. Common Stock,78.83,79.22000122070312,79.7300033569336,78.63999938964844,78.88999938964844,12766819946.0,2024346,Industrials
GL,Globe Life Inc. Common Stock,165.92,166.1699981689453,167.75,165.7899932861328,166.27999877929688,12750860246.0,375694,Finance
TXG,10x Genomics Inc. Class A Common Stock,97.74,100.33000183105469,102.80999755859375,79.9000015258789,80.66000366210938,12734658760.0,3101065,Industrials
GME,GameStop Corporation Common Stock,25.24,25.040000915527344,25.200000762939453,24.469999313354492,24.760000228881836,12733604988.0,11957026,Consumer Discretionary
AIT,Applied Industrial Technologies Inc. Common Stock,345.79,347.4200134277344,349.7900085449219,344.5799865722656,344.989990234375,12702213552.0,318386,Consumer Discretionary
GNRC,Generac Holdlings Inc. Common Stock,215.2,216.3699951171875,227.14999389648438,215.47000122070312,223.6199951171875,12698168887.0,932178,Consumer Discretionary
GDDY,GoDaddy Inc. Class A Common Stock,99.74,99.26000213623047,99.7300033569336,97.19999694824219,98.18000030517578,12631841997.0,1557438,Technology
SWKS,Skyworks Solutions Inc. Common Stock,83.91,85.43000030517578,85.73999786376953,80.02999877929688,82.79000091552734,12626171138.0,29444050,Technology
NXT,Nextpower Inc. Common Stock,82.97,84.23999786376953,90.625,83.51000213623047,88.08999633789062,12588998274.0,1833519,Technology
MAIR,Madison Air Solutions Corporation Class A Common Stock,24.97,25.049999237060547,25.260000228881836,24.5,24.600000381469727,12528013622.0,2580127,Industrials
BAX,Baxter International Inc. Common Stock,24.22,24.31999969482422,24.420000076293945,23.920000076293945,24.360000610351562,12521643096.0,10163526,Health Care
CNA,CNA Financial Corporation Common Stock,46.21,46.130001068115234,46.7599983215332,46.060001373291016,46.209999084472656,12504468883.0,501383,Finance
PEN,Penumbra Inc. Common Stock,317.11,317.1000061035156,318.0050048828125,316.8699951171875,317.04998779296875,12490779610.0,368301,Health Care
LII,Lennox International Inc. Common Stock,361.15,363.2900085449219,371.8399963378906,361.29998779296875,365.6300048828125,12481587776.0,439220,Industrials
TOL,Toll Brothers Inc. Common Stock,135.38,136.0800018310547,138.64999389648438,135.8000030517578,138.0,12474860860.0,1074055,Consumer Discretionary
DTM,DT Midstream Inc. Common Stock ,122.12,121.98999786376953,124.79000091552734,121.02999877929688,124.5999984741211,12458107948.0,877194,Utilities
SJM,The J.M. Smucker Company Common Stock,116.23,116.56999969482422,118.01000213623047,115.95999908447266,116.80000305175781,12416058560.0,961340,Consumer Staples
BWXT,BWX Technologies Inc. Common Stock,135.35,139.16000366210938,147.0,138.5,145.6999969482422,12401034993.0,1515820,Industrials
SEIC,SEI Investments Company Common Stock,103.26,103.08000183105469,103.94000244140625,102.54000091552734,102.86000061035156,12393180733.0,834653,Finance
TME,Tencent Music Entertainment Group American Depositary Shares each representing two Class A Ordinary Shares,7.87,7.880000114440918,7.960000038146973,7.769999980926514,7.929999828338623,12386628415.0,7571313,Consumer Discretionary
CHTR,Charter Communications Inc. Class A Common Stock New,107.77,111.66999816894531,112.87000274658203,107.79000091552734,108.63999938964844,12348016313.0,3108077,Telecommunications
QXO,QXO Inc. Common Stock,11.88,12.149999618530273,12.59000015258789,12.069999694824219,12.109999656677246,12325389623.0,15609364,Consumer Discretionary
ALB,Albemarle Corporation Common Stock,104.37,105.41000366210938,107.58999633789062,104.9800033569336,106.3499984741211,12316187799.0,2029202,Industrials
HALO,Halozyme Therapeutics Inc. Common Stock,108.31,108.87000274658203,111.25,107.43000030517578,109.72000122070312,12292968380.0,1856351,Health Care
BWA,BorgWarner Inc. Common Stock,60.26,63.29999923706055,63.689998626708984,62.38999938964844,63.36000061035156,12272934492.0,2101719,Consumer Discretionary
BTSG,BrightSpring Health Services Inc. Common Stock,62.0,62.970001220703125,65.63999938964844,62.970001220703125,63.75,12267582942.0,3401614,Health Care
MKC,McCormick & Company Incorporated Common Stock,45.54,45.75,46.16999816894531,45.15999984741211,45.400001525878906,12253196374.0,4345296,Consumer Staples
ARW,Arrow Electronics Inc. Common Stock,240.22,239.22000122070312,241.8000030517578,238.94000244140625,240.39999389648438,12228500713.0,773008,Technology
TRU,TransUnion Common Stock,63.82,64.01000213623047,64.76000213623047,63.20000076293945,63.41999816894531,12227912000.0,2993047,Finance
DKS,Dick's Sporting Goods Inc Common Stock,137.13,137.10000610351562,137.69000244140625,134.27000427246094,134.8800048828125,12194498624.0,3848574,Consumer Discretionary
RPM,RPM International Inc. Common Stock,95.3,96.25,99.18000030517578,95.25,98.30999755859375,12173756564.0,3178520,Consumer Discretionary
CR,Crane Company Common Stock,209.61,211.08999633789062,212.85000610351562,207.58599853515625,208.9199981689453,12115532621.0,505538,Industrials
WTS,Watts Water Technologies Inc. Class A Common Stock,362.75,365.29998779296875,366.19000244140625,360.5799865722656,362.45001220703125,12109701388.0,215207,Industrials
QNT,Quantinuum Inc. Class A Common Stock,45.53,45.70000076293945,46.5,45.33000183105469,45.59000015258789,12096304315.0,2290409,Technology
FROG,JFrog Ltd. Ordinary Shares,97.86,98.91999816894531,100.37999725341797,97.31999969482422,98.51000213623047,12066266294.0,1057073,Technology
SANM,Sanmina Corporation Common Stock,225.08,227.97000122070312,229.41000366210938,224.2100067138672,228.07000732421875,12063692888.0,639556,Technology
WSO,Watsco Inc. Common Stock,292.15,293.8699951171875,294.989990234375,290.0299987792969,290.8299865722656,12051828477.0,748861,Consumer Discretionary
SREA,DBA Sempra 5.750% Junior Subordinated Notes due 2079,18.94,19.020000457763672,19.100000381469727,18.799999237060547,18.959999084472656,11991782873.0,51358,Utilities
MANH,Manhattan Associates Inc. Common Stock,205.45,205.9199981689453,206.77999877929688,202.83999633789062,202.83999633789062,11978756497.0,622543,Technology
RMBS,Rambus Inc. Common Stock,110.3,111.45999908447266,114.97000122070312,109.77999877929688,114.08999633789062,11963314811.0,1406990,Technology
EHC,Encompass Health Corporation Common Stock,120.97,121.93000030517578,124.91000366210938,120.9800033569336,124.69000244140625,11934099862.0,1061690,Health Care
AEIS,Advanced Energy Industries Inc. Common Stock,297.29,301.9800109863281,307.8800048828125,300.1400146484375,302.7699890136719,11906595902.0,592914,Technology
FIVE,Five Below Inc. Common Stock,215.93,215.14999389648438,217.11000061035156,209.4499969482422,209.9199981689453,11887817778.0,1290971,Consumer Discretionary
UHAL,U-Haul Holding Company Common Stock,61.1,61.20000076293945,61.529998779296875,60.5099983215332,60.66999816894531,11877442545.0,117179,Consumer Discretionary
FPS,Forgent Power Solutions Inc. Class A Common Stock,38.97,39.790000915527344,41.61000061035156,38.77000045776367,41.349998474121094,11863593804.0,6589900,Energy
IT,Gartner Inc. Common Stock,187.76,188.47000122070312,189.99000549316406,184.61000061035156,184.9199981689453,11856851734.0,626088,Consumer Discretionary
BJ,BJ's Wholesale Club Holdings Inc. Common Stock,93.8,93.61000061035156,95.80999755859375,93.30000305175781,95.62000274658203,11848318110.0,2708704,Consumer Discretionary
AHR,American Healthcare REIT Inc. Common Stock,50.47,50.599998474121094,50.849998474121094,50.02000045776367,50.4900016784668,11768857044.0,4046142,Real Estate
FIG,Figma Inc. Class A Common Stock,22.01,22.209999084472656,22.315000534057617,21.799999237060547,21.93000030517578,11731547173.0,7726451,Technology
PNW,Pinnacle West Capital Corporation Common Stock,95.96,96.48999786376953,98.23999786376953,96.36000061035156,98.04000091552734,11630086575.0,1401265,Utilities
VIAV,Viavi Solutions Inc. Common Stock,46.91,47.560001373291016,48.189998626708984,46.81999969482422,48.13999938964844,11616798217.0,4804052,Technology
CCK,Crown Holdings Inc.,106.58,106.8499984741211,108.30999755859375,106.22000122070312,107.69000244140625,11591695262.0,984407,Industrials
SAIL,SailPoint Inc. Common Stock,20.29,20.59000015258789,21.229999542236328,19.864999771118164,19.90999984741211,11583797034.0,3701951,Technology
FORM,FormFactor Inc. FormFactor Inc. Common Stock,147.99,148.32000732421875,148.41000366210938,140.8800048828125,141.3000030517578,11561086093.0,13932198,Technology
AFG,American Financial Group Inc. Common Stock,139.33,139.4499969482422,141.24000549316406,139.07000732421875,140.07000732421875,11553447858.0,715837,Finance
AUR,Aurora Innovation Inc. Class A Common Stock,5.75,5.809999942779541,5.866000175476074,5.619999885559082,5.75,11523892791.0,31091399,Technology
AA,Alcoa Corporation Common Stock ,43.49,43.939998626708984,44.209999084472656,42.970001220703125,43.16999816894531,11477421763.0,5100328,Industrials
LFUS,Littelfuse Inc. Common Stock,451.42,457.8699951171875,458.17999267578125,449.9700012207031,454.2799987792969,11465502371.0,223013,Energy
ALLY,Ally Financial Inc. Common Stock,37.63,38.08000183105469,38.220001220703125,37.5099983215332,37.619998931884766,11447034448.0,4712308,Finance
HL,Hecla Mining Company Common Stock,17.01,17.100000381469727,17.280000686645508,16.68000030517578,17.100000381469727,11426781011.0,37321847,Industrials
MDGL,Madrigal Pharmaceuticals Inc. Common Stock,493.62,497.0799865722656,504.05999755859375,478.7099914550781,496.45001220703125,11404658676.0,246569,Health Care
DVA,DaVita Inc. Common Stock,178.72,179.8800048828125,181.82000732421875,178.8800048828125,180.39999389648438,11402336000.0,452018,Health Care
TECH,Bio-Techne Corp Common Stock,72.58,72.58000183105469,72.61000061035156,72.41000366210938,72.43000030517578,11381867714.0,2087339,Health Care
PINS,Pinterest Inc. Class A Common Stock,20.06,20.299999237060547,20.299999237060547,19.43000030517578,20.030000686645508,11360239322.0,11432119,Technology
ELS,Equity Lifestyle Properties Inc. Common Stock,58.49,58.41999816894531,59.279998779296875,58.36000061035156,58.7400016784668,11350839565.0,2087494,Real Estate
ELAN,Elanco Animal Health Incorporated Common Stock,22.51,22.719999313354492,23.040000915527344,22.229999542236328,22.479999542236328,11246487393.0,4788294,Health Care
CSGP,CoStar Group Inc. Common Stock,27.66,27.700000762939453,28.200000762939453,27.459999084472656,27.6299991607666,11207765284.0,4934188,Finance
BMRN,BioMarin Pharmaceutical Inc. Common Stock,57.54,57.540000915527344,57.880001068115234,55.7599983215332,56.220001220703125,11138234093.0,2407592,Health Care
FHN,First Horizon Corporation Common Stock,23.36,23.450000762939453,23.540000915527344,23.280000686645508,23.34000015258789,11067434411.0,5972621,Finance
HRL,Hormel Foods Corporation Common Stock,20.08,20.079999923706055,20.110000610351562,19.809999465942383,19.8799991607666,11051044064.0,6149765,Consumer Staples
GLPI,Gaming and Leisure Properties Inc. Common Stock,37.91,37.8650016784668,38.4900016784668,37.83000183105469,38.08000183105469,11028778830.0,3669058,Real Estate
HUT,Hut 8 Corp. Common Stock,89.27,91.8499984741211,93.80000305175781,88.62999725341797,92.22000122070312,11003372708.0,3485196,Finance
IBRX,ImmunityBio Inc. Common Stock,10.38,10.324999809265137,10.359999656677246,9.609999656677246,9.6899995803833,11001100514.0,16867253,Health Care
HUBS,HubSpot Inc. Common Stock,220.61,219.58999633789062,222.86000061035156,215.1300048828125,217.08999633789062,11000982603.0,1073653,Technology
PCVX,Vaxcyte Inc. Common Stock,73.82,73.3499984741211,73.3949966430664,63.900001525878906,66.69999694824219,10984805622.0,14925594,Health Care
WTRG,Essential Utilities Inc. Common Stock,38.67,38.779998779296875,39.04999923706055,38.470001220703125,38.810001373291016,10973718655.0,3849502,Utilities
DECK,Deckers Outdoor Corporation Common Stock,80.21,80.83000183105469,82.13999938964844,79.19999694824219,81.66000366210938,10941785148.0,2802888,Consumer Discretionary
UDR,UDR Inc. Common Stock,33.84,33.900001525878906,34.29999923706055,33.790000915527344,33.90999984741211,10871581272.0,3628302,Real Estate
CART,Maplebear Inc. Common Stock,45.67,45.88999938964844,46.07500076293945,44.56999969482422,45.470001220703125,10839016378.0,4079945,Consumer Discretionary
CGNX,Cognex Corporation Common Stock,64.37,64.86000061035156,66.61000061035156,64.4000015258789,66.3499984741211,10828568710.0,2283517,Industrials
GSAT,Globalstar Inc. Common Stock,83.54,83.5999984741211,83.73999786376953,83.3499984741211,83.62999725341797,10823725601.0,596863,Consumer Discretionary
AMH,American Homes 4 Rent Common Shares of Beneficial Interest,30.08,30.15999984741211,30.670000076293945,30.139999389648438,30.469999313354492,10804132716.0,3686986,Real Estate
COO,The Cooper Companies Inc. Common Stock,56.77,56.68000030517578,56.93000030517578,55.63999938964844,56.43000030517578,10795116040.0,3948752,Health Care
RRX,Regal Rexnord Corporation Common Stock,161.26,162.52000427246094,169.72000122070312,162.24000549316406,166.36000061035156,10738604472.0,978162,Industrials
CHYM,Chime Financial Inc. Class A Common Stock,28.29,28.290000915527344,28.315000534057617,27.6299991607666,27.649999618530273,10710172790.0,4838770,Finance
AVTR,Avantor Inc. Common Stock,15.81,15.949999809265137,16.375,15.420000076293945,15.430000305175781,10693233260.0,8180441,Industrials
BEPC,Brookfield Renewable Corporation Brookfield Renewable Corporation Class A Subordinate Voting Shares,28.32,28.719999313354492,29.665000915527344,28.655000686645508,29.649999618530273,10673418147.0,1642287,Utilities
SF,Stifel Financial Corporation Common Stock,70.63,70.76000213623047,71.29000091552734,70.06999969482422,70.12000274658203,10665252472.0,1343070,Finance
AR,Antero Resources Corporation Common Stock,34.69,34.5,35.849998474121094,34.5,35.720001220703125,10665058910.0,4223784,Energy
AES,The AES Corporation Common Stock,14.9,14.880000114440918,14.9399995803833,14.880000114440918,14.930000305175781,10630235587.0,9216781,Industrials
KNX,Knight-Swift Transportation Holdings Inc.,65.24,65.7300033569336,65.7300033569336,64.18000030517578,64.62999725341797,10618201440.0,3052061,Industrials
EGP,EastGroup Properties Inc. Common Stock,195.84,196.02000427246094,196.02000427246094,192.82000732421875,192.86000061035156,10530966401.0,608259,Real Estate
HII,Huntington Ingalls Industries Inc. Common Stock,266.48,269.8999938964844,269.8999938964844,258.57000732421875,263.75,10500537275.0,566151,Industrials
BSY,Bentley Systems Incorporated Class B Common Stock,34.75,34.91999816894531,36.29999923706055,34.540000915527344,35.970001220703125,10497727893.0,4248458,Technology
FNF,Fidelity National Financial Inc. Common Stock,39.0,39.279998779296875,39.29999923706055,38.86000061035156,39.08000183105469,10459520253.0,3802928,Finance
TXRH,Texas Roadhouse Inc. Common Stock,158.97,160.0,165.4600067138672,158.42999267578125,163.57000732421875,10434938006.0,2157846,Consumer Discretionary
UHS,Universal Health Services Inc. Common Stock,176.05,174.2100067138672,178.11000061035156,174.2100067138672,177.0800018310547,10375773466.0,580269,Health Care
SCI,Service Corporation International Common Stock,75.94,75.94999694824219,77.80000305175781,75.94999694824219,77.30000305175781,10374882856.0,1569464,Consumer Discretionary
DCI,Donaldson Company Inc. Common Stock,89.19,89.62999725341797,90.54000091552734,89.5,90.11000061035156,10338024406.0,764104,Industrials
AAOI,Applied Optoelectronics Inc. Common Stock,121.57,125.99500274658203,131.14999389648438,124.30000305175781,130.16000366210938,10322057554.0,9357110,Technology
GMED,Globus Medical Inc. Class A Common Stock,76.57,77.01000213623047,77.66000366210938,75.83999633789062,76.43000030517578,10280434755.0,1607010,Health Care
NYT,New York Times Company (The) Common Stock,64.0,64.25,64.5199966430664,63.209999084472656,64.06999969482422,10272183168.0,2118063,Consumer Discretionary
AGNC,AGNC Investment Corp. Common Stock,8.65,8.699999809265137,8.729999542236328,8.59000015258789,8.699999809265137,10254414517.0,43352832,Real Estate
ERIE,Erie Indemnity Company Class A Common Stock,221.46,220.7899932861328,223.41000366210938,218.57000732421875,223.22000122070312,10229030999.0,133326,Finance
EVR,Evercore Inc. Class A Common Stock,265.35,267.510009765625,272.2300109863281,265.5899963378906,268.0799865722656,10204771392.0,602512,Finance
PAYC,Paycom Software Inc. Common Stock,225.79,223.6300048828125,226.38999938964844,220.1699981689453,222.44000244140625,10176720854.0,601737,Technology
JKHY,Jack Henry & Associates Inc. Common Stock,145.12,144.22000122070312,145.77000427246094,143.75999450683594,144.42999267578125,10174653295.0,735368,Technology
BIO,Bio-Rad Laboratories Inc. Class A Common Stock,379.82,383.3800048828125,390.0,367.489990234375,368.8299865722656,10155693629.0,279508,Industrials
MOH,Molina Healthcare Inc Common Stock,194.05,194.66000366210938,196.7899932861328,191.5800018310547,195.1699981689453,10129410000.0,903770,Health Care
BPOP,Popular Inc. Common Stock,158.82,159.63999938964844,160.05999755859375,157.55999755859375,158.2899932861328,10129301529.0,557641,Finance
RTO,Rentokil Initial plc American Depositary Shares (each representing five (5) Ordinary Shares),20.02,19.920000076293945,20.079999923706055,19.8799991607666,19.950000762939453,10098088000.0,2180892,Consumer Discretionary
ENSG,The Ensign Group Inc. Common Stock,172.89,173.72000122070312,174.97999572753906,170.7100067138672,172.05999755859375,10076450014.0,476605,Health Care
OSCR,Oscar Health Inc. Class A Common Stock,32.42,32.529998779296875,32.84000015258789,32.02000045776367,32.34000015258789,10006270900.0,4683655,Health Care
ALGN,Align Technology Inc. Common Stock,140.65,141.9600067138672,143.63999938964844,141.13999938964844,141.4499969482422,9991755184.0,1680477,Health Care
PBF,PBF Energy Inc. Class A Common Stock,84.16,82.5999984741211,83.52999877929688,80.75,82.87999725341797,9976060286.0,3276981,Energy
ESTC,Elastic N.V. Ordinary Shares,94.91,96.08000183105469,98.5999984741211,94.30999755859375,94.5999984741211,9964722385.0,2572462,Technology
CLX,Clorox Company (The) Common Stock,82.01,82.94000244140625,84.7300033569336,82.37000274658203,83.5199966430664,9917551720.0,2800319,Consumer Discretionary
KRYS,Krystal Biotech Inc. Common Stock,334.85,335.1600036621094,335.1600036621094,319.6099853515625,326.80999755859375,9911170235.0,337237,Health Care
DAR,Darling Ingredients Inc. Common Stock,62.7,61.45000076293945,62.459999084472656,60.630001068115234,61.16999816894531,9894242833.0,2034365,Consumer Staples
UMBF,UMB Financial Corporation Common Stock,129.8,130.4199981689453,130.74000549316406,129.07000732421875,130.0800018310547,9858313894.0,739228,Finance
AMG,Affiliated Managers Group Inc. Common Stock,380.7,381.9700012207031,385.8599853515625,375.6000061035156,379.7200012207031,9844876493.0,352309,Finance
DPZ,Domino's Pizza Inc Common Stock,297.27,300.95001220703125,305.8900146484375,298.9599914550781,302.8699951171875,9834207363.0,597300,Consumer Discretionary
FDS,FactSet Research Systems Inc. Common Stock,276.44,275.5299987792969,276.6700134277344,271.42999267578125,272.010009765625,9831738707.0,589504,Technology
SSB,SouthState Bank Corporation Common Stock,101.13,101.66999816894531,101.83000183105469,100.58000183105469,100.94999694824219,9807034623.0,632487,Finance
WTFC,Wintrust Financial Corporation Common Stock,145.2,145.1999969482422,146.6699981689453,144.6699981689453,144.94000244140625,9796058408.0,671583,Finance
CPT,Camden Property Trust Common Stock,97.37,97.23999786376953,99.05999755859375,97.23999786376953,97.6500015258789,9789516510.0,960302,Real Estate
WMS,Advanced Drainage Systems Inc. Common Stock,129.43,130.24000549316406,132.50999450683594,129.82000732421875,130.07000732421875,9759713415.0,884929,Consumer Discretionary
AM,Antero Midstream Corporation Common Stock,20.56,20.530000686645508,21.209999084472656,20.479999542236328,21.139999389648438,9759297440.0,2592205,Utilities
VIRT,Virtu Financial Inc. Class A Common Stock,62.88,62.97999954223633,63.71500015258789,61.47999954223633,61.619998931884766,9758990274.0,2150222,Finance
DKNG,DraftKings Inc. Class A Common Stock,19.6,19.6200008392334,20.350000381469727,19.530000686645508,19.75,9730499341.0,25742336,Consumer Discretionary
BRKR,Bruker Corporation Common Stock,63.86,64.66999816894531,66.41999816894531,59.29999923706055,60.5,9729665920.0,2016636,Industrials
RYAN,Ryan Specialty Holdings Inc. Class A Common Stock,37.98,37.869998931884766,39.1150016784668,37.7599983215332,38.29999923706055,9715845534.0,2432794,Finance
MOD,Modine Manufacturing Company Common Stock,182.91,188.0,194.22000122070312,184.60000610351562,189.91000366210938,9714845420.0,1323100,Consumer Discretionary
SATA,Strive Inc. Variable Rate Series A Perpetual Preferred Stock,100.01,100.01000213623047,100.01000213623047,99.4540023803711,100.01000213623047,9701234926.0,665357,Finance
GKOS,Glaukos Corporation Common Stock,164.01,163.83999633789062,164.0,160.3000030517578,161.58999633789062,9673955507.0,837949,Health Care
MSGS,Madison Square Garden Sports Corp. Class A Common Stock (New),400.32,401.0,405.2099914550781,398.8399963378906,402.07000732421875,9639681981.0,252672,Consumer Discretionary
VSAT,ViaSat Inc. Common Stock,69.79,70.2300033569336,75.93000030517578,70.19999694824219,74.37999725341797,9613977980.0,2252265,Consumer Discretionary
ONBPP,Old National Bancorp Depositary Shares Each Representing a 1/40th Interest in a Share of Series A Preferred Stock,25.025,25.020000457763672,25.059999465942383,24.81999969482422,25.030000686645508,9573814250.0,7685,Finance
MXL,MaxLinear Inc. Common Stock,105.49,108.4000015258789,110.31999969482422,106.5999984741211,109.30000305175781,9567224719.0,2821047,Technology
CFR,Cullen/Frost Bankers Inc. Common Stock,153.83,154.0500030517578,154.75999450683594,151.99000549316406,152.9600067138672,9560347597.0,514632,Finance
ALSN,Allison Transmission Holdings Inc. Common Stock,115.75,116.61000061035156,117.55999755859375,114.48999786376953,114.75,9558407899.0,807936,Consumer Discretionary
ONB,Old National Bancorp Common Stock,24.86,24.950000762939453,25.110000610351562,24.809999465942383,24.899999618530273,9510690200.0,4464410,Finance
ONBPO,Old National Bancorp Depositary Shares Each Representing a 1/40th Interest in a Share of Series C Preferred Stock,24.8,24.700000762939453,24.809999465942383,24.700000762939453,24.729999542236328,9487736000.0,11282,Finance
SNAP,Snap Inc. Class A Common Stock,5.61,5.699999809265137,5.880000114440918,5.610000133514404,5.78000020980835,9487619164.0,24399409,Technology
BXP,BXP Inc. Common Stock,59.37,59.54999923706055,60.20000076293945,59.27000045776367,59.790000915527344,9479106580.0,1458661,Real Estate
FLS,Flowserve Corporation Common Stock,74.3,75.20999908447266,76.08999633789062,72.44999694824219,73.33999633789062,9444479554.0,1600033,Industrials
PODD,Insulet Corporation Common Stock,135.62,135.77000427246094,136.16000366210938,133.72999572753906,134.72999572753906,9405816468.0,1940548,Health Care
MUSA,Murphy USA Inc. Common Stock,511.68,510.2900085449219,518.1400146484375,507.07000732421875,513.030029296875,9404855953.0,193228,Consumer Discretionary
HSIC,Henry Schein Inc. Common Stock,84.23,84.77999877929688,86.4000015258789,84.30999755859375,84.83999633789062,9387142233.0,1904524,Health Care
TTC,Toro Company (The) Common Stock,98.94,99.12000274658203,99.47000122070312,98.43000030517578,98.88999938964844,9365994619.0,738867,Consumer Discretionary
OGE,OGE Energy Corp Common Stock,44.97,45.22999954223633,45.86000061035156,45.040000915527344,45.84000015258789,9289960476.0,2842441,Utilities
OC,Owens Corning Inc Common Stock New,117.48,117.08000183105469,120.08999633789062,116.37999725341797,119.77999877929688,9286639279.0,1176233,Industrials
AXSM,Axsome Therapeutics Inc. Common Stock,177.08,176.52000427246094,176.52000427246094,169.3000030517578,174.33999633789062,9275595251.0,858895,Health Care
RGEN,Repligen Corporation Common Stock,189.5,191.89999389648438,194.36000061035156,174.36000061035156,174.86000061035156,9270971604.0,1613715,Health Care
MTCH,Match Group Inc. Common Stock,40.33,40.34000015258789,40.8129997253418,40.0,40.619998931884766,9257791225.0,3590834,Technology
ZION,Zions Bancorporation N.A. Common Stock,63.28,63.36000061035156,63.849998474121094,62.599998474121094,62.849998474121094,9235928304.0,1307589,Finance
SAIA,Saia Inc. Common Stock,346.14,348.6000061035156,352.6300048828125,338.4100036621094,341.6499938964844,9233163351.0,418320,Industrials
SOLS,Solstice Advanced Materials Inc. Common Stock ,58.06,58.2400016784668,61.349998474121094,58.15999984741211,61.27000045776367,9222678244.0,2509270,Industrials
FRT,Federal Realty Investment Trust Common Stock,105.97,105.94999694824219,107.16000366210938,105.77999877929688,106.19999694824219,9207641424.0,852456,Real Estate
VMI,Valmont Industries Inc. Common Stock,476.85,480.6099853515625,488.6300048828125,480.6099853515625,486.8900146484375,9205521537.0,149717,Industrials
FCFS,FirstCash Holdings Inc. Common Stock,211.33,211.52000427246094,213.49000549316406,209.74000549316406,213.0,9165762494.0,357997,Consumer Discretionary
ESI,Element Solutions Inc. Common Stock,37.54,37.91999816894531,37.91999816894531,37.2400016784668,37.7400016784668,9148156912.0,3356543,Industrials
KYMR,Kymera Therapeutics Inc. Common Stock,109.85,111.02999877929688,111.03500366210938,101.74500274658203,105.9800033569336,9134095387.0,729779,Health Care
AYI,Acuity Inc. Common Stock,304.84,306.79998779296875,310.6099853515625,302.1400146484375,302.9800109863281,9125552147.0,491289,Consumer Discretionary
ORI,Old Republic International Corporation Common Stock,37.79,37.84000015258789,38.150001525878906,37.790000915527344,38.0099983215332,9123750122.0,2230314,Finance
PTGX,Protagonist Therapeutics Inc. Common Stock,140.63,140.33999633789062,141.0,136.08999633789062,138.69000244140625,9099926120.0,1274099,Health Care
LLYVK,Liberty Live Holdings Inc. Series C Liberty Live Group Common Stock,98.87,99.44999694824219,101.12000274658203,98.45800018310547,99.4000015258789,9096571525.0,423934,Consumer Discretionary
JXN,Jackson Financial Inc. Class A Common Stock ,133.85,134.8300018310547,135.5500030517578,132.0,132.91000366210938,9065492384.0,518034,Finance
R,Ryder System Inc. Common Stock,235.94,238.5,239.97000122070312,235.97000122070312,236.1699981689453,9047560036.0,393849,Consumer Discretionary
RRC,Range Resources Corporation Common Stock,38.67,38.709999084472656,40.040000915527344,38.70000076293945,40.02000045776367,9036386845.0,3110133,Energy
LTH,Life Time Group Holdings Inc. Common Stock,40.06,40.220001220703125,40.81999969482422,39.994998931884766,40.380001068115234,8951885637.0,2417438,Consumer Discretionary
JAN,Janus Living Inc. Class A-1 Common Stock,28.75,28.719999313354492,29.040000915527344,28.420000076293945,28.559999465942383,8920859810.0,1117288,Real Estate
VOYA,Voya Financial Inc. Common Stock,98.1,98.22000122070312,99.52999877929688,97.19000244140625,97.81999969482422,8887501837.0,1271567,Finance
JEF,Jefferies Financial Group Inc. Common Stock,45.84,46.16999816894531,46.25,44.900001525878906,44.959999084472656,8881164910.0,2787258,Finance
HLI,Houlihan Lokey Inc. Class A Common Stock,126.9,128.3000030517578,129.52999877929688,127.49500274658203,127.94000244140625,8868596850.0,612663,Finance
SIRI,SiriusXM Holdings Inc. Common Stock,26.31,26.31999969482422,26.639999389648438,26.149999618530273,26.360000610351562,8868229902.0,5134785,Consumer Discretionary
SPXC,SPX Technologies Inc. Common Stock,176.8,179.1199951171875,180.49000549316406,175.77999877929688,175.82000732421875,8855180048.0,1054559,Industrials
GLXY,Galaxy Digital Inc. Class A Common Stock,22.65,22.975000381469727,23.280000686645508,21.979999542236328,22.149999618530273,8853637889.0,4439818,Finance
S,SentinelOne Inc. Class A Common Stock,25.43,25.420000076293945,26.334999084472656,25.329999923706055,25.799999237060547,8850889045.0,8461195,Technology
LLYVA,Liberty Live Holdings Inc. Series A Liberty Live Group Common Stock,96.17,96.94000244140625,98.23999786376953,95.95999908447266,96.25,8848157010.0,107709,Consumer Discretionary
ENJ,Entergy New Orleans LLC First Mortgage Bonds 5.0% Series due December 1 2052,18.95,17.8700008392334,18.81999969482422,17.8700008392334,18.81999969482422,8842666887.0,711,Utilities
ARWR,Arrowhead Pharmaceuticals Inc. Common Stock,62.35,62.86000061035156,63.185001373291016,60.560001373291016,61.540000915527344,8807216017.0,2249661,Health Care
EAI,Entergy Arkansas LLC First Mortgage Bonds 4.875% Series Due September 1 2066,18.8,18.989999771118164,19.110000610351562,18.75,18.899999618530273,8772672162.0,34473,Utilities
EMP,Entergy Mississippi LLC First Mortgage Bonds 4.90% Series Due October 1 2066,18.71,18.709999084472656,18.790000915527344,18.59000015258789,18.690000534057617,8730675328.0,9377,Utilities
IDCC,InterDigital Inc. Common Stock,338.19,339.510009765625,341.2799987792969,335.8900146484375,339.2900085449219,8727333507.0,250595,Miscellaneous
CYTK,Cytokinetics Incorporated Common Stock,62.7,62.20000076293945,62.529998779296875,60.68000030517578,61.349998474121094,8716768309.0,3234520,Health Care
AVT,Avnet Inc. Common Stock,106.19,106.41000366210938,106.7699966430664,105.18000030517578,106.37000274658203,8715329640.0,1269006,Technology
KNTK,Kinetik Holdings Inc. Class A Common Stock,53.08,52.849998474121094,54.349998474121094,52.540000915527344,53.95000076293945,8619084167.0,1083308,Utilities
CAI,Caris Life Sciences Inc. Common Stock,30.39,30.690000534057617,32.560001373291016,27.28499984741211,27.454999923706055,8588067703.0,4959399,Health Care
GTLB,GitLab Inc. Class A Common Stock,51.5,51.95000076293945,53.380001068115234,50.849998474121094,51.630001068115234,8579900000.0,3211571,Technology
NIO,NIO Inc. American depositary shares each  representing one Class A ordinary share,3.42,3.4200000762939453,3.5199999809265137,3.4000000953674316,3.4800000190734863,8569381215.0,26311242,Industrials
PRI,Primerica Inc. Common Stock,277.97,278.0400085449219,280.8500061035156,277.5899963378906,279.1300048828125,8555179980.0,257992,Finance
CTRE,CareTrust REIT Inc. Common Stock,36.2,36.29999923706055,36.6150016784668,36.119998931884766,36.54999923706055,8553813804.0,3599848,Real Estate
TTEK,Tetra Tech Inc. Common Stock,33.33,33.33000183105469,33.58000183105469,33.150001525878906,33.380001068115234,8533960785.0,2818528,Consumer Discretionary
NEU,NewMarket Corp Common Stock,924.35,927.9400024414062,928.8499755859375,909.5599975585938,926.280029296875,8500697886.0,142337,Industrials
AAL,American Airlines Group Inc. Common Stock,12.83,13.010000228881836,13.300000190734863,12.859999656677246,13.0,8493074471.0,43080377,Consumer Discretionary
MHK,Mohawk Industries Inc. Common Stock,124.93,125.72000122070312,127.16000366210938,124.69000244140625,126.05000305175781,8462526455.0,918894,Consumer Discretionary
ESE,ESCO Technologies Inc. Common Stock,271.92,273.7200012207031,274.5199890136719,264.9700012207031,268.2200012207031,8431577619.0,297148,Telecommunications
CUBE,CubeSmart Common Shares,37.19,37.400001525878906,38.06999969482422,37.310001373291016,37.7599983215332,8373784189.0,3211629,Real Estate
MP,MP Materials Corp. Common Stock,46.84,47.400001525878906,48.650001525878906,47.25,48.529998779296875,8342278382.0,3915261,Basic Materials
SM,SM Energy Company Common Stock,35.05,34.900001525878906,35.34000015258789,34.459999084472656,35.099998474121094,8336785083.0,2430822,Energy
RHP,Ryman Hospitality Properties Inc. (REIT),120.62,120.98999786376953,122.83999633789062,120.41999816894531,120.91000366210938,8320772280.0,585566,Real Estate
TKR,Timken Company (The) Common Stock,119.99,120.51000213623047,122.7699966430664,119.44999694824219,119.54000091552734,8314927712.0,942776,Industrials
BRX,Brixmor Property Group Inc. Common Stock,27.05,27.149999618530273,27.5,27.09000015258789,27.459999084472656,8300896148.0,3991556,Real Estate
WAL,Western Alliance Bancorporation Common Stock (DE),76.02,76.33000183105469,76.7300033569336,75.41999816894531,76.08999633789062,8293847681.0,1594115,Finance
DY,Dycom Industries Inc. Common Stock,274.41,276.8699951171875,294.45001220703125,276.8699951171875,290.42999267578125,8276468210.0,657398,Industrials
CTVA,Corteva Inc. Common Stock ,12.39,13.079999923706055,14.055000305175781,12.850000381469727,13.90999984741211,8266558440.0,183237939,Consumer Staples
WLK,Westlake Corporation Common Stock,64.61,64.55999755859375,64.80000305175781,63.06999969482422,63.38999938964844,8256934966.0,1064190,Industrials
ZETA,Zeta Global Holdings Corp. Class A Common Stock,32.88,32.84000015258789,33.689998626708984,32.599998474121094,32.95000076293945,8253327332.0,8941091,Technology
BAH,Booz Allen Hamilton Holding Corporation Common Stock,68.61,68.5,68.81999969482422,67.70999908447266,68.13999938964844,8252751998.0,2066098,Consumer Discretionary
TGTX,TG Therapeutics Inc. Common Stock,53.91,54.11000061035156,54.11000061035156,51.34000015258789,52.189998626708984,8251952647.0,1546979,Health Care
PCOR,Procore Technologies Inc. Common Stock,54.18,54.220001220703125,55.345001220703125,53.775001525878906,54.38999938964844,8232940213.0,5148957,Technology
OSK,Oshkosh Corporation (Holding Company)Common Stock,132.67,133.6999969482422,134.72000122070312,132.0399932861328,132.1300048828125,8191012500.0,728440,Industrials
GAP,Gap Inc. (The) Common Stock,23.3,23.579999923706055,24.209999084472656,23.43000030517578,23.790000915527344,8184594192.0,6939271,Consumer Discretionary
RAL,Ralliant Corporation Common Stock,73.96,74.37000274658203,75.20999908447266,73.5,73.86000061035156,8182934992.0,1552227,Industrials
REXR,Rexford Industrial Realty Inc. Common Stock,36.69,36.709999084472656,37.099998474121094,36.52000045776367,36.79999923706055,8181434270.0,3454170,Real Estate
SYRE,Spyre Therapeutics Inc. Common Stock,92.72,92.08000183105469,92.08000183105469,79.36000061035156,80.11000061035156,8175471213.0,642916,Health Care
COLB,Columbia Banking System Inc. Common Stock,28.84,28.969999313354492,29.170000076293945,28.75,28.889999389648438,8158901409.0,2597764,Finance
ADC,Agree Realty Corporation Common Stock,65.58,65.5,66.08999633789062,65.5,65.79000091552734,8156795150.0,2652513,Real Estate
AGCO,AGCO Corporation Common Stock,116.19,116.41000366210938,118.63999938964844,116.05999755859375,116.19000244140625,8136986593.0,953256,Industrials
SNEX,StoneX Group Inc. Common Stock,67.43,67.43000030517578,67.7699966430664,65.80000305175781,66.0,8133186441.0,1069396,Finance
EAT,Brinker International Inc. Common Stock,194.16,194.19000244140625,195.3300018310547,189.19000244140625,190.44000244140625,8131665442.0,1676816,Consumer Discretionary
PB,Prosperity Bancshares Inc. Common Stock,67.22,67.63999938964844,67.8499984741211,66.75,67.0999984741211,8078282547.0,1101460,Finance
ARE,Alexandria Real Estate Equities Inc. Common Stock,45.88,46.119998931884766,47.119998931884766,45.790000915527344,45.91999816894531,7994478512.0,2283172,Real Estate
CNM,Core & Main Inc. Class A Common Stock,41.82,42.0,42.56999969482422,41.83000183105469,42.099998474121094,7966461171.0,2583596,Consumer Discretionary
LINE,Lineage Inc. Common Stock,34.98,34.97999954223633,35.1349983215332,34.125,34.439998626708984,7965296220.0,1675534,Real Estate
ZWS,Zurn Elkay Water Solutions Corporation Common Stock,47.99,48.380001068115234,48.61000061035156,47.4900016784668,47.849998474121094,7959818015.0,1182037,Industrials
WYNN,Wynn Resorts Limited Common stock,77.17,77.81999969482422,79.11000061035156,76.43000030517578,76.62000274658203,7946495168.0,1971257,Consumer Discretionary
HNGE,Hinge Health Inc. Class A Common Stock,98.35,98.93000030517578,100.36000061035156,96.0199966430664,98.3499984741211,7936295912.0,3175441,Technology
PRAX,Praxis Precision Medicines Inc. Common Stock,283.56,289.4700012207031,289.4700012207031,272.1700134277344,280.1400146484375,7916991797.0,511408,Health Care
CBSH,Commerce Bancshares Inc. Common Stock,55.14,55.22999954223633,55.38999938964844,54.52000045776367,54.779998779296875,7908850295.0,1222460,Finance
UGI,UGI Corporation Common Stock,36.78,37.0,37.2599983215332,36.7599983215332,37.150001525878906,7889124886.0,2077116,Utilities
KTOS,Kratos Defense & Security Solutions Inc. Common Stock,42.02,42.150001525878906,44.13999938964844,41.9900016784668,43.709999084472656,7888050161.0,5563814,Industrials
FR,First Industrial Realty Trust Inc. Common Stock,59.22,58.2599983215332,59.810001373291016,58.2599983215332,59.2599983215332,7850969862.0,1615147,Real Estate
LNC,Lincoln National Corporation Common Stock,40.91,41.4900016784668,42.77000045776367,41.16999816894531,42.08000183105469,7832110516.0,1894624,Finance
PCTY,Paylocity Holding Corporation Common Stock,147.39,147.17999267578125,148.64999389648438,145.31500244140625,146.16000366210938,7820065777.0,556985,Technology
LEVI,Levi Strauss & Co Class A Common Stock,20.27,20.360000610351562,20.690000534057617,20.229999542236328,20.530000686645508,7800920892.0,4196427,Consumer Discretionary
MGM,MGM Resorts International Common Stock,30.17,30.489999771118164,31.0,30.34000015258789,30.540000915527344,7793609224.0,5046072,Consumer Discretionary
BOKF,BOK Financial Corporation Common Stock,128.23,128.42999267578125,129.11000061035156,127.52999877929688,128.14999389648438,7792135355.0,258274,Finance
KMX,CarMax Inc,54.86,55.099998474121094,55.959999084472656,54.689998626708984,55.290000915527344,7786982392.0,3519145,Consumer Discretionary
DBX,Dropbox Inc. Class A Common Stock,34.37,34.36000061035156,34.68000030517578,33.2599983215332,33.72999954223633,7757628125.0,4081854,Technology
NNN,NNN REIT Inc. Common Stock,40.38,40.470001220703125,40.7400016784668,40.31999969482422,40.5099983215332,7750189932.0,2891970,Real Estate
AOS,A.O. Smith Corporation Common Stock,56.97,57.2400016784668,57.880001068115234,56.77000045776367,56.900001525878906,7742711404.0,1456039,Consumer Discretionary
ACM,AECOM Common Stock,59.76,59.869998931884766,61.0,59.290000915527344,60.15999984741211,7690898358.0,1567024,Consumer Discretionary
THG,Hanover Insurance Group Inc,220.4,219.35000610351562,222.55999755859375,219.22000122070312,220.0399932861328,7674376708.0,403342,Finance
ATR,AptarGroup Inc. Common Stock,120.61,119.97000122070312,121.12999725341797,118.86000061035156,120.25,7668519969.0,413179,Industrials
CBC,Central Bancompany Inc. Class A Common Stock,31.93,32.0,32.43000030517578,32.0,32.13999938964844,7647398897.0,756797,Finance
IDA,IDACORP Inc. Common Stock,131.73,132.72999572753906,134.24000549316406,131.64999389648438,132.67999267578125,7619532324.0,706230,Utilities
CHRD,Chord Energy Corporation Common Stock,139.11,138.8000030517578,139.5399932861328,137.05999755859375,137.52999877929688,7609020974.0,565944,Energy
HQY,HealthEquity Inc. Common Stock,91.55,91.43000030517578,92.01000213623047,90.33999633789062,91.05000305175781,7572585349.0,1017963,Consumer Discretionary
KNSL,Kinsale Capital Group Inc. Common Stock,332.42,330.7900085449219,336.79998779296875,329.010986328125,336.45001220703125,7572004039.0,235664,Finance
TPGXL,TPG Operating Group II L.P. 6.950% Fixed-Rate Junior Subordinated Notes due 2064,20.7,20.670000076293945,20.92300033569336,20.594999313354492,20.84000015258789,7551893543.0,22744,Uncategorized
NTSK,Netskope Inc. Class A Common Stock,18.42,18.829999923706055,20.385000228881836,18.780000686645508,19.639999389648438,7526186318.0,3195374,Technology
SLAB,Silicon Laboratories Inc. Common Stock,222.8,222.66000366210938,223.0500030517578,222.52999877929688,222.6199951171875,7434114351.0,384077,Technology
EMN,Eastman Chemical Company Common Stock,64.94,65.19000244140625,65.73999786376953,63.75,64.11000061035156,7427669720.0,1362769,Industrials
APLD,Applied Digital Corporation Common Stock,24.7,25.299999237060547,25.889999389648438,24.815000534057617,25.34000015258789,7387631013.0,23861217,Technology
KEX,Kirby Corporation Common Stock,139.85,140.74000549316406,141.1699981689453,137.11000061035156,138.5,7384080000.0,626168,Consumer Discretionary
WULF,TeraWulf Inc. Common Stock,14.79,14.920000076293945,15.180000305175781,14.680000305175781,14.970000267028809,7379746733.0,36730167,Finance
SFD,Smithfield Foods Inc. Common Stock,18.73,18.760000228881836,18.93000030517578,18.69499969482422,18.780000686645508,7375263983.0,1731121,Consumer Staples
CHWY,Chewy Inc. Class A Common Stock,18.22,18.260000228881836,18.454999923706055,17.825000762939453,18.139999389648438,7323114477.0,8074269,Consumer Discretionary
PLXS,Plexus Corp. Common Stock,273.18,275.510009765625,275.510009765625,271.7300109863281,272.6300048828125,7280820405.0,237164,Technology
MSM,MSC Industrial Direct Company Inc. Common Stock,130.16,130.52999877929688,132.19000244140625,130.25999450683594,130.32000732421875,7268954148.0,600052,Industrials
PRH,Prudential Financial Inc. 5.950% Junior Subordinated Notes due 2062,20.64,20.6200008392334,20.94700050354004,20.209999084472656,20.329999923706055,7265280000.0,85339,Finance
NFG,National Fuel Gas Company Common Stock,76.34,76.4000015258789,78.79000091552734,76.01000213623047,78.3499984741211,7255742858.0,1041449,Utilities
RIOT,Riot Platforms Inc. Common Stock ,19.32,19.459999084472656,19.725000381469727,18.899999618530273,18.93000030517578,7250002624.0,13054579,Finance
CMC,Commercial Metals Company Common Stock,65.51,66.11000061035156,66.11000061035156,64.77999877929688,64.91000366210938,7247000186.0,1425471,Industrials
GJS,Goldman Sachs Group Securities STRATS Trust for Goldman Sachs Group Securities Series 2006-2,23.19,23.190000534057617,23.190000534057617,23.190000534057617,23.190000534057617,7236185175.0,198,Finance
APPF,AppFolio Inc. Class A Common Stock,204.25,205.0399932861328,209.63400268554688,202.2100067138672,203.30999755859375,7233920616.0,513793,Technology
IONS,Ionis Pharmaceuticals Inc. Common Stock,43.5,44.189998626708984,44.66999816894531,43.16999816894531,44.0,7229018007.0,2871834,Health Care
POWL,Powell Industries Inc. Common Stock,197.84,201.88999938964844,207.52000427246094,198.0,204.69000244140625,7207818462.0,659239,Energy
ACA,Arcosa Inc. Common Stock ,146.75,146.85000610351562,147.0500030517578,146.49000549316406,146.5,7206424221.0,640820,Industrials
PRMB,Primo Brands Corporation Class A Common Stock,19.88,20.020000457763672,20.040000915527344,19.170000076293945,19.219999313354492,7203598415.0,5914740,Consumer Staples
ALGM,Allegro MicroSystems Inc. Common Stock,38.46,38.89500045776367,39.290000915527344,37.97999954223633,38.7599983215332,7169022689.0,3483632,Technology
AUGO,Aura Minerals Inc. Common Shares,85.17,86.0,88.37999725341797,84.4000015258789,86.66999816894531,7136328123.0,1170291,Basic Materials
VSXY,Victorias Secret & Co. Common Stock ,89.41,88.33000183105469,89.58000183105469,84.83999633789062,85.08999633789062,7131702727.0,2618720,Consumer Discretionary
FSS,Federal Signal Corporation Common Stock,116.43,116.9800033569336,118.2699966430664,114.16000366210938,118.13999938964844,7107074769.0,553978,Industrials
MORN,Morningstar Inc. Common Stock,189.16,190.69000244140625,196.4499969482422,189.47999572753906,195.69000244140625,7096067090.0,296286,Finance
VCTR,Victory Capital Holdings Inc. Class A Common Stock,115.28,115.8499984741211,116.12999725341797,113.01000213623047,113.8499984741211,7090823460.0,713806,Finance
AMRX,Amneal Pharmaceuticals Inc. Class A Common Stock,20.35,20.530000686645508,20.600000381469727,20.0,20.295000076293945,7087823946.0,3909194,Health Care
SSD,Simpson Manufacturing Company Inc. Common Stock,172.77,174.44000244140625,176.30999755859375,173.50999450683594,175.02000427246094,7080923509.0,356825,Consumer Discretionary
AVAV,AeroVironment Inc. Common Stock,139.3,138.7100067138672,145.44000244140625,138.0,143.5399932861328,7079323789.0,1316150,Industrials
MSA,MSA Safety Incorporated Common Stock,183.13,184.16000366210938,184.6699981689453,182.3800048828125,182.4499969482422,7064842065.0,319865,Health Care
VLY,Valley National Bancorp Common Stock,12.76,12.859999656677246,12.899999618530273,12.649999618530273,12.670000076293945,7051242684.0,5887015,Finance
NPO,Enpro Inc. Common Stock,332.86,335.8900146484375,335.8900146484375,328.6700134277344,332.05999755859375,7045874298.0,293956,Industrials
COMP,Compass Inc. Class A Common Stock,9.29,9.359999656677246,9.454999923706055,9.1899995803833,9.289999961853027,7037381210.0,18344584,Finance
TRNO,Terreno Realty Corporation Common Stock,64.43,64.5,64.76000213623047,64.02999877929688,64.2300033569336,7020957073.0,859202,Finance
AXTA,Axalta Coating Systems Ltd. Common Shares,32.68,33.130001068115234,33.71500015258789,33.06999969482422,33.400001525878906,6994173502.0,3719801,Consumer Discretionary
URBN,Urban Outfitters Inc. Common Stock,81.6,81.5199966430664,81.62999725341797,79.56999969482422,80.25,6989870770.0,1260247,Consumer Discretionary
CELH,Celsius Holdings Inc. Common Stock,27.52,27.56999969482422,27.799999237060547,27.1299991607666,27.290000915527344,6963524493.0,7009201,Consumer Staples
SARO,StandardAero Inc. Common Stock,21.04,21.200000762939453,21.399999618530273,20.905000686645508,20.940000534057617,6962544828.0,3768279,Industrials
ENS,EnerSys Common Stock,193.02,195.3699951171875,196.5500030517578,191.9600067138672,192.49000549316406,6961309536.0,765475,Miscellaneous
TTAN,ServiceTitan Inc. Class A Common Stock,72.16,72.0,72.30999755859375,68.51000213623047,68.66999816894531,6961123880.0,1859382,Technology
CLF,Cleveland-Cliffs Inc. Common Stock,12.2,12.880000114440918,12.880000114440918,12.130000114440918,12.25,6960588573.0,25371942,Basic Materials
AAON,AAON Inc. Common Stock,84.35,85.33999633789062,89.30999755859375,85.25,88.06999969482422,6954964450.0,843261,Industrials
NOV,NOV Inc. Common Stock,19.51,19.600000381469727,19.6299991607666,19.0,19.0,6954888219.0,4446545,Consumer Discretionary
STAG,Stag Industrial Inc. Common Stock,36.05,36.08000183105469,36.38999938964844,35.9900016784668,36.119998931884766,6950740260.0,1705599,Real Estate
PRS,Prudential Financial Inc. 5.625% Junior Subordinated Notes due 2058,19.6702,19.719999313354492,19.920000076293945,19.40999984741211,19.540000915527344,6923910400.0,62840,Finance
HIMS,Hims & Hers Health Inc. Class A Common Stock,29.67,30.079999923706055,30.079999923706055,29.06999969482422,29.469999313354492,6922408964.0,7996561,Health Care
AWI,Armstrong World Industries Inc Common Stock,163.47,164.6999969482422,166.4499969482422,163.89999389648438,164.8699951171875,6908704166.0,348564,Industrials
MATX,Matson Inc. Common Stock,230.66,231.0,231.0,220.6199951171875,224.77999877929688,6897531622.0,273857,Consumer Discretionary
DUOL,Duolingo Inc. Class A Common Stock,147.1,146.86000061035156,149.75999450683594,144.6820068359375,148.1300048828125,6882260170.0,841427,Technology
GRAL,GRAIL Inc. Common Stock ,154.08,159.42999267578125,166.47500610351562,135.8000030517578,137.27999877929688,6882173335.0,1472207,Health Care
QLYS,Qualys Inc. Common Stock,198.68,200.00999450683594,204.41000366210938,195.77999877929688,199.92999267578125,6873334799.0,774485,Technology
IMVT,Immunovant Inc. Common Stock,33.25,33.5099983215332,33.5099983215332,31.360000610351562,32.11000061035156,6867876677.0,1104072,Health Care
PATH,UiPath Inc. Class A Common Stock,13.16,13.220000267028809,13.348999977111816,12.9399995803833,13.100000381469727,6858405182.0,29536193,Technology
NCLH,Norwegian Cruise Line Holdings Ltd. Ordinary Shares,14.87,15.050000190734863,15.739999771118164,15.050000190734863,15.510000228881836,6828123270.0,21601484,Consumer Discretionary
NE,Noble Corporation plc A Ordinary Shares,42.55,42.310001373291016,42.5099983215332,41.0099983215332,41.45000076293945,6792776376.0,1589970,Energy
FLR,Fluor Corporation Common Stock,50.61,51.18000030517578,52.630001068115234,51.0,52.0,6768635401.0,1919161,Industrials
MOS,Mosaic Company (The) Common Stock,21.29,21.299999237060547,21.5,20.850000381469727,20.940000534057617,6767998303.0,8862228,Industrials
PACS,PACS Group Inc. Common Stock,42.71,43.189998626708984,43.869998931884766,42.43000030517578,42.810001373291016,6762513989.0,844647,Health Care
OKLO,Oklo Inc. Class A common stock,35.97,37.369998931884766,39.29999923706055,37.0,38.54999923706055,6691054871.0,7660165,Utilities
CHE,Chemed Corp,511.3,513.77001953125,517.97998046875,506.32000732421875,509.8399963378906,6682671059.0,139819,Health Care
BROS,Dutch Bros Inc. Class A Common Stock,38.23,38.5,39.224998474121094,38.150001525878906,39.060001373291016,6678082003.0,4465245,Consumer Discretionary
PPC,Pilgrim's Pride Corporation Common Stock,27.99,28.049999237060547,28.43000030517578,27.889999389648438,27.889999389648438,6664657587.0,1964672,Consumer Staples
LAD,Lithia Motors Inc. Common Stock,303.0,298.4599914550781,299.989990234375,288.2900085449219,292.510009765625,6660884148.0,321409,Consumer Discretionary
MTRN,Materion Corporation,319.18,322.29998779296875,322.54998779296875,309.4700012207031,312.1499938964844,6649708346.0,618366,Industrials
RNG,RingCentral Inc. Class A Common Stock,79.06,79.31999969482422,80.16000366210938,76.29000091552734,77.26000213623047,6601997168.0,1701049,Technology
RUSHB,Rush Enterprises Inc. Class B,56.3,56.5099983215332,57.0,56.189998626708984,56.540000915527344,6571919099.0,105662,Consumer Discretionary
MTDR,Matador Resources Company Common Stock,53.01,52.560001373291016,53.15999984741211,52.099998474121094,52.90999984741211,6560210990.0,1445377,Energy
LNTH,Lantheus Holdings Inc. Common Stock,100.19,100.27999877929688,100.33999633789062,99.88999938964844,99.94999694824219,6539638650.0,659007,Health Care
ETSY,Etsy Inc. Common Stock,70.89,70.87999725341797,73.05000305175781,70.51100158691406,71.38999938964844,6506408116.0,2947273,Consumer Discretionary
TEX,Terex Corporation Common Stock,56.9,57.45000076293945,58.40999984741211,56.66999816894531,56.77000045776367,6503670000.0,1649604,Industrials
HXL,Hexcel Corporation Common Stock,85.9,86.1500015258789,87.16000366210938,85.08000183105469,86.01000213623047,6496054527.0,1046163,Industrials
MAC,Macerich Company (The) Common Stock,22.87,22.90999984741211,23.18000030517578,22.799999237060547,22.950000762939453,6485002906.0,2968174,Real Estate
OMF,OneMain Holdings Inc. Common Stock,56.24,56.52000045776367,56.52000045776367,55.95000076293945,56.18000030517578,6469932217.0,929845,Finance
TXNM,TXNM Energy Inc. Common Stock,58.51,58.630001068115234,58.68000030517578,58.5,58.54999923706055,6443458042.0,1266111,Utilities
ECG,Everus Construction Group Inc. Common Stock,126.17,128.22999572753906,132.8300018310547,128.08999633789062,132.74000549316406,6442724188.0,614516,Consumer Discretionary
MGY,Magnolia Oil & Gas Corporation Class A Common Stock,24.0,23.920000076293945,24.204999923706055,23.700000762939453,23.940000534057617,6432151728.0,4864194,Energy
CIFR,Cipher Digital Inc. Common Stock,15.48,15.59000015258789,15.779999732971191,15.21500015258789,15.5,6424675577.0,29655960,Finance
NFEGP,New Fortress Energy Inc. Series A Mandatorily Convertible Preferred Stock,393.495,340.0,340.0,318.7200012207031,319.989990234375,6422473894.0,675,Utilities
BLTE,Belite Bio Inc American Depositary Shares,159.18,158.24000549316406,158.24000549316406,152.63999938964844,155.61000061035156,6410519882.0,133290,Health Care
IOVA,Iovance Biotherapeutics Inc. Common Stock,14.15,14.210000038146973,14.210000038146973,12.920000076293945,12.960000038146973,6409545763.0,11751942,Health Care
CVLT,Commvault Systems Inc. Common Stock,153.73,155.22000122070312,158.2899932861328,153.7899932861328,154.97999572753906,6371272824.0,536744,Technology
RYTM,Rhythm Pharmaceuticals Inc. Common Stock,92.45,92.55000305175781,94.47000122070312,90.06999969482422,90.7699966430664,6365374981.0,1027296,Health Care
INGM,Ingram Micro Holding Corporation Common Stock,27.58,27.860000610351562,28.350000381469727,27.81999969482422,28.170000076293945,6361655312.0,1591228,Technology
ANDG,Andersen Group Inc. Class A Common Stock,56.0,56.560001373291016,57.69499969482422,56.220001220703125,57.119998931884766,6327353368.0,231210,Consumer Discretionary
FAF,First American Corporation (New) Common Stock,61.97,62.27000045776367,62.650001525878906,61.90999984741211,62.310001373291016,6327137000.0,928935,Finance
ZG,Zillow Group Inc. Class A Common Stock,28.13,28.510000228881836,28.90999984741211,28.09000015258789,28.360000610351562,6325732456.0,647781,Consumer Discretionary
UBSI,United Bankshares Inc. Common Stock,46.43,46.5,46.72999954223633,45.9900016784668,46.060001373291016,6324349672.0,1314040,Finance
CAVA,CAVA Group Inc. Common Stock,54.1,54.25,54.68000030517578,52.125,52.63999938964844,6319215312.0,3416223,Consumer Discretionary
PL,Planet Labs PBC Class A Common Stock,17.36,18.1200008392334,18.809999465942383,18.010000228881836,18.56999969482422,6316401089.0,6961364,Technology
ACT,Enact Holdings Inc. Common Stock,45.87,45.9900016784668,46.45000076293945,45.9900016784668,46.31999969482422,6306375989.0,454219,Finance
CAG,ConAgra Brands Inc. Common Stock,13.19,13.229999542236328,13.6899995803833,13.1899995803833,13.449999809265137,6297057909.0,15428306,Consumer Staples
VNO,Vornado Realty Trust Common Stock,33.21,33.43000030517578,33.81999969482422,33.20000076293945,33.52000045776367,6200988835.0,1404937,Real Estate
XMTR,Xometry Inc. Class A Common Stock,107.7,109.83000183105469,112.94000244140625,108.3499984741211,110.66000366210938,6173748812.0,849992,Consumer Discretionary
Z,Zillow Group Inc. Class C Capital Stock,27.41,27.489999771118164,28.15999984741211,27.280000686645508,27.700000762939453,6163822489.0,2446978,Consumer Discretionary
FNB,F.N.B. Corporation Common Stock,17.4,17.479999542236328,17.559999465942383,17.239999771118164,17.280000686645508,6142216913.0,4471871,Finance
LW,Lamb Weston Holdings Inc. Common Stock ,44.57,47.029998779296875,50.189998626708984,46.779998779296875,47.90999984741211,6127528660.0,6782475,Consumer Staples
ELF,e.l.f. Beauty Inc. Common Stock,103.75,104.16999816894531,105.19999694824219,102.4000015258789,102.79000091552734,6122079585.0,1247496,Consumer Discretionary
LGND,Ligand Pharmaceuticals Incorporated Common Stock,306.77,309.4100036621094,309.4100036621094,293.7300109863281,296.94000244140625,6115646773.0,163866,Health Care
CMSD,CMS Energy Corporation 5.875% Junior Subordinated Notes due 2079,20.43,20.43000030517578,20.5,20.239999771118164,20.329999923706055,6115423468.0,72224,Utilities
INGR,Ingredion Incorporated Common Stock,96.85,97.26000213623047,97.83000183105469,96.5,96.75,6107746366.0,1028896,Consumer Staples
CGON,CG Oncology Inc. Common stock,68.71,69.16999816894531,69.16999816894531,63.189998626708984,63.63999938964844,6090480166.0,788389,Health Care
CRUS,Cirrus Logic Inc. Common Stock,121.35,122.08000183105469,122.5,117.75,118.87000274658203,6081766027.0,770662,Technology
GATX,GATX Corporation Common Stock,172.27,172.52000427246094,172.52000427246094,169.75999450683594,170.8800048828125,6081131000.0,286026,Consumer Discretionary
CMSC,CMS Energy Corporation 5.875% Junior Subordinated Notes due 2078,20.27,20.31999969482422,20.329999923706055,20.06999969482422,20.1200008392334,6067529794.0,41965,Utilities
SFM,Sprouts Farmers Market Inc. Common Stock,64.92,64.20999908447266,65.6500015258789,63.40999984741211,65.16999816894531,6053635815.0,2170215,Consumer Staples
CZR,Caesars Entertainment Inc. Common Stock,29.65,29.68000030517578,29.719999313354492,29.639999389648438,29.649999618530273,6040309030.0,5516473,Consumer Discretionary
ANF,Abercrombie & Fitch Company Common Stock,141.4,140.58999633789062,144.49000549316406,139.50999450683594,141.38999938964844,6000220908.0,1469320,Consumer Discretionary
SWX,Southwest Gas Holdings Inc. Common Stock (DE),82.79,83.41000366210938,83.70999908447266,82.68000030517578,83.31999969482422,5997792170.0,846031,Utilities
BLDR,Builders FirstSource Inc. Common Stock,55.63,56.4900016784668,56.880001068115234,55.27000045776367,56.220001220703125,5985590903.0,2963442,Consumer Discretionary
LEA,Lear Corporation Common Stock,121.33,121.30000305175781,122.68000030517578,120.31999969482422,122.0,5984573616.0,588807,Consumer Discretionary
LYFT,Lyft Inc. Class A Common Stock,15.73,15.845000267028809,15.930000305175781,15.529999732971191,15.760000228881836,5954438117.0,11471899,Consumer Discretionary
KNSA,Kiniksa Pharmaceuticals International plc Class A Ordinary Shares,76.31,76.0,77.31999969482422,73.83999633789062,77.08999633789062,5954012432.0,391564,Health Care
QBTS,D-Wave Quantum Inc. Common Stock,15.64,15.75,16.260000228881836,15.635000228881836,15.789999961853027,5937360462.0,16228612,Technology
KOD,Kodiak Sciences Inc Common Stock,93.81,92.86000061035156,95.54000091552734,89.69999694824219,92.33999633789062,5895907561.0,3236141,Health Care
WFRD,Weatherford International plc Ordinary Shares,82.32,82.44999694824219,83.03500366210938,79.88999938964844,79.94000244140625,5886876401.0,802524,Consumer Discretionary
M,Macy's Inc Common Stock,22.51,22.469999313354492,22.68000030517578,22.110000610351562,22.459999084472656,5879086301.0,7077976,Consumer Discretionary
WEX,WEX Inc. common stock,172.48,172.6199951171875,172.9499969482422,169.67999267578125,171.47999572753906,5878396265.0,588879,Consumer Discretionary
HWC,Hancock Whitney Corporation Common Stock,73.18,73.38999938964844,73.94000244140625,72.72000122070312,72.72000122070312,5870723384.0,819718,Finance
XE,X-Energy Inc. Class A Common Stock,14.41,14.800000190734863,16.420000076293945,14.800000190734863,15.449999809265137,5855735616.0,4228513,Industrials
HR,Healthcare Realty Trust Incorporated Common Stock,17.08,17.110000610351562,17.360000610351562,16.989999771118164,17.040000915527344,5853653501.0,6122013,Real Estate
LOAR,Loar Holdings Inc. Common Stock,62.35,62.790000915527344,62.790000915527344,60.400001525878906,61.279998779296875,5841476167.0,501221,Industrials
CMSA,CMS Energy Corporation 5.625% Junior Subordinated Notes due 2078,19.48,19.399999618530273,19.5,19.270000457763672,19.31999969482422,5831054780.0,39305,Utilities
LGN,Legence Corp. Class A Common stock,53.79,54.79999923706055,56.7400016784668,54.224998474121094,56.34000015258789,5813380069.0,1494493,Consumer Discretionary
LSTR,Landstar System Inc. Common Stock,171.22,172.0500030517578,172.0500030517578,168.6199951171875,169.0500030517578,5810680299.0,367720,Industrials
BGC,BGC Group Inc. Class A Common Stock,12.2,12.260000228881836,12.329999923706055,11.84000015258789,11.850000381469727,5800691568.0,4051554,Finance
VAL,Valaris Limited Common Shares,83.49,82.2699966430664,83.08999633789062,80.86000061035156,82.0,5797195526.0,1169299,Energy
LUMN,Lumen Technologies Inc. Common Stock,5.62,5.71999979019165,5.920000076293945,5.579999923706055,5.909999847412109,5796723170.0,13139076,Telecommunications
POOL,Pool Corporation Common Stock,159.345,160.0,162.1699981689453,157.75,158.24000549316406,5790716331.0,855819,Consumer Discretionary
INSW,International Seaways Inc. Common Stock ,116.6,115.0,118.13999938964844,113.5,116.45999908447266,5775350863.0,1087532,Consumer Discretionary
MKTX,MarketAxess Holdings Inc. Common Stock,164.04,164.17999267578125,164.25999450683594,164.02999877929688,164.02999877929688,5773041840.0,833859,Finance
CPB,The Campbell's Company Common Stock,19.3,19.209999084472656,19.329999923706055,18.899999618530273,19.0,5755929575.0,7596662,Consumer Staples
JOBY,Joby Aviation Inc. Common Stock,5.78,5.820000171661377,5.929999828338623,5.730000019073486,5.78000020980835,5744594292.0,21583975,Industrials
CVI,CVR Energy Inc. Common Stock,56.94,56.18000030517578,58.560001373291016,55.650001525878906,57.41999816894531,5724212307.0,835453,Energy
SEI,Solaris Energy Infrastructure Inc. Class A Common Stock,74.75,75.80000305175781,80.27999877929688,75.80000305175781,79.69999694824219,5723337802.0,1815158,Consumer Discretionary
HOMB,Home BancShares Inc. Common Stock,28.57,28.68000030517578,28.8700008392334,28.459999084472656,28.549999237060547,5715417929.0,1664117,Finance
GBCI,Glacier Bancorp Inc. Common Stock,43.75,43.630001068115234,44.099998474121094,43.41999816894531,43.58000183105469,5696772944.0,1204718,Finance
NOVT,Novanta Inc. Common Stock,150.61,151.8699951171875,153.6699981689453,148.67999267578125,149.10000610351562,5695734340.0,335700,Miscellaneous
JBTM,JBT Marel Corporation Common Stock,109.76,110.12000274658203,110.73999786376953,107.93000030517578,108.69000244140625,5693999434.0,525023,Industrials
VSH,Vishay Intertechnology Inc. Common Stock,37.1,37.130001068115234,37.9900016784668,36.599998474121094,37.84000015258789,5690367096.0,4446454,Technology
NAVN,Navan Inc. Class A Common Stock,21.84,21.860000610351562,22.174999237060547,21.139999389648438,21.34000015258789,5687365167.0,2628780,Technology
AXTI,AXT Inc Common Stock,86.66,87.77999877929688,88.36000061035156,83.91000366210938,84.05999755859375,5682574552.0,4953412,Technology
PEGA,Pegasystems Inc. Common Stock,34.53,34.720001220703125,35.220001220703125,34.15999984741211,34.599998474121094,5676902751.0,1801232,Technology
MMED,MiniMed Group Inc. Common Stock,20.16,19.790000915527344,20.0,19.399999618530273,19.639999389648438,5672014609.0,15348388,Health Care
EPAM,EPAM Systems Inc. Common Stock,109.95,109.0,109.9800033569336,107.58000183105469,109.30999755859375,5671988561.0,1045476,Technology
LKQ,LKQ Corporation Common Stock,22.4,22.399999618530273,22.760000228881836,22.31999969482422,22.389999389648438,5667246726.0,2664112,Consumer Discretionary
CROX,Crocs Inc. Common Stock,118.19,118.55999755859375,120.37000274658203,117.2300033569336,120.22000122070312,5666628414.0,1182240,Consumer Discretionary
SNDR,Schneider National Inc. Common Stock,32.32,32.61000061035156,32.650001525878906,31.530000686645508,31.600000381469727,5665725056.0,869716,Industrials
TTD,The Trade Desk Inc. Class A Common Stock,11.98,12.03499984741211,12.119999885559082,11.869999885559082,11.920000076293945,5664085346.0,24855345,Technology
PI,Impinj Inc. Common Stock,185.19,187.5399932861328,189.32000732421875,184.02999877929688,184.16000366210938,5658371743.0,542417,Technology
PJT,PJT Partners Inc. Class A Common Stock,137.95,141.1999969482422,141.1999969482422,136.75,139.64999389648438,5657551462.0,379061,Finance
MCY,Mercury General Corporation Common Stock,101.91,102.01000213623047,103.80999755859375,102.01000213623047,103.0,5644654978.0,382274,Finance
ORA,Ormat Technologies Inc. Common Stock,91.29,92.87999725341797,93.7699966430664,92.23999786376953,93.06999969482422,5614055744.0,922280,Utilities
VFC,V.F. Corporation Common Stock,14.27,14.34000015258789,14.609999656677246,14.0,14.449999809265137,5610030314.0,8755373,Industrials
ORKA,Oruka Therapeutics Inc. Common Stock,84.38,84.94000244140625,84.94000244140625,77.77999877929688,80.18000030517578,5586774402.0,629632,Health Care
ACI,Albertsons Companies Inc. Class A Common Stock,11.51,11.510000228881836,11.595000267028809,11.390000343322754,11.479999542236328,5586098611.0,7120810,Consumer Staples
YOU,Clear Secure Inc. Class A Common Stock,41.25,41.279998779296875,41.939998626708984,41.13999938964844,41.5,5580633383.0,1794166,Technology
CGABL,The Carlyle Group Inc. 4.625% Subordinated Notes due 2061,15.405,15.329999923706055,15.550000190734863,15.109999656677246,15.550000190734863,5572064092.0,9148,Finance
MTG,MGIC Investment Corporation Common Stock,27.12,27.139999389648438,27.440000534057617,27.020000457763672,27.360000610351562,5562985661.0,2807618,Finance
STEP,StepStone Group Inc. Class A Common Stock,46.08,46.45000076293945,46.59000015258789,44.7599983215332,45.15999984741211,5560780861.0,1288594,Finance
DLB,Dolby Laboratories Common Stock,59.36,59.68000030517578,59.68000030517578,58.34000015258789,58.459999084472656,5560179671.0,758730,Miscellaneous
RDNT,RadNet Inc. Common Stock,70.57,71.2699966430664,71.54499816894531,69.44000244140625,70.27999877929688,5553665426.0,681438,Health Care
EPRT,Essential Properties Realty Trust Inc. Common Stock,25.64,25.719999313354492,25.8700008392334,25.53499984741211,25.579999923706055,5545239823.0,2403831,Real Estate
VRNS,Varonis Systems Inc. Common Stock,48.15,48.56999969482422,49.349998474121094,48.5,49.08000183105469,5530532353.0,1081399,Technology
CACC,Credit Acceptance Corporation Common Stock,531.35,533.9199829101562,538.9600219726562,529.6799926757812,536.5800170898438,5515721183.0,130534,Finance
RUSHA,Rush Enterprises Inc. Common Stock Cl A,47.16,47.41999816894531,47.66999816894531,46.91999816894531,47.04999923706055,5505003636.0,654732,Consumer Discretionary
MUR,Murphy Oil Corporation Common Stock,38.39,38.189998626708984,38.5099983215332,37.68000030517578,37.790000915527344,5504401389.0,1789424,Energy
SXT,Sensient Technologies Corporation Common Stock,129.22,130.57000732421875,133.5500030517578,129.42999267578125,132.91000366210938,5499966437.0,415439,Industrials
ASB,Associated Banc-Corp Common Stock,29.02,29.219999313354492,29.31999969482422,28.799999237060547,28.899999618530273,5480417104.0,1471215,Finance
AUB,Atlantic Union Bankshares Corporation Common Stock,38.36,38.56999969482422,38.72999954223633,38.11000061035156,38.13999938964844,5478379411.0,1275057,Finance
EXLS,ExlService Holdings Inc. Common Stock,35.9,35.900001525878906,36.11000061035156,35.2400016784668,35.40999984741211,5442888714.0,2845684,Consumer Discretionary
AGX,Argan Inc. Common Stock,387.74,392.29998779296875,421.19000244140625,392.29998779296875,419.6400146484375,5439930937.0,269718,Consumer Discretionary
TVTX,Travere Therapeutics Inc. Common Stock,57.67,57.86000061035156,58.77180099487305,55.15999984741211,55.97999954223633,5436036599.0,2644016,Health Care
KGS,Kodiak Gas Services Inc. Common Stock,53.56,53.810001373291016,56.209999084472656,52.91999816894531,55.88999938964844,5429777561.0,1940661,Utilities
CAKE,Cheesecake Factory Incorporated (The) Common Stock,109.03,110.0,110.68000030517578,107.18000030517578,108.2300033569336,5425401925.0,817000,Consumer Discretionary
CHDN,Churchill Downs Incorporated Common Stock,77.57,77.9000015258789,79.45999908447266,77.5,78.20999908447266,5406647850.0,1339050,Consumer Discretionary
OCTV,Octave Intelligence plc Class B Ordinary Shares,20.11,20.100000381469727,20.309999465942383,19.68000030517578,19.719999313354492,5398283917.0,1920626,Technology
ABCB,Ameris Bancorp Common Stock,80.4,80.81999969482422,81.37000274658203,79.80000305175781,79.94999694824219,5395422016.0,625145,Finance
BKH,Black Hills Corporation Common Stock,70.48,70.80999755859375,71.47000122070312,70.62999725341797,70.73999786376953,5374321378.0,1073852,Utilities
RRR,Red Rock Resorts Inc. Class A Common Stock,51.06,51.61000061035156,52.31999969482422,51.42499923706055,52.04999923706055,5362126610.0,1224731,Consumer Discretionary
RYN,Rayonier Inc. REIT Common Stock,18.01,17.90999984741211,18.139999389648438,17.709999084472656,18.09000015258789,5359186911.0,3607949,Real Estate
COGT,Cogent Biosciences Inc. Common Stock,30.87,31.170000076293945,31.170000076293945,29.700000762939453,30.3799991607666,5356716194.0,1792920,Health Care
FTDR,Frontdoor Inc. Common Stock,77.62,78.56999969482422,78.93000030517578,77.43000030517578,78.7699966430664,5347499188.0,641535,Consumer Discretionary
AN,AutoNation Inc. Common Stock,161.67,159.05999755859375,161.6699981689453,156.0500030517578,158.13999938964844,5344940506.0,630274,Consumer Discretionary
PFH,Prudential Financial Inc. 4.125% Junior Subordinated Notes due 2060,14.96,14.920000076293945,15.039999961853027,14.765000343322754,14.899999618530273,5340720000.0,121084,Finance
CORZ,Core Scientific Inc. Common Stock,16.6,16.799999237060547,16.959999084472656,16.5,16.68000030517578,5334251321.0,14730834,Finance
CORZZ,Core Scientific Inc. Tranche 2 Warrants,16.59,16.549999237060547,16.84000015258789,16.549999237060547,16.719999313354492,5331037916.0,4500,Finance
SAIC,Science Applications International Corporation Common Stock,126.9,127.0,127.18000030517578,124.22000122070312,124.58999633789062,5316809882.0,407420,Technology
PTCT,PTC Therapeutics Inc. Common Stock,63.65,64.52999877929688,65.2699966430664,62.91999816894531,63.70000076293945,5312280047.0,1044053,Health Care
CWST,Casella Waste Systems Inc. Class A Common Stock,83.42,83.51000213623047,84.0,81.63999938964844,82.05999755859375,5308852637.0,864859,Utilities
TFX,Teleflex Incorporated Common Stock,125.24,125.5999984741211,126.94000244140625,123.80999755859375,124.73999786376953,5306719000.0,561677,Health Care
ACMR,ACM Research Inc. Class A Common Stock,76.17,77.04000091552734,78.41999816894531,75.08000183105469,75.3499984741211,5305179259.0,2148357,Technology
LAUR,Laureate Education Inc. Common Stock,38.51,38.220001220703125,38.7400016784668,38.11000061035156,38.25,5304727854.0,1992863,Real Estate
PSMT,PriceSmart Inc. Common Stock,171.81,173.1699981689453,173.1699981689453,171.0500030517578,172.0,5302146628.0,347507,Consumer Discretionary
SHC,Sotera Health Company Common Stock,18.55,18.770000457763672,18.979999542236328,18.190000534057617,18.25,5293702447.0,2505995,Health Care
BCPC,Balchem Corporation Common Stock,166.04,167.17999267578125,167.91000366210938,164.58999633789062,165.2899932861328,5293026607.0,272247,Industrials
MIRM,Mirum Pharmaceuticals Inc. Common Stock,81.43,81.94000244140625,81.94000244140625,77.77999877929688,79.25,5287429290.0,980197,Health Care
SRRK,Scholar Rock Holding Corporation Common Stock,43.4,43.58000183105469,43.75,41.88999938964844,42.45000076293945,5285481239.0,3352073,Health Care
WH,Wyndham Hotels & Resorts Inc. Common Stock ,71.22,71.48999786376953,73.54000091552734,70.86000061035156,72.6500015258789,5285316109.0,1578949,Consumer Discretionary
AROC,Archrock Inc. Common Stock,30.1,30.18000030517578,30.950000762939453,29.81999969482422,30.829999923706055,5277679369.0,1979942,Utilities
GXO,GXO Logistics Inc. Common Stock ,45.99,46.29999923706055,47.119998931884766,46.119998931884766,46.400001525878906,5274343788.0,1042028,Consumer Discretionary
OZK,Bank OZK Common Stock,46.59,46.720001220703125,46.900001525878906,44.189998626708984,44.58000183105469,5271012390.0,1267127,Finance
EXP,Eagle Materials Inc Common Stock,169.82,172.41000366210938,173.16000366210938,170.52999877929688,171.5399932861328,5209283692.0,435205,Industrials
POR,Portland General Electric Co Common Stock,44.25,44.4900016784668,44.72999954223633,43.939998626708984,44.27000045776367,5204142495.0,1795273,Utilities
GVA,Granite Construction Incorporated Common Stock,118.9,119.7699966430664,122.20999908447266,118.58000183105469,120.91999816894531,5203600239.0,1279066,Industrials
MMSI,Merit Medical Systems Inc. Common Stock,87.14,87.44999694824219,88.9000015258789,84.22000122070312,84.95999908447266,5203165999.0,699304,Health Care
ROAD,Construction Partners Inc. Class A Common Stock,90.5,91.0,95.47000122070312,91.0,93.88999938964844,5192397228.0,727870,Industrials
WHD,Cactus Inc. Class A Common Stock,64.75,64.83999633789062,64.83999633789062,63.040000915527344,64.16999816894531,5191617251.0,552796,Consumer Discretionary
MBGL,Mobility Global Inc. Common Stock,17.59,17.639999389648438,17.760000228881836,17.200000762939453,17.6200008392334,5185907019.0,8118113,Consumer Discretionary
PAGP,Plains GP Holdings L.P. Class A Units representing Limited Partner Interests,26.18,26.020000457763672,26.440000534057617,25.950000762939453,26.239999771118164,5181129966.0,1645293,Energy
ACIW,ACI Worldwide Inc. Common Stock,51.22,51.599998474121094,51.599998474121094,50.189998626708984,50.709999084472656,5170927444.0,1007483,Technology
NJR,NewJersey Resources Corporation Common Stock,50.89,51.54999923706055,51.619998931884766,51.0,51.54999923706055,5163703772.0,1136339,Utilities
OLLI,Ollie's Bargain Outlet Holdings Inc. Common Stock,86.85,86.5,88.20999908447266,86.16000366210938,87.75,5159098701.0,1624774,Consumer Discretionary
ERAS,Erasca Inc. Common Stock,14.72,14.739999771118164,14.930000305175781,14.020000457763672,14.300000190734863,5148497155.0,5486399,Health Care
HRB,H&R Block Inc. Common Stock,42.0,42.02000045776367,42.709999084472656,41.84000015258789,42.630001068115234,5147396688.0,2162986,Consumer Discretionary
RLI,RLI Corp. Common Stock (DE),56.08,56.540000915527344,56.77000045776367,55.630001068115234,56.040000915527344,5146628158.0,949112,Finance
BLLN,BillionToOne Inc. Class A Common Stock,109.06,107.86000061035156,112.87000274658203,98.9000015258789,99.94000244140625,5146218364.0,407975,Health Care
MAIN,Main Street Capital Corporation Common Stock,54.99,54.939998626708984,55.13999938964844,54.66999816894531,54.77000045776367,5142030270.0,561839,Finance
IRDM,Iridium Communications Inc Common Stock,48.44,48.52000045776367,49.63999938964844,48.52000045776367,49.040000915527344,5132720953.0,1065258,Consumer Discretionary
USAR,USA Rare Earth Inc. Class A Common Stock,13.65,13.805000305175781,14.0600004196167,13.729999542236328,13.739999771118164,5119795140.0,9786151,Basic Materials
NIQ,NIQ Global Intelligence plc Ordinary Shares,17.32,17.450000762939453,17.600000381469727,16.989999771118164,17.25,5108635564.0,3681778,Technology
DOCS,Doximity Inc. Class A Common Stock,28.58,29.059999465942383,29.200000762939453,27.709999084472656,27.790000915527344,5094270108.0,3164196,Technology
OUT,OUTFRONT Media Inc. Common Stock,28.89,28.93000030517578,29.170000076293945,28.690000534057617,29.06999969482422,5088547401.0,1532732,Real Estate
IBP,Installed Building Products Inc. Common Stock,191.11,191.38999938964844,193.64999389648438,188.0,192.85000610351562,5079546516.0,476700,Consumer Discretionary
SIGI,Selective Insurance Group Inc. Common Stock,85.25,85.25,86.04000091552734,84.55999755859375,84.81999969482422,5078267395.0,437691,Finance
MWH,SOLV Energy Inc. Class A Common Stock,25.09,25.229999542236328,27.110000610351562,25.170000076293945,26.520000457763672,5077882855.0,1242378,Industrials
WAY,Waystar Holding Corp. Common Stock,26.48,26.7549991607666,26.7549991607666,25.954999923706055,26.399999618530273,5077498056.0,3533978,Technology
RGTI,Rigetti Computing Inc. Common Stock,15.15,15.279999732971191,15.770000457763672,14.994999885559082,15.170000076293945,5056596517.0,12378433,Technology
MRCY,Mercury Systems Inc Common Stock,82.94,83.80000305175781,84.13999938964844,81.25,82.80000305175781,5048025823.0,538597,Technology
AX,Axos Financial Inc. Common Stock,88.51,88.97000122070312,89.7300033569336,88.80000305175781,89.02999877929688,5032501846.0,400727,Finance
OBDC,Blue Owl Capital Corporation Common Stock,10.17,10.1899995803833,10.204999923706055,9.979999542236328,10.029999732971191,5015259927.0,5010050,Finance
CNO,CNO Financial Group Inc. Common Stock,54.03,54.09000015258789,54.81999969482422,53.91999816894531,54.040000915527344,4998929675.0,822710,Finance
CE,Celanese Corporation Common Stock,45.53,45.5099983215332,46.09000015258789,44.459999084472656,44.849998474121094,4996868601.0,1423485,Industrials
BYD,Boyd Gaming Corporation Common Stock,68.71,70.37000274658203,71.29000091552734,69.88999938964844,70.41000366210938,4992153496.0,1508050,Consumer Discretionary
HGTY,Hagerty Inc. Class A Common Stock,13.75,13.8100004196167,13.994999885559082,13.680000305175781,13.829999923706055,4978828113.0,372374,Finance
MANE,Veradermics Incorporated Common Stock,118.87,119.29000091552734,119.29000091552734,108.7699966430664,108.95999908447266,4966404766.0,536429,Health Care
MTN,Vail Resorts Inc. Common Stock,139.3,139.6699981689453,147.3699951171875,139.6699981689453,145.1999969482422,4963997011.0,824121,Consumer Discretionary
FND,Floor & Decor Holdings Inc. Common Stock,46.55,46.91999816894531,47.29999923706055,46.150001525878906,46.959999084472656,4957107871.0,3044712,Consumer Discretionary
HESM,Hess Midstream LP Class A Representing Limited Partner Interests,38.41,38.34000015258789,38.849998474121094,38.04999923706055,38.689998626708984,4929957339.0,985791,Energy
CLMT,Calumet Inc. Common Stock,56.03,55.75,56.939998626708984,55.33000183105469,56.209999084472656,4924938051.0,1289864,Energy
DNTH,Dianthus Therapeutics Inc. Common Stock,88.04,88.58000183105469,88.58000183105469,83.19000244140625,85.4000015258789,4924462639.0,597449,Health Care
CSW,CSW Industrials Inc. Common Stock,301.99,304.6300048828125,306.0799865722656,296.4700012207031,296.8900146484375,4920470139.0,141717,Industrials
GHC,Graham Holdings Company Common Stock,1155.36,1160.9100341796875,1165.27001953125,1147.949951171875,1157.6700439453125,4892866414.0,26044,Real Estate
RITM,Rithm Capital Corp. Common Stock,8.74,8.819999694824219,8.84000015258789,8.619999885559082,8.65999984741211,4880477451.0,6917067,Real Estate
HCC,Warrior Met Coal Inc. Common Stock,92.29,93.01000213623047,93.01000213623047,89.9800033569336,92.41999816894531,4873104609.0,663423,Energy
SBRA,Sabra Health Care REIT Inc. Common Stock,19.07,19.049999237060547,19.190000534057617,18.899999618530273,19.1200008392334,4871674757.0,3713350,Real Estate
GOLF,Acushnet Holdings Corp. Common Stock,83.39,83.6500015258789,83.6500015258789,82.23999786376953,82.95999908447266,4870396619.0,292077,Consumer Discretionary
DFTX,Definium Therapeutics Inc. Common Shares,36.23,36.54999923706055,36.54999923706055,34.380001068115234,35.619998931884766,4868114599.0,2602439,Health Care
RSI,Rush Street Interactive Inc. Class A Common Stock,20.99,21.020000457763672,21.219999313354492,20.420000076293945,20.559999465942383,4864922784.0,4056884,Consumer Discretionary
EBC,Eastern Bankshares Inc. Common Stock,21.24,21.299999237060547,21.3700008392334,21.110000610351562,21.200000762939453,4853585364.0,2494891,Finance
RELY,Remitly Global Inc. Common Stock,22.91,23.09000015258789,23.600000381469727,22.66900062561035,23.200000762939453,4849681677.0,3630566,Consumer Discretionary
BOX,Box Inc. Class A Common Stock,35.34,35.720001220703125,35.834999084472656,34.880001068115234,35.27000045776367,4848675318.0,2815678,Technology
BETA,Beta Technologies Inc. Class A Common Stock,20.7,20.8700008392334,21.559999465942383,20.219999313354492,20.899999618530273,4842579942.0,2875894,Industrials
CWEN,Clearway Energy Inc. Class C Common Stock,29.52,30.0,30.729999542236328,29.75,30.729999542236328,4838732719.0,1689895,Utilities
KRG,Kite Realty Group Trust Common Stock,24.13,24.149999618530273,24.440000534057617,24.0,24.1299991607666,4834371493.0,2948114,Real Estate
NXST,Nexstar Media Group Inc. Common Stock,156.66,157.55999755859375,158.6199951171875,155.64999389648438,157.36000061035156,4826428435.0,387710,Industrials
WTM,White Mountains Insurance Group Ltd. Common Stock,2019.44,2015.6400146484375,2038.780029296875,2008.989990234375,2037.25,4819839856.0,20378,Finance
HLNE,Hamilton Lane Incorporated Class A Common Stock,87.33,88.0999984741211,88.31999969482422,86.48999786376953,86.5,4812812017.0,618743,Finance
PECO,Phillips Edison & Company Inc. Common Stock,37.36,37.47999954223633,37.77000045776367,37.11000061035156,37.540000915527344,4808232000.0,1614048,Real Estate
STWD,STARWOOD PROPERTY TRUST INC. Starwood Property Trust Inc.,12.98,13.0600004196167,13.100000381469727,12.770000457763672,12.930000305175781,4804792971.0,7956659,Real Estate
FLG,Flagstar Bank N.A. Common Stock,11.57,11.630000114440918,11.720000267028809,11.539999961853027,11.5600004196167,4802624113.0,8377850,Finance
EQPT,EquipmentShare.com Inc Class A Common Stock,18.9,19.0,19.950000762939453,18.739999771118164,18.899999618530273,4788805701.0,2994280,Consumer Discretionary
CNX,CNX Resources Corporation Common Stock,32.24,32.34000015258789,33.41999816894531,32.34000015258789,33.2400016784668,4769702857.0,2162706,Energy
SON,Sonoco Products Company Common Stock,48.22,47.9900016784668,48.560001373291016,47.68000030517578,48.02000045776367,4767752645.0,1069578,Consumer Discretionary
DIOD,Diodes Incorporated Common Stock,103.53,107.55999755859375,110.86000061035156,106.44999694824219,107.73999786376953,4767733019.0,421504,Technology
HAE,Haemonetics Corporation Common Stock,104.68,104.91999816894531,105.58000183105469,102.80000305175781,103.5199966430664,4762631299.0,652650,Health Care
ADPT,Adaptive Biotechnologies Corporation Common Stock,29.84,30.22100067138672,30.739999771118164,26.850000381469727,26.899999618530273,4762339925.0,1425248,Health Care
KVYO,Klaviyo Inc. Series A Common Stock,16.7,16.8799991607666,16.9950008392334,16.315000534057617,16.600000381469727,4754948198.0,4255751,Technology
MIDD,Middleby Corporation (The) Common Stock,105.11,105.94999694824219,106.87000274658203,105.22000122070312,105.91999816894531,4753321103.0,667288,Industrials
SYNA,Synaptics Incorporated Common Stock $0.001 Par Value,119.73,120.5,120.6500015258789,119.12999725341797,119.38999938964844,4752372608.0,1533138,Technology
IEP,Icahn Enterprises L.P. Common Stock,6.67,6.659999847412109,6.699999809265137,6.599999904632568,6.630000114440918,4741803670.0,823984,Energy
RXO,RXO Inc. Common Stock,28.65,28.729999542236328,28.829999923706055,28.15999984741211,28.540000915527344,4725133567.0,20722559,Consumer Discretionary
VSEC,VSE Corporation Common Stock,168.13,170.4499969482422,172.72000122070312,164.5399932861328,168.47999572753906,4718563742.0,386405,Consumer Discretionary
MYRG,MYR Group Inc. Common Stock,302.65,314.510009765625,329.6400146484375,314.489990234375,324.510009765625,4712033513.0,190152,Industrials
CRC,California Resources Corporation Common Stock,53.01,52.7599983215332,53.290000915527344,52.32500076293945,52.470001220703125,4708342528.0,736167,Energy
DAVE,Dave Inc. Class A Common Stock,368.94,371.1000061035156,375.6400146484375,342.25,343.1400146484375,4706016753.0,288695,Finance
TFSL,TFS Financial Corporation Common Stock,16.77,16.81999969482422,16.920000076293945,16.479999542236328,16.56999969482422,4703025001.0,628996,Finance
REYN,Reynolds Consumer Products Inc. Common Stock,22.23,22.389999389648438,22.55500030517578,22.21500015258789,22.31999969482422,4685883530.0,1249316,Consumer Discretionary
NSIT,Insight Enterprises Inc. Common Stock,159.39,159.38999938964844,161.0500030517578,159.08999633789062,159.49000549316406,4677913202.0,352016,Consumer Discretionary
LFST,LifeStance Health Group Inc. Common Stock,12.22,12.199999809265137,12.319999694824219,11.920000076293945,12.119999885559082,4669923676.0,3232384,Health Care
HASI,HA Sustainable Infrastructure Capital Inc. Common Stock,36.31,35.970001220703125,36.619998931884766,35.970001220703125,36.56999969482422,4665682135.0,1345343,Finance
SKY,Champion Homes Inc. Common Stock,85.76,85.9000015258789,86.23999786376953,84.88999938964844,85.88999938964844,4655064292.0,621688,Consumer Discretionary
PIPR,Piper Sandler Companies Common Stock,65.63,66.0999984741211,66.26000213623047,65.13999938964844,65.66000366210938,4638091198.0,885626,Finance
CON,Concentra Group Holdings Parent Inc. Common Stock,36.21,36.529998779296875,36.83000183105469,36.154998779296875,36.400001525878906,4617417221.0,1037253,Health Care
DK,Delek US Holdings Inc. Common Stock,75.4,74.5,76.4800033569336,73.36000061035156,75.66999816894531,4616905920.0,1552177,Energy
GNTX,Gentex Corporation Common Stock,21.91,21.40999984741211,21.84000015258789,21.329999923706055,21.549999237060547,4616071782.0,2254181,Consumer Discretionary
FBIN,Fortune Brands Innovations Inc. Common Stock,38.66,38.560001373291016,39.380001068115234,38.5,39.349998474121094,4614901301.0,1659716,Basic Materials
FFIN,First Financial Bankshares Inc. Common Stock,32.03,32.13999938964844,32.290000915527344,31.81999969482422,31.920000076293945,4590780049.0,1009627,Finance
MAT,Mattel Inc. Common Stock,16.05,15.949999809265137,16.139999389648438,15.579999923706055,15.930000305175781,4585485000.0,14729722,Consumer Discretionary
SR,Spire Inc. Common Stock,77.41,77.72000122070312,78.25,77.44999694824219,78.16999816894531,4575922390.0,506948,Utilities
UNF,Unifirst Corporation Common Stock,252.89,252.1999969482422,254.74000549316406,250.39999389648438,251.72000122070312,4573306510.0,245592,Consumer Discretionary
LPX,Louisiana-Pacific Corporation Common Stock,65.29,65.70999908447266,68.0199966430664,65.01000213623047,66.88999938964844,4565299439.0,1538650,Basic Materials
OGS,ONE Gas Inc. Common Stock,72.57,73.08000183105469,73.38999938964844,72.44999694824219,73.1500015258789,4561479514.0,577440,Utilities
OII,Oceaneering International Inc. Common Stock,45.66,46.36000061035156,46.36000061035156,44.09000015258789,44.970001220703125,4544523591.0,842308,Energy
TPC,Tutor Perini Corporation Common Stock,86.43,87.52999877929688,89.62000274658203,87.30000305175781,89.05999755859375,4543548782.0,537298,Consumer Discretionary
HTFL,Heartflow Inc. Common Stock,52.21,54.0,54.31999969482422,49.5099983215332,50.689998626708984,4539848866.0,2453306,Health Care
ADT,ADT Inc. Common Stock,6.21,6.239999771118164,6.394999980926514,6.199999809265137,6.360000133514404,4536772930.0,6388792,Consumer Discretionary
CHEF,The Chefs' Warehouse Inc. Common Stock,111.07,111.97000122070312,114.30000305175781,110.37999725341797,111.20999908447266,4531220939.0,819918,Consumer Discretionary
HRI,Herc Holdings Inc. Common Stock ,135.51,135.13999938964844,141.2899932861328,134.35000610351562,134.72999572753906,4530294976.0,547625,Industrials
HCXY,Hercules Capital Inc. 6.25% Notes due 2033,24.9096,24.899999618530273,24.899999618530273,24.530000686645508,24.56999969482422,4525468593.0,6673,Finance
CNR,Core Natural Resources Inc. Common Stock,91.01,89.94999694824219,91.25,88.4800033569336,90.20999908447266,4517395750.0,610489,Energy
TREX,Trex Company Inc. Common Stock,44.21,44.4900016784668,45.5,44.25,44.86000061035156,4503460050.0,1631238,Basic Materials
CHH,Choice Hotels International Inc. Common Stock,99.58,99.08000183105469,104.72000122070312,99.08000183105469,103.05999755859375,4498968635.0,876519,Consumer Discretionary
CUZ,Cousins Properties Incorporated Common Stock,27.33,27.469999313354492,27.860000610351562,27.020000457763672,27.65999984741211,4498574245.0,1575848,Real Estate
PSN,Parsons Corporation Common Stock,42.11,42.400001525878906,42.630001068115234,41.709999084472656,42.099998474121094,4497575141.0,1976809,Technology
CRGY,Crescent Energy Company Class A Common Stock,13.56,13.529999732971191,13.6850004196167,13.430000305175781,13.619999885559082,4480274118.0,3636822,Energy
NNI,Nelnet Inc. Common Stock,125.01,124.94999694824219,125.55999755859375,124.08000183105469,124.31999969482422,4472787544.0,152334,Finance
AMTM,Amentum Holdings Inc. Common Stock,18.24,18.40999984741211,18.93000030517578,18.309999465942383,18.770000457763672,4459796973.0,2000636,Consumer Discretionary
BWIN,The Baldwin Insurance Group Inc. Class A Common Stock,31.9,31.829999923706055,31.899999618530273,31.809999465942383,31.829999923706055,4449996855.0,1203967,Finance
ESAB,ESAB Corporation Common Stock,71.46,72.13999938964844,73.16999816894531,71.4000015258789,71.83000183105469,4442511703.0,1412376,Industrials
RDN,Radian Group Inc. Common Stock,33.5,33.630001068115234,34.2599983215332,33.470001220703125,34.11000061035156,4432094153.0,2745275,Finance
ENVA,Enova International Inc. Common Stock,178.0,179.8000030517578,183.0399932861328,178.33999633789062,182.8800048828125,4431910038.0,390790,Finance
CVCO,Cavco Industries Inc. Common Stock When Issued,576.27,579.6900024414062,581.030029296875,568.989990234375,572.7999877929688,4431171691.0,191396,Consumer Discretionary
ENPH,Enphase Energy Inc. Common Stock,33.45,33.40999984741211,34.15999984741211,33.0,33.90999984741211,4420238476.0,3747447,Technology
PTEN,Patterson-UTI Energy Inc. Common Stock,11.55,11.40999984741211,11.5600004196167,11.069999694824219,11.40999984741211,4404995295.0,6815830,Energy
ACLS,Axcelis Technologies Inc. Common Stock,142.31,144.4199981689453,144.80999755859375,140.72999572753906,141.14999389648438,4394744700.0,372901,Technology
CECO,CECO Environmental Corp. Common Stock,74.96,75.19999694824219,76.55000305175781,74.73999786376953,75.44999694824219,4390394457.0,623994,Industrials
MC,Moelis & Company Class A Common Stock,56.05,56.060001373291016,56.54999923706055,55.400001525878906,56.04999923706055,4386981261.0,932480,Finance
PARR,Par Pacific Holdings Inc.  Common Stock,87.52,86.01000213623047,88.83999633789062,85.0,86.91000366210938,4384719355.0,762110,Energy
FELE,Franklin Electric Co. Inc. Common Stock,99.04,99.52999877929688,99.98999786376953,98.30999755859375,99.25,4378703395.0,464709,Consumer Discretionary
EWTX,Edgewise Therapeutics Inc. Common Stock,40.3,40.65999984741211,41.029998779296875,39.34000015258789,40.02000045776367,4376746399.0,1633836,Health Care
KRMN,Karman Holdings Inc. Common Stock,33.02,33.11000061035156,34.599998474121094,32.81999969482422,33.290000915527344,4376263038.0,3056896,Industrials
ALK,Alaska Air Group Inc. Common Stock,39.19,39.900001525878906,40.91999816894531,39.400001525878906,39.88999938964844,4373726273.0,2884282,Consumer Discretionary
KBR,KBR Inc. Common Stock,34.52,34.47999954223633,35.43000030517578,34.36000061035156,34.61000061035156,4351858903.0,1597001,Industrials
BDC,Belden Inc Common Stock,111.35,113.0199966430664,114.55999755859375,112.62000274658203,113.20999908447266,4351356568.0,350165,Industrials
OXLCM,Oxford Lane Capital Corp. Preferred Stock Shares 8.25% Series 2031,25.015,25.040000915527344,25.049999237060547,25.0,25.0,4342604000.0,11388,Finance
PRIM,Primoris Services Corporation Common Stock,80.57,81.16000366210938,87.8499984741211,81.16000366210938,84.97000122070312,4337270586.0,1511809,Industrials
OXLCZ,Oxford Lane Capital Corp. 5.00% Notes due 2027,24.9707,24.950000762939453,24.959999084472656,24.90999984741211,24.950000762939453,4334913520.0,2001,Finance
FULT,Fulton Financial Corporation Common Stock,22.69,22.700000762939453,22.84000015258789,22.3700008392334,22.399999618530273,4331851434.0,1529844,Finance
OTF,Blue Owl Technology Finance Corp. Common Stock,9.44,9.4399995803833,9.529999732971191,9.359999656677246,9.359999656677246,4325270072.0,2523795,Uncategorized
IBOC,International Bancshares Corporation Common Stock,69.49,69.7699966430664,69.97000122070312,68.91999816894531,68.94000244140625,4321688308.0,428407,Finance
ONDS,Ondas Inc. Common Stock,7.42,7.440000057220459,7.614999771118164,7.329999923706055,7.409999847412109,4320686027.0,36171012,Technology
SFBS,ServisFirst Bancshares Inc. Common Stock,39.51,39.439998626708984,39.91999816894531,38.63999938964844,38.720001220703125,4320221740.0,646851,Finance
MARA,MARA Holdings Inc. Common Stock,11.17,11.180000305175781,11.34000015258789,10.930000305175781,10.970000267028809,4314963147.0,33526234,Finance
VNT,Vontier Corporation Common Stock ,31.89,32.060001373291016,32.90800094604492,31.93000030517578,32.84000015258789,4311528000.0,1527168,Industrials
OPLN,OPENLANE Inc. Common Stock,35.32,35.54999923706055,35.54999923706055,34.65999984741211,34.959999084472656,4311507632.0,1326795,Consumer Discretionary
VSNT,Versant Media Group Inc. Class A Common Stock ,31.02,31.190000534057617,31.8700008392334,30.920000076293945,31.469999313354492,4305337239.0,2180927,Industrials
UFPI,UFP Industries Inc. Common Stock,78.04,78.2699966430664,79.52999877929688,78.12999725341797,79.0,4304802758.0,455963,Basic Materials
ITGR,Integer Holdings Corporation Common Stock,126.45,126.5199966430664,126.58000183105469,126.47000122070312,126.47000122070312,4298294470.0,589344,Health Care
HHH,Howard Hughes Holdings Inc. Common Stock,71.66,71.93000030517578,74.38999938964844,71.93000030517578,73.27999877929688,4279609440.0,831329,Real Estate
SLM,SLM Corporation Common Stock,22.74,22.899999618530273,22.959999084472656,22.450000762939453,22.579999923706055,4273913825.0,2656500,Finance
GFF,Griffon Corporation Common Stock,94.09,95.04000091552734,95.51000213623047,93.95999908447266,94.51000213623047,4261779828.0,461545,Industrials
EPR,EPR Properties Common Stock,55.59,55.68000030517578,55.959999084472656,55.18000030517578,55.27000045776367,4258689974.0,779731,Real Estate
GEO,Geo Group Inc (The) REIT,32.34,32.20000076293945,32.59000015258789,29.6200008392334,29.940000534057617,4256577347.0,4635723,Consumer Discretionary
RLAY,Relay Therapeutics Inc. Common Stock,19.39,19.5,19.5,18.170000076293945,18.739999771118164,4249156225.0,2936471,Health Care
CVSA,Covista Inc. Common Shares,125.39,125.63999938964844,127.63999938964844,125.22000122070312,127.37000274658203,4245731481.0,408267,Real Estate
TENB,Tenable Holdings Inc. Common Stock,38.51,39.060001373291016,39.7599983215332,38.54999923706055,39.470001220703125,4241490745.0,3448673,Technology
ALH,Alliance Laundry Holdings Inc. Common Stock,21.31,21.459999084472656,21.68000030517578,21.329999923706055,21.59000015258789,4236195636.0,1582326,Industrials
BCO,Brinks Company (The) Common Stock,102.76,103.30000305175781,104.02999877929688,102.22000122070312,103.5,4232646790.0,554185,Industrials
NWE,NorthWestern Energy Group Inc. Common Stock,68.76,68.93000030517578,69.54000091552734,68.80999755859375,68.91999816894531,4229967366.0,856974,Utilities
OXLCN,Oxford Lane Capital Corp. 7.125% Series 2029 Term Preferred Stock,24.3248,24.399999618530273,24.399999618530273,24.329999923706055,24.329999923706055,4222785280.0,2253,Finance
ENO,Entergy New Orleans LLC First Mortgage Bonds 5.50% Series due April 1 2066,19.74,19.815000534057617,19.920000076293945,19.740999221801758,19.829999923706055,4221020900.0,9084,Utilities
FHI,Federated Hermes Inc. Common Stock,56.5,56.66999816894531,56.7400016784668,55.66999816894531,56.560001373291016,4218305877.0,568261,Finance
BC,Brunswick Corporation Common Stock,64.83,65.19000244140625,66.20999908447266,64.63999938964844,64.9800033569336,4200817257.0,800805,Industrials
AZZ,AZZ Inc.,139.15,140.11000061035156,141.8300018310547,139.4499969482422,141.58999633789062,4181666364.0,244736,Industrials
TDW,Tidewater Inc. Common Stock,83.93,83.93000030517578,86.62000274658203,81.19999694824219,82.06999969482422,4176040468.0,689988,Consumer Discretionary
DHCNL,Diversified Healthcare Trust 6.25% Senior Notes Due 2046,17.275,17.25,17.88990020751953,17.25,17.578800201416016,4170433017.0,6055,Real Estate
CNK,Cinemark Holdings Inc Cinemark Holdings Inc. Common Stock,35.97,36.02000045776367,36.290000915527344,35.099998474121094,35.279998779296875,4169349424.0,2047477,Consumer Discretionary
FSLY,Fastly Inc. Class A Common Stock,26.01,26.290000915527344,26.8700008392334,25.309999465942383,25.510000228881836,4143393000.0,2548485,Technology
OXLCL,Oxford Lane Capital Corp. 6.75% Notes due 2031,23.85,23.929000854492188,23.93000030517578,23.85700035095215,23.93000030517578,4140360000.0,1809,Finance
AIR,AAR Corp. Common Stock,102.24,103.41999816894531,104.88999938964844,101.38999938964844,104.02999877929688,4109456133.0,780690,Industrials
OXLCO,Oxford Lane Capital Corp. Preferred Stock Shares 6.00% Series 2029,23.5601,23.639999389648438,23.639999389648438,23.600000381469727,23.600000381469727,4090033360.0,1340,Finance
UCB,United Community Banks Inc. Common Stock,33.81,33.970001220703125,34.150001525878906,33.63999938964844,33.720001220703125,4076657756.0,990516,Finance
TCBI,Texas Capital Bancshares Inc. Common Stock,93.69,93.76000213623047,94.70999908447266,92.83999633789062,92.97000122070312,4073113632.0,665953,Finance
MTH,Meritage Homes Corporation Common Stock,62.28,62.0099983215332,63.560001373291016,61.90999984741211,62.81999969482422,4059042512.0,1053500,Consumer Discretionary
TDS,Telephone and Data Systems Inc. Common Shares,35.11,35.13999938964844,35.5099983215332,34.86000061035156,35.150001525878906,4041161000.0,2123857,Telecommunications
LOPE,Grand Canyon Education Inc. Common Stock,154.93,154.92999267578125,155.66000366210938,152.97000122070312,155.5500030517578,4038256182.0,347667,Real Estate
ICUI,ICU Medical Inc. Common Stock,161.4,162.5500030517578,162.5500030517578,157.64999389648438,159.72999572753906,4036135933.0,211479,Health Care
CATY,Cathay General Bancorp Common Stock,60.48,60.61000061035156,60.90999984741211,60.040000915527344,60.15999984741211,4034851834.0,514535,Finance
COLD,Americold Realty Trust Inc. Common Stock,14.05,14.300000190734863,14.300000190734863,13.800000190734863,13.859999656677246,4011001742.0,4158703,Real Estate
HP,Helmerich & Payne Inc. Common Stock,40.13,39.93000030517578,40.18000030517578,38.93000030517578,39.61000061035156,4010549863.0,1221849,Energy
BRC,Brady Corporation Common Stock,85.41,86.22000122070312,86.76000213623047,84.38999938964844,85.11000061035156,4005661868.0,333785,Consumer Discretionary
ELC,Entergy Louisiana Inc. Collateral Trust Mortgage Bonds 4.875 % Series due September 1 2066,18.77,18.799999237060547,18.90999984741211,18.75,18.799999237060547,4002468851.0,20940,Utilities
REGCP,Regency Centers Corporation 6.25% Series A Cumulative Redeemable Preferred Stock,21.8549,22.0,22.079999923706055,21.899999618530273,22.020000457763672,4002081243.0,3510,Real Estate
CBT,Cabot Corporation Common Stock,77.38,76.87000274658203,77.73999786376953,76.63999938964844,77.11000061035156,3995207322.0,496046,Industrials
LILAP,Liberty Latin America Ltd. 9.0% Fixed Rate Cumulative Perpetual Redeemable Series A Preference Shares,20.35,20.459999084472656,20.65999984741211,20.450000762939453,20.6200008392334,3986565000.0,23096,Telecommunications
PAY,Paymentus Holdings Inc. Class A Common Stock,31.62,31.649999618530273,32.415000915527344,31.274999618530273,31.709999084472656,3982211638.0,966940,Consumer Discretionary
SPHR,Sphere Entertainment Co. Class A Common Stock,110.8,110.30999755859375,112.80000305175781,103.55999755859375,105.37999725341797,3979227656.0,3004756,Consumer Discretionary
BULL,Webull Corporation Class A Ordinary Shares,7.36,7.400000095367432,7.440000057220459,7.260000228881836,7.28000020980835,3977968754.0,8471890,Finance
SKT,Tanger Inc. Common Stock,34.59,35.41999816894531,35.41999816894531,34.52000045776367,34.939998626708984,3973664230.0,1190725,Real Estate
FRVO,Fervo Energy Company Class A common stock,13.46,13.600000381469727,14.5600004196167,13.229999542236328,14.329999923706055,3967512659.0,11880183,Utilities
WSFS,WSFS Financial Corporation Common Stock,77.34,77.33999633789062,77.7300033569336,75.80000305175781,75.91999816894531,3951347391.0,397257,Finance
DHCNI,Diversified Healthcare Trust 5.625% Senior Notes due 2042,16.35,16.459999084472656,16.780000686645508,16.450000762939453,16.65999984741211,3947124737.0,13033,Real Estate
MDU,MDU Resources Group Inc. Common Stock (Holding Company),18.69,18.829999923706055,18.950000762939453,18.700000762939453,18.950000762939453,3931431333.0,2230240,Industrials
KFY,Korn Ferry Common Stock,71.71,72.01000213623047,72.04000091552734,70.63999938964844,71.05999755859375,3912415205.0,817767,Consumer Discretionary
WK,Workiva Inc. Class A Common Stock,71.88,73.08999633789062,73.08999633789062,68.5999984741211,70.16000366210938,3911457157.0,9133107,Technology
AQN,Algonquin Power & Utilities Corp. Common Shares,5.07,5.090000152587891,5.130000114440918,5.050000190734863,5.059999942779541,3902620758.0,4242603,Utilities
CVBF,CVB Financial Corporation Common Stock,22.12,22.110000610351562,22.270000457763672,21.84000015258789,21.889999389648438,3893063262.0,1784645,Finance
ACCV,Accelevation Holdings Corp. Class A Ordinary Shares,16.46,16.459999084472656,17.0,16.010000228881836,16.399999618530273,3891535073.0,2419022,Energy
TNGX,Tango Therapeutics Inc.,23.08,23.15999984741211,23.15999984741211,21.360000610351562,21.899999618530273,3891527270.0,1944050,Health Care
DTW,DTE Energy Company 2017 Series E 5.25% Junior Subordinated Debentures due 2077,18.64,18.700000762939453,18.700000762939453,18.479999542236328,18.549999237060547,3878761606.0,31476,Utilities
CCC,CCC Intelligent Solutions Holdings Inc. Common Stock,6.58,6.639999866485596,6.679999828338623,6.519999980926514,6.650000095367432,3875585152.0,7437285,Technology
APLE,Apple Hospitality REIT Inc. Common Shares,16.4,16.450000762939453,16.700000762939453,16.28499984741211,16.329999923706055,3871756247.0,3447207,Real Estate
VVV,Valvoline Inc. Common Stock,30.34,30.399999618530273,31.334999084472656,30.399999618530273,30.8700008392334,3870971922.0,3254103,Industrials
KRC,Kilroy Realty Corporation Common Stock,33.28,33.33000183105469,34.02000045776367,33.29999923706055,33.900001525878906,3870763121.0,1266360,Real Estate
EE,Excelerate Energy Inc. Class A Common Stock,34.13,34.119998931884766,34.650001525878906,33.81999969482422,34.599998474121094,3870413844.0,446470,Utilities
ITRI,Itron Inc. Common Stock,87.79,88.27999877929688,88.91999816894531,87.41000366210938,88.38999938964844,3844039046.0,940469,Industrials
CRVL,CorVel Corp. Common Stock,76.0,76.44000244140625,76.77999877929688,75.37000274658203,75.83000183105469,3839259396.0,270969,Finance
CRK,Comstock Resources Inc. Common Stock,13.06,13.039999961853027,13.729999542236328,13.029999732971191,13.649999618530273,3834684357.0,2922558,Energy
VCYT,Veracyte Inc. Common Stock,47.67,48.0,48.84000015258789,44.08700180053711,44.650001525878906,3832226147.0,1289260,Health Care
SITE,SiteOne Landscape Supply Inc. Common Stock,87.66,88.16000366210938,91.51000213623047,87.88999938964844,90.47000122070312,3826831487.0,1051300,Consumer Discretionary
AVNT,Avient Corporation Common Stock,41.6,41.97999954223633,42.040000915527344,41.400001525878906,41.4900016784668,3815533280.0,663294,Industrials
CAR,Avis Budget Group Inc. Common Stock,107.98,108.7300033569336,114.25,108.7300033569336,112.6500015258789,3814474917.0,377327,Consumer Discretionary
FCN,FTI Consulting Inc. Common Stock,138.02,138.63999938964844,139.72999572753906,137.22000122070312,137.61000061035156,3810949582.0,376429,Consumer Discretionary
SEB,Seaboard Corporation Common Stock,3978.74,4014.77001953125,4143.08984375,3990.3701171875,4112.68994140625,3810813300.0,9362,Industrials
BFH,Bread Financial Holdings Inc. Common Stock,98.9,99.7300033569336,99.7300033569336,97.37000274658203,97.80000305175781,3799665605.0,417817,Consumer Discretionary
BILL,BILL Holdings Inc. Common Stock,44.49,44.7599983215332,44.79499816894531,43.540000915527344,43.959999084472656,3793964031.0,1582073,Technology
GEF,Greif Inc. Class A Common Stock,82.05,82.41000366210938,82.93000030517578,81.62999725341797,82.54000091552734,3788110738.0,335443,Uncategorized
REGCO,Regency Centers Corporation 5.875% Series B Cumulative Redeemable Preferred Stock,20.685,21.079999923706055,21.079999923706055,20.799999237060547,20.799999237060547,3787848515.0,1005,Real Estate
MSGE,Madison Square Garden Entertainment Corp. Class A Common Stock,80.01,80.16000366210938,82.08999633789062,79.68000030517578,79.98999786376953,3784891772.0,738074,Consumer Discretionary
CDP,COPT Defense Properties Common Shares of Beneficial Interest,33.36,33.47999954223633,33.84000015258789,33.41999816894531,33.68000030517578,3783372879.0,902599,Real Estate
FLY,Firefly Aerospace Inc. Common Stock,22.59,23.190000534057617,24.125,22.34000015258789,22.829999923706055,3781670931.0,3594729,Industrials
TNL,Travel   Leisure Co. Common  Stock,61.72,62.400001525878906,63.290000915527344,62.06999969482422,62.81999969482422,3777525199.0,801010,Consumer Discretionary
INDB,Independent Bank Corp. Common Stock,79.71,80.11000061035156,80.62000274658203,79.19999694824219,79.38999938964844,3775790881.0,453690,Finance
ASBA,Associated Banc-Corp 6.625% Fixed-Rate Reset Subordinated Notes due 2033,25.02,25.020000457763672,25.06999969482422,24.920000076293945,24.989999771118164,3775538391.0,36523,Finance
JOE,St. Joe Company (The) Common Stock,66.21,66.56999969482422,66.83000183105469,65.48999786376953,65.9800033569336,3769365161.0,285321,Real Estate
ATMU,Atmus Filtration Technologies Inc. Common Stock,46.18,46.689998626708984,47.16999816894531,45.790000915527344,45.959999084472656,3768081437.0,734133,Consumer Discretionary
GPGI,GPGI Inc. Class A Common Stock,12.98,12.979999542236328,13.40999984741211,12.800000190734863,13.170000076293945,3762773264.0,1957058,Finance
CNS,Cohen & Steers Inc Common Stock,73.02,73.75,73.95999908447266,72.33999633789062,72.55999755859375,3754800340.0,287397,Finance
IOND,Ionic Digital Inc. Class A Common Stock,83.32,83.38999938964844,84.01000213623047,82.19000244140625,83.08000183105469,3749081301.0,272385,Finance
NVST,Envista Holdings Corporation Common Stock,23.34,23.690000534057617,23.75,23.110000610351562,23.270000457763672,3748817328.0,2701952,Health Care
MRP,Millrose Properties Inc. Class A Common Stock,22.51,22.799999237060547,23.34000015258789,22.649999618530273,23.170000076293945,3737738837.0,7289150,Finance
SEZL,Sezzle Inc. Common Stock,110.85,112.23999786376953,113.76399993896484,111.23999786376953,112.83999633789062,3732875302.0,633343,Finance
SKYW,SkyWest Inc. Common Stock,96.06,97.77999877929688,98.62000274658203,96.56999969482422,97.70999908447266,3729848900.0,322647,Consumer Discretionary
NP,Neptune Insurance Holdings Inc. Class A Common Stock,27.12,27.040000915527344,27.420000076293945,26.84000015258789,27.190000534057617,3721761401.0,433486,Finance
BOOT,Boot Barn Holdings Inc. Common Stock,122.88,123.41999816894531,126.76499938964844,122.125,124.31999969482422,3721401631.0,677355,Consumer Discretionary
BELFB,Bel Fuse Inc. Class B Common Stock,257.63,262.0799865722656,263.6700134277344,258.67999267578125,260.260009765625,3720035504.0,122686,Uncategorized
MIR,Mirion Technologies Inc. Class A Common Stock,14.92,15.180000305175781,16.450000762939453,15.180000305175781,16.270000457763672,3715641693.0,4428048,Industrials
OTTR,Otter Tail Corporation Common Stock,88.42,88.97000122070312,89.30999755859375,87.72000122070312,89.19999694824219,3712364984.0,427570,Utilities
BATRA,Atlanta Braves Holdings Inc. Series A Common Stock,57.74,57.880001068115234,58.18000030517578,57.70000076293945,57.75,3705054373.0,44647,Consumer Discretionary
WT,WisdomTree Inc. Common Stock,24.45,24.31999969482422,24.68000030517578,24.059999465942383,24.18000030517578,3704471114.0,2166522,Finance
SLGN,Silgan Holdings Inc. Common Stock,34.99,33.7599983215332,35.54999923706055,33.7599983215332,35.209999084472656,3697813880.0,1347375,Industrials
VKTX,Viking Therapeutics Inc. Common Stock,29.28,29.489999771118164,29.71500015258789,28.170000076293945,28.3799991607666,3680163701.0,6277360,Health Care
ACHR,Archer Aviation Inc. Class A Common Stock,4.72,4.739999771118164,4.820000171661377,4.599999904632568,4.650000095367432,3673505545.0,19579803,Industrials
IDYA,IDEAYA Biosciences Inc. Common Stock,38.06,38.22999954223633,38.564998626708984,36.111000061035156,36.630001068115234,3672389761.0,658028,Health Care
OLED,Universal Display Corporation Common Stock,79.8,80.7699966430664,80.7699966430664,79.51000213623047,79.66000366210938,3668153433.0,735505,Technology
DORM,Dorman Products Inc. Common Stock,123.44,124.7300033569336,127.0,123.33000183105469,126.58000183105469,3663158286.0,286249,Consumer Discretionary
RUM,RUM Group Inc. Class A Common Stock,7.38,7.610000133514404,7.809999942779541,7.554999828338623,7.650000095367432,3659079232.0,5299636,Technology
CENX,Century Aluminum Company Common Stock,36.94,37.18000030517578,37.439998626708984,36.619998931884766,37.18000030517578,3656812317.0,1863805,Industrials
LEGN,Legend Biotech Corporation American Depositary Shares,18.775,19.0,19.25,18.549999237060547,18.719999313354492,3651519954.0,1763333,Health Care
IPAR,Interparfums Inc. Common Stock,113.76,115.02999877929688,115.70999908447266,112.44999694824219,112.8499984741211,3643252847.0,197800,Consumer Discretionary
QTWO,Q2 Holdings Inc. Common Stock,58.21,58.77000045776367,59.060001373291016,57.13999938964844,57.41999816894531,3629666796.0,727555,Technology
GNW,Genworth Financial Inc Common Stock,9.59,9.600000381469727,9.710000038146973,9.5600004196167,9.630000114440918,3623591445.0,4895589,Finance
RNST,Renasant Corporation Common Stock,39.64,39.810001373291016,39.86000061035156,39.2599983215332,39.400001525878906,3623272993.0,885496,Finance
WSBC,WesBanco Inc. Common Stock,37.75,37.65999984741211,37.790000915527344,37.04999923706055,37.119998931884766,3620447310.0,1071129,Finance
BMI,Badger Meter Inc. Common Stock,124.89,125.22000122070312,126.95999908447266,122.63999938964844,123.7300033569336,3620167322.0,457034,Industrials
BANF,BancFirst Corporation Common Stock,107.57,108.16000366210938,108.98999786376953,106.3499984741211,106.79000091552734,3614217000.0,147914,Finance
CDNA,CareDx Inc. Common Stock,69.85,70.88999938964844,72.51000213623047,63.7400016784668,63.790000915527344,3613635477.0,1639911,Health Care
LMND,Lemonade Inc. Common Stock,46.67,47.54999923706055,47.619998931884766,46.0,46.29999923706055,3612100022.0,882740,Finance
NHC,National HealthCare Corporation Common Stock,230.37,231.30999755859375,231.94000244140625,227.25999450683594,228.27000427246094,3607915566.0,112813,Health Care
UNMA,Unum Group 6.250% Junior Subordinated Notes due 2058,21.16,21.239999771118164,21.28499984741211,21.110000610351562,21.149999618530273,3603828158.0,14198,Finance
CELC,Celcuity Inc. Common Stock,73.62,74.27999877929688,76.29000091552734,70.31500244140625,71.25,3602367067.0,1718462,Health Care
PLSE,Pulse Biosciences Inc Common Stock (DE),50.5,51.2599983215332,51.2599983215332,48.619998931884766,49.75,3601791654.0,433495,Health Care
PBLS,Parabilis Medicines Inc. Common Stock,29.53,29.440000534057617,29.729999542236328,28.170000076293945,28.860000610351562,3601243446.0,572569,Health Care
OGN,Organon & Co. Common Stock ,13.7,13.739999771118164,13.75,13.729999542236328,13.739999771118164,3597749232.0,2881894,Health Care
IRTC,iRhythm Holdings Inc. Common Stock,109.09,109.52999877929688,111.22000122070312,106.00700378417969,107.19999694824219,3595933997.0,626359,Health Care
PURR,Hyperliquid Strategies Inc Common Stock,12.92,12.829999923706055,12.960000038146973,12.34000015258789,12.5,3595265041.0,15804973,Finance
LXP,LXP Industrial Trust Common Stock (Maryland REIT),60.92,60.93000030517578,60.970001220703125,60.93000030517578,60.95000076293945,3591676523.0,941773,Real Estate
MGNI,Magnite Inc. Common Stock,24.96,25.110000610351562,25.200000762939453,24.6200008392334,24.84000015258789,3579866959.0,1521914,Technology
CII,BlackRock Enhanced Large Cap Core Fund Inc. Common Stock,24.06,24.260000228881836,24.3799991607666,24.110000610351562,24.280000686645508,3579225052.0,69102,Finance
IPGP,IPG Photonics Corporation Common Stock,83.6,84.30000305175781,84.76000213623047,82.5,83.69000244140625,3555887460.0,473869,Technology
SXI,Standex International Corporation Common Stock,289.24,292.5799865722656,297.5299987792969,285.79998779296875,297.1199951171875,3552290937.0,126210,Industrials
BNL,Broadstone Net Lease Inc. Common Stock,18.4,18.43000030517578,18.6299991607666,18.415000915527344,18.6299991607666,3530830666.0,2012493,Real Estate
BBWI,Bath & Body Works Inc.,17.46,17.65999984741211,18.190000534057617,17.43000030517578,17.93000030517578,3520727165.0,12391619,Consumer Discretionary
RHI,Robert Half Inc. Common Stock,34.32,34.560001373291016,34.66999816894531,33.439998626708984,33.66999816894531,3513057937.0,2717785,Consumer Discretionary
KTB,Kontoor Brands Inc. Common Stock ,64.2,64.05999755859375,66.57499694824219,64.05999755859375,65.80000305175781,3508762404.0,673317,Industrials
VAC,Marriott Vacations Worldwide Corporation Common Stock,101.93,102.69999694824219,105.04000091552734,102.69999694824219,104.56999969482422,3505914968.0,347376,Finance
OPCH,Option Care Health Inc. Common Stock,23.37,31.040000915527344,31.110000610351562,30.969999313354492,31.0,3500481129.0,2822932,Health Care
COHU,Cohu Inc. Common Stock,73.73,74.83999633789062,74.83999633789062,72.30000305175781,73.0999984741211,3490262665.0,1138113,Industrials
AMLX,Amylyx Pharmaceuticals Inc. Common Stock,27.78,27.969999313354492,28.499000549316406,27.0,28.040000915527344,3485231102.0,941126,Health Care
TARS,Tarsus Pharmaceuticals Inc. Common Stock,74.455,74.4800033569336,75.25499725341797,72.94000244140625,74.11000061035156,3483875130.0,939637,Health Care
THO,Thor Industries Inc. Common Stock,67.24,67.94999694824219,68.44000244140625,67.16999816894531,67.62999725341797,3470549634.0,1229406,Industrials
IRT,Independence Realty Trust Inc. Common Stock,14.72,14.720000267028809,14.930000305175781,14.6899995803833,14.729999542236328,3470160026.0,4479416,Real Estate
LIF,Life360 Inc. Common Stock,42.57,42.779998779296875,42.79999923706055,41.11000061035156,41.375,3468619308.0,609149,Technology
ACAD,ACADIA Pharmaceuticals Inc. Common Stock,20.11,20.15999984741211,20.360000610351562,19.670000076293945,19.739999771118164,3465063967.0,3152422,Health Care
PVH,PVH Corp. Common Stock,74.9,75.16999816894531,78.75,74.87999725341797,78.20999908447266,3455723692.0,1034683,Industrials
PDI,PIMCO Dynamic Income Fund Common Stock,14.2,14.239999771118164,14.399999618530273,14.130000114440918,14.399999618530273,3451878000.0,4472723,Finance
NIC,Nicolet Bankshares Inc. Common Stock,164.62,165.74000549316406,166.0,163.00999450683594,163.6199951171875,3450025790.0,161055,Finance
FRSH,Freshworks Inc. Class A Common Stock,13.22,13.710000038146973,14.369999885559082,13.65999984741211,13.760000228881836,3449372606.0,3592066,Technology
VECO,Veeco Instruments Inc. Common Stock,56.31,57.36000061035156,57.380001068115234,54.689998626708984,55.66999816894531,3442210028.0,657708,Technology
AEHR,Aehr Test Systems Common Stock,104.4,107.62999725341797,107.93000030517578,91.73999786376953,92.13999938964844,3409656602.0,2078687,Industrials
MIAX,Miami International Holdings Inc. Common Stock,34.32,34.5,34.5,30.69499969482422,30.790000915527344,3405604419.0,1678567,Finance
SLG,SL Green Realty Corp Common Stock,48.01,48.130001068115234,48.970001220703125,47.7599983215332,48.400001525878906,3401504035.0,705510,Real Estate
HNI,HNI Corporation Common Stock,47.08,47.279998779296875,48.0,46.34000015258789,46.7400016784668,3398319144.0,652126,Consumer Discretionary
MWA,MUELLER WATER PRODUCTS Common Stock,21.76,21.950000762939453,22.0,21.729999542236328,21.959999084472656,3397294775.0,2058921,Industrials
FIBK,First Interstate BancSystem Inc. Common Stock (DE),35.62,35.619998931884766,35.9900016784668,35.400001525878906,35.52000045776367,3394750101.0,2214635,Finance
KN,Knowles Corporation Common Stock,39.4,39.900001525878906,39.97999954223633,38.93000030517578,39.189998626708984,3365166844.0,851522,Consumer Staples
NATL,NCR Atleos Corporation Common Stock,45.5,45.540000915527344,45.81999969482422,45.459999084472656,45.66999816894531,3362310497.0,1611091,Miscellaneous
UCTT,Ultra Clean Holdings Inc. Common Stock,74.02,74.83999633789062,74.83999633789062,71.7300033569336,73.23999786376953,3351405687.0,1393303,Technology
PLMR,Palomar Holdings Inc. Common stock,127.34,127.41000366210938,128.5,125.13500213623047,126.87999725341797,3351293753.0,279380,Finance
BATRK,Atlanta Braves Holdings Inc. Series C Common Stock,52.17,52.189998626708984,52.58000183105469,52.189998626708984,52.40999984741211,3347639186.0,468569,Consumer Discretionary
NTRSO,Northern Trust Corporation Depositary Shares Each Representing a 1/1000th Interest in a Share of Series E Non-Cumulative Perpetual Preferred Stock,18.28,18.190000534057617,18.299999237060547,18.190000534057617,18.290000915527344,3344429337.0,34045,Finance
SHOO,Steven Madden Ltd. Common Stock,45.68,45.880001068115234,46.16999816894531,45.02000045776367,45.58000183105469,3342729700.0,1034845,Consumer Discretionary
MHO,M/I Homes Inc. Common Stock,132.0,132.39999389648438,134.94000244140625,130.08999633789062,133.2899932861328,3337360092.0,281783,Consumer Discretionary
CXW,CoreCivic Inc. Common Stock,33.73,33.5,34.25,31.290000915527344,31.780000686645508,3335677384.0,2918267,Real Estate
ELVN,Enliven Therapeutics Inc. Common Stock,45.47,45.380001068115234,45.60499954223633,41.220001220703125,42.38999938964844,3331621503.0,821531,Health Care
FFBC,First Financial Bancorp. Common Stock,31.51,31.610000610351562,31.760000228881836,31.290000915527344,31.3700008392334,3313809838.0,791453,Finance
SMR,NuScale Power Corporation Class A Common Stock,7.68,7.989999771118164,8.369999885559082,7.914999961853027,8.020000457763672,3300274729.0,17955914,Industrials
WRBY,Warby Parker Inc. Class A Common Stock,26.65,26.889999389648438,26.889999389648438,25.899999618530273,26.229999542236328,3294154639.0,3034811,Health Care
MCHB,Mechanics Bancorp Class A Common Stock,14.93,14.819999694824219,15.069999694824219,14.819999694824219,14.890000343322754,3289259071.0,538720,Finance
SFNC,Simmons First National Corporation Class A Common Stock,22.71,22.739999771118164,22.899999618530273,22.559999465942383,22.59000015258789,3281908148.0,1527104,Finance
LRN,Stride Inc. Common Stock,78.88,79.2300033569336,79.80999755859375,77.97000122070312,79.75,3278240574.0,869097,Real Estate
FULTP,Fulton Financial Corporation Depositary Shares Each Representing a 1/40th Interest in a Share of Fixed Rate Non-Cumulative Perpetual Preferred Stock Series A,17.17,17.020000457763672,17.23699951171875,17.020000457763672,17.209999084472656,3278003047.0,8227,Finance
LUNR,Intuitive Machines Inc. Class A Common Stock,14.29,14.595000267028809,15.3100004196167,14.5600004196167,15.0600004196167,3271324932.0,7579717,Industrials
PFSI,PennyMac Financial Services Inc. Common Stock,62.95,64.16999816894531,64.16999816894531,61.7400016784668,62.7599983215332,3270351457.0,599748,Finance
PRK,Park National Corporation Common Stock,181.02,181.47000122070312,183.19000244140625,179.9499969482422,180.27999877929688,3269974424.0,109788,Finance
EXPO,Exponent Inc. Common Stock,68.75,69.12999725341797,69.44999694824219,68.52999877929688,69.18000030517578,3268793275.0,645021,Consumer Discretionary
AB,AllianceBernstein Holding L.P.  Units,35.04,35.220001220703125,35.220001220703125,35.029998779296875,35.09000015258789,3261355674.0,301344,Finance
HIW,Highwoods Properties Inc. Common Stock,29.49,29.549999237060547,30.100000381469727,29.440000534057617,29.639999389648438,3252930162.0,1412148,Real Estate
COCO,The Vita Coco Company Inc. Common Stock,55.32,55.29999923706055,55.97999954223633,54.38999938964844,54.47999954223633,3246963033.0,1194072,Consumer Staples
AWR,American States Water Company Common Stock,81.76,82.30999755859375,82.97000122070312,81.05999755859375,81.55999755859375,3240608782.0,277670,Utilities
CSQ,Calamos Strategic Total Return Common Stock,20.36,20.399999618530273,20.65999984741211,20.200000762939453,20.600000381469727,3234951984.0,210237,Finance
NVTS,Navitas Semiconductor Corporation Common Stock,12.34,12.520000457763672,12.75,11.960000038146973,11.970000267028809,3221893642.0,17308274,Technology
GBDC,Golub Capital BDC Inc. Common Stock,12.38,12.40999984741211,12.470000267028809,12.180000305175781,12.1899995803833,3214486672.0,1916683,Finance
DTG,DTE Energy Company 2021 Series E 4.375% Junior Subordinated Debentures,15.41,15.399999618530273,15.399999618530273,15.1899995803833,15.199999809265137,3206637143.0,31953,Utilities
CLSK,CleanSpark Inc. Common Stock,12.48,12.489999771118164,12.670000076293945,12.15999984741211,12.289999961853027,3205077071.0,14851623,Finance
CURB,Curbline Properties Corp. Common Stock,27.86,28.040000915527344,28.260000228881836,27.704999923706055,27.889999389648438,3204959377.0,1638418,Finance
ATKR,Atkore Inc. Common Stock,94.78,94.83000183105469,94.86000061035156,94.72000122070312,94.72000122070312,3200962289.0,600000,Miscellaneous
ASO,Academy Sports and Outdoors Inc. Common Stock,51.98,51.95000076293945,52.709999084472656,51.209999084472656,52.310001373291016,3200870754.0,2657165,Consumer Discretionary
CORZW,Core Scientific Inc. Tranche 1 Warrants,9.96,14.0,10.229999542236328,9.8100004196167,9.989999771118164,3200550792.0,45601,Finance
LBRT,Liberty Energy Inc. Class A common stock,19.59,19.479999542236328,20.200000762939453,19.367000579833984,20.1200008392334,3196919839.0,3500666,Energy
DKL,Delek Logistics Partners L.P. Common Units representing Limited Partner Interests,55.3,55.400001525878906,56.36000061035156,55.189998626708984,56.220001220703125,3196190745.0,74782,Energy
POST,Post Holdings Inc. Common Stock,72.68,73.1500015258789,74.0199966430664,72.86000061035156,73.31999969482422,3194780587.0,875376,Consumer Staples
NHI,National Health Investors Inc. Common Stock,65.02,65.1500015258789,65.5999984741211,64.51000213623047,65.54000091552734,3193160419.0,536460,Real Estate
ARLP,Alliance Resource Partners L.P. Common Units representing Limited Partners Interests,24.79,24.8700008392334,24.899999618530273,24.649999618530273,24.670000076293945,3189451677.0,334493,Energy
DNLI,Denali Therapeutics Inc. Common Stock,19.91,19.93000030517578,19.96500015258789,19.024999618530273,19.280000686645508,3182561794.0,1717749,Health Care
OUST,Ouster Inc. Common Stock,44.12,44.65999984741211,46.09000015258789,44.40999984741211,44.90999984741211,3181596132.0,2988345,Industrials
USLM,United States Lime & Minerals Inc. Common Stock,110.78,111.37000274658203,112.08000183105469,109.0,111.80999755859375,3178096853.0,107356,Industrials
PLNT,Planet Fitness Inc. Common Stock,42.07,41.91999816894531,42.81999969482422,41.7599983215332,42.25,3164377718.0,2210750,Consumer Discretionary
CBU,Community Financial System Inc. Common Stock,60.13,60.18000030517578,60.5099983215332,59.58000183105469,59.58000183105469,3163794368.0,307121,Finance
ARQT,Arcutis Biotherapeutics Inc. Common Stock,25.15,25.3700008392334,25.3700008392334,23.885000228881836,23.920000076293945,3161152819.0,2310369,Health Care
FA,First Advantage Corporation Common Stock,18.37,18.389999389648438,18.81999969482422,18.190000534057617,18.489999771118164,3155115304.0,1936648,Technology
KAI,Kadant Inc Common Stock,267.14,268.0400085449219,269.6000061035156,261.3699951171875,263.6600036621094,3154687515.0,165526,Industrials
OSIS,OSI Systems Inc. Common Stock (DE),197.87,199.5500030517578,199.5500030517578,196.42999267578125,198.55999755859375,3154437208.0,198927,Technology
RCUS,Arcus Biosciences Inc. Common Stock,24.74,24.959999084472656,24.959999084472656,23.959999084472656,24.280000686645508,3150227722.0,1390887,Health Care
ASH,Ashland Inc. Common Stock,68.78,69.3499984741211,71.72000122070312,69.3499984741211,70.97000122070312,3149667989.0,539146,Consumer Discretionary
SBCF,Seacoast Banking Corporation of Florida Common Stock,32.49,32.68000030517578,32.7400016784668,32.29999923706055,32.41999816894531,3145772740.0,836358,Finance
HTGC,Hercules Capital Inc. Common Stock,16.69,16.700000762939453,16.75,16.559999465942383,16.56999969482422,3123767160.0,1177180,Finance
BFAM,Bright Horizons Family Solutions Inc. Common Stock,64.21,64.45999908447266,66.54000091552734,63.72999954223633,66.41999816894531,3122872998.0,679684,Consumer Discretionary
BSM,Black Stone Minerals L.P. Common units representing limited partner interests,14.67,14.609999656677246,14.725000381469727,14.520000457763672,14.680000305175781,3120464077.0,215372,Energy
PENG,Penguin Solutions Inc. Common Stock,60.71,61.599998474121094,64.58000183105469,56.599998474121094,64.20999908447266,3110944256.0,2663895,Technology
BTU,Peabody Energy Corporation Common Stock ,25.5,25.329999923706055,25.510000228881836,24.545000076293945,25.43000030517578,3108450000.0,2211197,Energy
PPLI,People Incorporated Common Stock,41.73,41.91999816894531,42.290000915527344,41.2599983215332,41.290000915527344,3107379590.0,2073410,Technology
AVPT,AvePoint Inc. Class A Common Stock,14.66,14.770000457763672,15.430000305175781,14.505000114440918,14.59000015258789,3101549145.0,3169444,Technology
BHE,Benchmark Electronics Inc. Common Stock,86.11,87.1500015258789,87.18000030517578,85.87999725341797,85.95999908447266,3093065431.0,380112,Technology
WSC,WillScot Holdings Corporation Class A Common Stock,17.07,17.290000915527344,17.709999084472656,17.020000457763672,17.360000610351562,3092929653.0,3157811,Industrials
PTRN,Pattern Group Inc. Series A Common Stock,17.41,17.479999542236328,17.860000610351562,17.209999084472656,17.81999969482422,3088518139.0,1133909,Consumer Discretionary
ABG,Asbury Automotive Group Inc Common Stock,171.83,171.1199951171875,171.7899932861328,167.72000122070312,169.75999450683594,3084677898.0,301486,Consumer Discretionary
EXTR,Extreme Networks Inc. Common Stock,23.33,23.579999923706055,24.579999923706055,23.360000610351562,24.540000915527344,3083542314.0,1822379,Telecommunications
DTB,DTE Energy Company 2020 Series G 4.375% Junior Subordinated Debentures due 2080,14.81,14.739999771118164,14.909000396728516,14.710000038146973,14.770000457763672,3081784302.0,25152,Utilities
BKU,BankUnited Inc. Common Stock,43.23,43.38999938964844,43.630001068115234,42.880001068115234,42.900001525878906,3079370124.0,827060,Finance
PK,Park Hotels & Resorts Inc. Common Stock ,15.26,15.40999984741211,15.699999809265137,15.1850004196167,15.25,3072422916.0,5086553,Consumer Discretionary
CLBK,Columbia Financial Inc. Common Stock,11.33,11.390000343322754,11.390999794006348,11.055000305175781,11.130000114440918,3053946380.0,2523591,Finance
FHB,First Hawaiian Inc. Common Stock,25.04,25.110000610351562,25.19499969482422,24.959999084472656,25.0,3046901054.0,2052414,Finance
CPK,Chesapeake Utilities Corporation Common Stock,126.27,127.52999877929688,128.17999267578125,126.9000015258789,128.0800018310547,3043922073.0,210435,Utilities
DXPE,DXP Enterprises Inc. Common Stock,195.8,198.74000549316406,198.74000549316406,190.6199951171875,191.64999389648438,3038257578.0,128782,Industrials
POWI,Power Integrations Inc. Common Stock,54.36,54.689998626708984,54.689998626708984,53.130001068115234,53.400001525878906,3037272479.0,703997,Technology
FSK,FS KKR Capital Corp. Common Stock,10.99,10.920000076293945,11.029999732971191,10.789999961853027,10.8100004196167,3036979677.0,2568540,Finance
CALM,Cal-Maine Foods Inc. Common Stock,64.99,65.04000091552734,65.61000061035156,63.34000015258789,63.400001525878906,3035722739.0,2656604,Consumer Staples
AEO,American Eagle Outfitters Inc. Common Stock,18.11,18.139999389648438,18.280000686645508,17.770000457763672,17.889999389648438,3034753061.0,4913348,Consumer Discretionary
DAN,Dana Incorporated Common Stock ,28.1,28.43000030517578,28.56999969482422,28.040000915527344,28.43000030517578,3022904680.0,905849,Consumer Discretionary
BRZE,Braze Inc. Class A Common Stock,26.61,26.739999771118164,26.889999389648438,26.190000534057617,26.34000015258789,3022481602.0,1687033,Technology
BELFA,Bel Fuse Inc. Class A Common Stock,208.71,210.3000030517578,212.74000549316406,208.97000122070312,209.5800018310547,3013657610.0,50185,Uncategorized
AMBA,Ambarella Inc. Ordinary Shares,68.26,68.80000305175781,69.13999938964844,67.02999877929688,67.94000244140625,3013062680.0,1096704,Technology
FGN,F&G Annuities & Life Inc. 7.950% Senior Notes due 2053,23.84,23.760000228881836,24.040000915527344,23.540000915527344,23.829999923706055,3006189384.0,25231,Finance
PII,Polaris Inc. Common Stock,52.66,52.83000183105469,53.310001373291016,52.279998779296875,52.790000915527344,2996539574.0,1020007,Consumer Discretionary
NTCT,NetScout Systems Inc. Common Stock,41.2,41.470001220703125,41.810001373291016,40.81999969482422,40.9900016784668,2995541254.0,774713,Technology
WOR,Worthington Enterprises Inc. Common Shares,61.14,61.68000030517578,62.16999816894531,61.09000015258789,61.63999938964844,2991383574.0,273629,Industrials
AD,Array Digital Infrastructure Inc. Common Shares,34.5,34.400001525878906,34.45000076293945,34.0,34.31999969482422,2984250000.0,250161,Telecommunications
CBZ,CBIZ Inc. Common Stock,54.72,54.72999954223633,54.779998779296875,54.68000030517578,54.7400016784668,2969319459.0,864637,Consumer Discretionary
FOUR,Shift4 Payments Inc. Class A Common Stock,37.55,37.56999969482422,38.7599983215332,36.900001525878906,38.5,2964952506.0,1976974,Consumer Discretionary
NMIH,NMI Holdings Inc. Common Stock,39.39,39.36000061035156,39.939998626708984,39.20000076293945,39.90999984741211,2962831151.0,1106930,Finance
YETI,YETI Holdings Inc. Common Stock,40.52,40.720001220703125,40.72999954223633,39.810001373291016,40.25,2957506014.0,1171445,Consumer Discretionary
NAN,Nuveen New York Quality Municipal Income Fund Common Stock,9.76,9.779999732971191,9.850000381469727,9.710000038146973,9.760000228881836,2950602208.0,196598,Finance
KNF,Knife Riv Holding Co. Common Stock,51.97,52.779998779296875,53.58000183105469,52.16999816894531,53.22999954223633,2949994937.0,1132113,Industrials
FRPT,Freshpet Inc. Common Stock,61.33,61.45000076293945,63.779998779296875,61.439998626708984,62.77000045776367,2947401678.0,1023605,Consumer Staples
ATRO,Astronics Corporation Common Stock,68.41,69.05000305175781,69.66000366210938,66.44999694824219,69.16000366210938,2942250068.0,257270,Industrials
AVA,Avista Corporation Common Stock,35.13,35.33000183105469,35.619998931884766,34.95000076293945,35.189998626708984,2942236918.0,929418,Utilities
ASST,Strive Inc. Class A Common Stock,30.26,30.165000915527344,30.549999237060547,29.690000534057617,29.75,2935300159.0,9605048,Finance
TNET,TriNet Group Inc. Common Stock,63.9,64.23999786376953,64.72000122070312,62.310001373291016,62.779998779296875,2933312758.0,396488,Consumer Discretionary
ARCB,ArcBest Corporation Common Stock,131.14,131.89999389648438,131.89999389648438,127.56999969482422,128.24000549316406,2931156564.0,227378,Industrials
RWTN,Redwood Trust Inc. 9.125% Senior Notes Due 2029,22.62,22.459999084472656,23.200000762939453,21.829999923706055,22.209999084472656,2923034756.0,22668,Real Estate
PFS,Provident Financial Services Inc Common Stock,22.38,22.479999542236328,22.610000610351562,22.200000762939453,22.280000686645508,2918858191.0,1045190,Finance
COLM,Columbia Sportswear Company Common Stock,56.93,56.90999984741211,57.709999084472656,56.33000183105469,57.45000076293945,2914428534.0,580784,Consumer Discretionary
WING,Wingstop Inc. Common Stock,106.84,106.58999633789062,115.0999984741211,106.16999816894531,112.19999694824219,2910593615.0,1084598,Consumer Discretionary
SPSC,SPS Commerce Inc. Common Stock,80.46,81.30000305175781,83.16000366210938,80.19000244140625,81.0199966430664,2896574000.0,679641,Technology
DYN,Dyne Therapeutics Inc. Common Stock,15.44,15.5,15.59000015258789,14.925000190734863,15.399999618530273,2883364895.0,4377421,Health Care
FG,F&G Annuities & Life Inc. Common Stock,22.01,21.59000015258789,21.729999542236328,20.510000228881836,20.719999313354492,2881883950.0,740121,Finance
GPI,Group 1 Automotive Inc. Common Stock,241.44,238.2899932861328,240.64999389648438,236.0,236.9600067138672,2878502004.0,302338,Consumer Discretionary
TMDX,TransMedics Group Inc. Common Stock,82.99,83.87000274658203,84.05000305175781,80.08000183105469,80.27999877929688,2877690284.0,995114,Health Care
ADEA,Adeia Inc. Common Stock,26.07,26.34000015258789,26.34000015258789,24.530000686645508,24.610000610351562,2875003511.0,1172097,Telecommunications
DNOW,DNOW Inc. Common Stock,15.9,15.989999771118164,16.135000228881836,15.84000015258789,15.880000114440918,2874495667.0,2221823,Consumer Discretionary
ATRC,AtriCure Inc. Common Stock,56.37,55.970001220703125,56.58000183105469,53.43000030517578,53.68000030517578,2867332993.0,1095581,Health Care
BHF,Brighthouse Financial Inc. Common Stock,49.82,49.65999984741211,50.63999938964844,49.65999984741211,50.029998779296875,2865226069.0,582080,Finance
QS,QuantumScape Corporation Class A Common Stock,4.62,4.675000190734863,4.71999979019165,4.619999885559082,4.650000095367432,2860304402.0,15163682,Miscellaneous
INTA,Intapp Inc. Common Stock,37.38,37.86000061035156,37.86000061035156,36.630001068115234,37.029998779296875,2859986712.0,494247,Technology
SMG,Scotts Miracle-Gro Company (The) Common Stock,49.1,49.2599983215332,50.7400016784668,49.20000076293945,50.52000045776367,2858615453.0,1140278,Industrials
INFQ,Infleqtion Inc. Common Stock,12.66,12.880000114440918,13.1899995803833,12.479999542236328,12.539999961853027,2853020278.0,7820466,Technology
MMS,Maximus Inc. Common Stock,54.41,54.54999923706055,54.91999816894531,53.79999923706055,54.68000030517578,2848785885.0,731593,Consumer Discretionary
MGRC,McGrath RentCorp Common Stock,116.57,117.36000061035156,119.55000305175781,117.31999969482422,117.9800033569336,2847299536.0,186063,Consumer Discretionary
ROG,Rogers Corporation Common Stock,159.1,160.1300048828125,161.4600067138672,156.10000610351562,156.60000610351562,2842852099.0,278292,Industrials
ABM,ABM Industries Incorporated Common Stock,48.49,48.619998931884766,49.150001525878906,48.310001373291016,48.400001525878906,2842221566.0,428642,Consumer Discretionary
TALO,Talos Energy Inc. Common Stock,17.01,16.8799991607666,17.059999465942383,16.709999084472656,16.760000228881836,2840082611.0,1926059,Energy
NEOG,Neogen Corporation Common Stock,13.01,13.0600004196167,13.220000267028809,11.859999656677246,11.960000038146973,2837559125.0,5151852,Health Care
CWT,California Water Service Group Common Stock,45.84,46.45000076293945,46.45000076293945,45.25,45.54999923706055,2834704390.0,701920,Utilities
RWTO,Redwood Trust Inc. 9.00% Senior Notes Due 2029,21.91,21.729999542236328,22.780000686645508,20.989999771118164,21.68000030517578,2831286096.0,6523,Real Estate
CXT,Crane NXT Co. Common Stock,49.16,49.43000030517578,50.16999816894531,49.18000030517578,49.77000045776367,2829713705.0,524994,Industrials
DGII,Digi International Inc. Common Stock,74.56,75.91999816894531,75.9800033569336,73.55999755859375,73.94000244140625,2829412051.0,339072,Telecommunications
SOUN,SoundHound AI Inc Class A Common Stock,5.88,5.96999979019165,5.974999904632568,5.710000038146973,5.71999979019165,2828307536.0,13998504,Technology
TR,Tootsie Roll Industries Inc. Common Stock,37.61,37.4900016784668,37.90999984741211,37.290000915527344,37.36000061035156,2823444681.0,175419,Consumer Staples
SLDE,Slide Insurance Holdings Inc. Common Stock,24.14,24.09000015258789,24.649999618530273,23.84000015258789,23.889999389648438,2819834897.0,1071017,Finance
MBX,MBX Biosciences Inc. Common Stock,58.54,58.75,59.224998474121094,55.34000015258789,56.91999816894531,2819292020.0,583290,Health Care
REZI,Resideo Technologies Inc. Common Stock ,18.56,18.690000534057617,19.0,18.459999084472656,18.920000076293945,2818287336.0,1788379,Industrials
GRBK,Green Brick Partners Inc. Common Stock,65.47,65.7699966430664,67.8499984741211,64.93000030517578,67.0,2815910267.0,370769,Consumer Discretionary
AGYS,Agilysys Inc. Common Stock (DE),99.5,100.62999725341797,100.62999725341797,98.0999984741211,98.79000091552734,2806475906.0,368321,Technology
FIZZ,National Beverage Corp. Common Stock,29.84,29.84000015258789,30.1299991607666,29.809999465942383,30.020000457763672,2793480612.0,433417,Consumer Staples
GPOR,Gulfport Energy Corporation Common Shares,157.84,157.25,161.47000122070312,155.97000122070312,161.24000549316406,2791221409.0,329212,Energy
LEU,Centrus Energy Corp. Class A Common Stock,141.44,146.89999389648438,159.4199981689453,146.7100067138672,153.8800048828125,2791163948.0,613991,Industrials
APAM,Artisan Partners Asset Management Inc. Class A Common Stock,34.4,34.650001525878906,35.029998779296875,33.79999923706055,35.0,2788899814.0,1392643,Finance
TDC,Teradata Corporation Common Stock,29.91,30.100000381469727,30.34000015258789,29.559999465942383,29.6200008392334,2781630000.0,1880896,Technology
CWK,Cushman & Wakefield Ltd. Common Shares,11.85,11.90999984741211,12.350000381469727,11.850000381469727,11.9399995803833,2781357440.0,4764696,Finance
WTTR,Select Water Solutions Inc. Class A common stock,20.06,20.059999465942383,20.1200008392334,19.672000885009766,19.989999771118164,2777925510.0,2207629,Energy
FTAIM,FTAI Aviation Ltd. 9.500% Fixed-Rate Reset Series D Cumulative Perpetual Redeemable Preferred Shares,27.0409,27.040000915527344,27.040000915527344,27.040000915527344,27.040000915527344,2777292177.0,3078,Industrials
BANC,Banc of California Inc. Common Stock,17.55,17.65999984741211,17.709999084472656,17.389999389648438,17.43000030517578,2772031784.0,2586162,Finance
KWR,Quaker Houghton Common Stock,161.05,162.36000061035156,162.60000610351562,159.66000366210938,161.0800018310547,2771300407.0,192846,Industrials
PGEN,Precigen Inc. Common Stock,7.74,7.789999961853027,7.900000095367432,7.489999771118164,7.550000190734863,2771192812.0,10254205,Health Care
WDFC,WD-40 Company Common Stock,205.86,207.24000549316406,207.24000549316406,204.1199951171875,204.1699981689453,2762866823.0,116908,Industrials
POWWP,Outdoor Holding Company 8.75% Series A Cumulative Redeemable Perpetual Preferred Stock,23.8,24.25,24.375,24.1299991607666,24.1299991607666,2762250158.0,4737,Industrials
KBH,KB Home Common Stock,45.04,44.869998931884766,46.0099983215332,44.810001373291016,45.400001525878906,2761390149.0,1421153,Consumer Discretionary
ALRM,Alarm.com Holdings Inc. Common Stock,56.24,56.25,56.5,55.529998779296875,56.11000061035156,2760834423.0,574571,Technology
HWKN,Hawkins Inc. Common Stock,132.06,132.99000549316406,133.7100067138672,131.25999450683594,132.25,2756767951.0,237708,Consumer Discretionary
APPN,Appian Corporation Class A Common Stock,38.21,38.650001525878906,38.900001525878906,36.86000061035156,37.25,2736890481.0,541700,Technology
HOG,Harley-Davidson Inc. Common Stock,26.19,26.670000076293945,27.139999389648438,26.530000686645508,26.940000534057617,2725658958.0,3703619,Consumer Discretionary
MZTI,The Marzetti Company Common Stock,99.49,99.77999877929688,100.69000244140625,99.5199966430664,100.19999694824219,2715181590.0,449642,Consumer Staples
FUL,H. B. Fuller Company Common Stock,50.44,50.90999984741211,50.91999816894531,50.150001525878906,50.630001068115234,2715140762.0,1204696,Industrials
CHRN,ChronoScale Holdings Corporation Common Stock,18.6,18.899999618530273,19.559999465942383,18.399999618530273,19.280000686645508,2708856607.0,132207,Industrials
NMFCZ,New Mountain Finance Corporation 8.250% Notes due 2028,25.41,25.459999084472656,25.459999084472656,25.299999237060547,25.389999389648438,2702632019.0,4994,Uncategorized
AVAH,Aveanna Healthcare Holdings Inc. Common Stock,12.37,12.34000015258789,12.625,12.135000228881836,12.220000267028809,2699377640.0,4605334,Health Care
ACHC,Acadia Healthcare Company Inc. Common Stock,28.87,28.84000015258789,29.260000228881836,28.43000030517578,29.040000915527344,2687804939.0,2431177,Health Care
DX,Dynex Capital Inc. Common Stock,10.83,10.890000343322754,10.930000305175781,10.729999542236328,10.850000381469727,2687647711.0,8839198,Real Estate
UNFI,United Natural Foods Inc. Common Stock,44.53,44.90999984741211,45.22999954223633,43.91999816894531,44.290000915527344,2685919751.0,850070,Consumer Discretionary
BOH,Bank of Hawaii Corporation Common Stock,68.03,68.30000305175781,68.5,67.0999984741211,67.30000305175781,2683810440.0,713584,Finance
TOWN,TowneBank Common Stock,35.84,35.84000015258789,36.0099983215332,35.34000015258789,35.40999984741211,2674285107.0,488859,Finance
SLNHP,Soluna Holdings Inc 9.0% Series A Cumulative Perpetual Preferred Stock ,10.84,11.75,11.920000076293945,11.649999618530273,11.920000076293945,2674250189.0,1125,Technology
GCMG,GCM Grosvenor Inc. Class A Common Stock,13.18,13.270000457763672,13.359999656677246,13.079999923706055,13.180000305175781,2672799878.0,351709,Finance
SHAK,Shake Shack Inc. Class A Common Stock,62.4,62.65999984741211,66.11000061035156,62.63999938964844,64.61000061035156,2670653731.0,1403766,Consumer Discretionary
GRDN,Guardian Pharmacy Services Inc. Class A Common Stock,42.1,42.29999923706055,42.95000076293945,40.79999923706055,41.20000076293945,2666710998.0,276117,Consumer Staples
MGEE,MGE Energy Inc,70.27,70.79000091552734,71.18000030517578,70.05999755859375,70.58999633789062,2655082523.0,333959,Energy
BEAM,Beam Therapeutics Inc. Common Stock,25.67,26.799999237060547,26.940000534057617,24.864999771118164,25.229999542236328,2651394361.0,2002022,Health Care
NBTB,NBT Bancorp Inc. Common Stock,50.95,51.16999816894531,51.36000061035156,50.34000015258789,50.66999816894531,2647365108.0,422311,Finance
HGV,Hilton Grand Vacations Inc. Common Stock ,34.05,34.36000061035156,35.2400016784668,34.310001373291016,34.72999954223633,2646507137.0,1201712,Consumer Discretionary
ALMR,Alamar Biosciences Inc. Common Stock,38.13,38.7400016784668,39.61000061035156,31.1299991607666,32.2599983215332,2645946168.0,570835,Industrials
TRMK,Trustmark Corporation Common Stock,45.54,45.72999954223633,45.91999816894531,45.15999984741211,45.189998626708984,2644534077.0,369111,Finance
PLUG,Plug Power Inc. Common Stock,1.89,1.899999976158142,1.9299999475479126,1.850000023841858,1.8600000143051147,2640699075.0,42065960,Energy
HAYW,Hayward Holdings Inc. Common Stock,12.43,12.529999732971191,12.5649995803833,12.279999732971191,12.3100004196167,2636646404.0,3049343,Industrials
FBK,FB Financial Corporation Common Stock,52.58,52.93000030517578,53.185001373291016,52.63999938964844,52.65999984741211,2627850496.0,554646,Finance
CARG,CarGurus Inc. Class A Common Stock ,29.35,29.420000076293945,29.59000015258789,28.274999618530273,28.729999542236328,2614306579.0,2138652,Technology
PRVA,Privia Health Group Inc. Common Stock,20.45,20.639999389648438,20.8799991607666,20.260000228881836,20.280000686645508,2612164533.0,1343834,Health Care
BCC,Boise Cascade L.L.C. Common Stock,74.84,75.31999969482422,76.05000305175781,74.94000244140625,75.44999694824219,2611268709.0,281932,Consumer Discretionary
DCO,Ducommun Incorporated Common Stock,172.85,173.57000732421875,175.60000610351562,171.75,175.3300018310547,2609996800.0,179129,Industrials
RDW,Redwire Corporation Common Stock,10.43,10.550000190734863,11.149999618530273,10.539999961853027,10.619999885559082,2607422912.0,18016608,Industrials
FRMI,Fermi Inc. Common Stock,4.06,4.139999866485596,4.25,4.099999904632568,4.230000019073486,2603514394.0,13343710,Real Estate
MFAO,MFA Financial Inc. 9.000% Senior Notes due 2029,25.17,25.264999389648438,25.264999389648438,25.149999618530273,25.190000534057617,2584171229.0,14753,Real Estate
LFTO,Liftoff Mobile Inc. Common Stock,15.26,15.350000381469727,15.600000381469727,15.140000343322754,15.489999771118164,2583999102.0,555089,Technology
MFAN,MFA Financial Inc. 8.875% Senior Notes due 2029,25.16,25.149999618530273,25.25,25.100000381469727,25.149999618530273,2583144542.0,14536,Real Estate
ZIONP,Zions Bancorporation N.A. Depositary Shares (Each representing 1/40th Interest in a Share of Series A Floating-Rate Non-Cumulative Perpetual Preferred Stock),17.6571,17.59000015258789,17.59000015258789,17.350000381469727,17.559999465942383,2577112985.0,5594,Finance
FIVN,Five9 Inc. Common Stock,34.37,34.36000061035156,35.209999084472656,33.11000061035156,33.290000915527344,2568247760.0,2244049,Technology
NOG,Northern Oil and Gas Inc. Common Stock,24.03,23.969999313354492,24.270000457763672,23.729999542236328,23.90999984741211,2560375546.0,1890358,Energy
CLDX,Celldex Therapeutics Inc.,32.59,32.68000030517578,32.68000030517578,30.850000381469727,31.010000228881836,2559277448.0,1257902,Health Care
RXRX,Recursion Pharmaceuticals Inc. Class A Common Stock,4.78,4.809999942779541,5.190000057220459,4.394999980926514,4.630000114440918,2558935573.0,67279352,Health Care
GDV,Gabelli Dividend & Income Trust Common Shares of Beneficial Interest,28.37,28.3700008392334,28.600000381469727,28.25,28.469999313354492,2558647490.0,95153,Finance
FBNC,First Bancorp Common Stock,61.79,61.43000030517578,61.52000045776367,59.70000076293945,59.7400016784668,2558033273.0,295562,Finance
GPK,Graphic Packaging Holding Company,8.61,8.640000343322754,8.75,8.5,8.609999656677246,2549176244.0,10975913,Consumer Discretionary
CALY,Callaway Golf Company Common Stock,14.28,14.40999984741211,14.489999771118164,14.199999809265137,14.279999732971191,2549130240.0,2089056,Consumer Discretionary
HURN,Huron Consulting Group Inc. Common Stock,160.1,160.57000732421875,161.5500030517578,156.05999755859375,157.25999450683594,2547202527.0,214094,Consumer Discretionary
KALU,Kaiser Aluminum Corporation Common Stock,155.76,157.6999969482422,157.6999969482422,153.27000427246094,153.77000427246094,2546534570.0,257592,Industrials
DRH,Diamondrock Hospitality Company Common Stock,12.42,12.460000038146973,12.649999618530273,12.329999923706055,12.380000114440918,2541202558.0,3296513,Real Estate
CHTRP,Charter Communications Inc. Series A Cumulative Redeemable Preferred Stock,22.1568,22.149999618530273,22.25,21.899999618530273,22.25,2538670575.0,8690,Telecommunications
CUBI,Customers Bancorp Inc Common Stock,75.03,75.51000213623047,75.87999725341797,74.61000061035156,75.0,2534798439.0,306974,Finance
KD,Kyndryl Holdings Inc. Common Stock,11.61,11.6899995803833,11.720000267028809,11.404999732971191,11.479999542236328,2528870033.0,4419876,Technology
AKR,Acadia Realty Trust Common Stock,18.41,18.440000534057617,18.579999923706055,18.299999237060547,18.389999389648438,2528295412.0,1756121,Real Estate
MAN,ManpowerGroup Common Stock,54.2,54.5099983215332,54.75,51.540000915527344,51.869998931884766,2520601894.0,907559,Consumer Discretionary
VIA,Via Transportation Inc. Class A Common Stock,30.89,31.0,31.700000762939453,30.655000686645508,30.829999923706055,2517708386.0,735690,Technology
BKD,Brookdale Senior Living Inc. Common Stock,10.53,10.579999923706055,11.0600004196167,10.5600004196167,10.899999618530273,2514745664.0,4402067,Health Care
NGVT,Ingevity Corporation Common Stock ,73.14,73.80000305175781,73.80000305175781,72.19999694824219,72.80000305175781,2514401215.0,297871,Industrials
KMT,Kennametal Inc. Common Stock,32.86,33.0,33.63999938964844,33.0,33.40999984741211,2510176419.0,2163562,Industrials
RVMDW,Revolution Medicines Inc. Warrant,11.7,0.38600000739097595,11.300000190734863,10.34000015258789,10.729999542236328,2507736091.0,11310,Health Care
BFLY,Butterfly Network Inc. Class A Common Stock,9.38,9.510000228881836,10.210000038146973,8.539999961853027,8.699999809265137,2497755017.0,5234288,Health Care
FRME,First Merchants Corporation Common Stock,39.77,40.060001373291016,40.150001525878906,39.619998931884766,39.66999816894531,2497612593.0,478417,Finance
AMC,AMC Entertainment Holdings Inc. Class A Common Stock,2.79,2.8399999141693115,2.9600000381469727,2.799999952316284,2.950000047683716,2490366940.0,19846481,Consumer Discretionary
TTAM,Titan America SA Common Shares,13.5,13.59000015258789,13.779999732971191,13.380000114440918,13.5600004196167,2488893278.0,199550,Industrials
CLOV,Clover Health Investments Corp. Class A Common Stock,4.68,4.679999828338623,4.690000057220459,4.579999923706055,4.599999904632568,2485811311.0,4880604,Health Care
SUPN,Supernus Pharmaceuticals Inc. Common Stock,42.76,42.86000061035156,43.119998931884766,41.400001525878906,42.83000183105469,2485511076.0,1288412,Health Care
CENT,Central Garden & Pet Company Common Stock,39.7,39.70000076293945,40.22999954223633,39.70000076293945,40.02000045776367,2484926141.0,72056,Consumer Discretionary
LQDA,Liquidia Corporation Common Stock,27.64,27.950000762939453,28.299999237060547,25.760000228881836,25.90999984741211,2474025747.0,7760121,Health Care
BANR,Banner Corporation Common Stock,67.4,67.4000015258789,67.9000015258789,66.98999786376953,67.12000274658203,2469500413.0,253704,Finance
LPG,Dorian LPG Ltd. Common Stock,57.64,56.75,56.900001525878906,55.22999954223633,56.45000076293945,2465993733.0,655015,Consumer Discretionary
WLY,John Wiley & Sons Inc. Common Stock,48.54,48.41999816894531,48.60499954223633,47.724998474121094,48.45000076293945,2464064659.0,432841,Consumer Discretionary
UE,Urban Edge Properties Common Shares of Beneficial Interest,19.51,19.579999923706055,19.719999313354492,19.43000030517578,19.600000381469727,2463029532.0,916710,Finance
NEO,NeoGenomics Inc. Common Stock,19.13,20.0,20.149999618530273,16.469999313354492,16.510000228881836,2457735167.0,2055766,Health Care
WLYB,John Wiley & Sons Inc. Common Stock,48.36,49.53499984741211,49.53499984741211,49.53499984741211,49.53499984741211,2454927212.0,375,Consumer Discretionary
BUSE,First Busey Corporation Class A Common Stock,29.51,29.469999313354492,29.670000076293945,29.329999923706055,29.399999618530273,2454922175.0,625954,Finance
SKWD,Skyward Specialty Insurance Group Inc. Common Stock,55.19,55.380001068115234,56.5,54.83000183105469,56.4900016784668,2450242449.0,218950,Finance
HTO,H2O America Common Stock,58.44,58.83000183105469,59.43000030517578,57.90999984741211,58.18000030517578,2446111626.0,723468,Utilities
SDGR,Schrodinger Inc. Common Stock,32.6,32.98500061035156,33.779998779296875,28.559999465942383,28.899999618530273,2438663473.0,4619521,Health Care
IRON,Disc Medicine Inc. Common Stock,63.33,63.70000076293945,64.66000366210938,61.310001373291016,61.650001525878906,2431418811.0,456348,Health Care
NESR,National Energy Services Reunited Corp Ordinary Shares,24.08,23.78700065612793,25.0,23.613000869750977,24.510000228881836,2428510236.0,2980900,Energy
PLUS,ePlus inc. Common Stock,93.02,93.6500015258789,94.19000244140625,92.91000366210938,94.16000366210938,2426930682.0,268966,Technology
PAYO,Payoneer Global Inc. Common Stock,7.15,7.159999847412109,7.159999847412109,7.150000095367432,7.150000095367432,2422783477.0,4337257,Consumer Discretionary
SYBT,Stock Yards Bancorp Inc. Common Stock,77.61,77.79000091552734,78.3499984741211,76.81999969482422,77.06999969482422,2411082163.0,126369,Finance
IOSP,Innospec Inc. Common Stock,97.65,98.2699966430664,99.22000122070312,97.31999969482422,98.55000305175781,2405221740.0,193458,Industrials
IMNM,Immunome Inc. Common Stock,21.17,21.350000381469727,21.43000030517578,18.920000076293945,19.309999465942383,2404438406.0,1216251,Health Care
EEFT,Euronet Worldwide Inc. Common Stock,64.245,64.54000091552734,64.72000122070312,63.349998474121094,63.540000915527344,2402993961.0,934335,Finance
DJT,Trump Media & Technology Group Corp. Common Stock,8.63,8.6899995803833,8.795000076293945,8.609999656677246,8.649999618530273,2398633195.0,4579548,Technology
COTY,Coty Inc. Class A Common Stock,2.72,2.759999990463257,2.859999895095825,2.75,2.7899999618530273,2395467182.0,5206158,Consumer Discretionary
AAP,Advance Auto Parts Inc.,39.65,40.2400016784668,41.79999923706055,39.95000076293945,41.2400016784668,2394860000.0,1868845,Consumer Discretionary
WSBCO,WesBanco Inc. Depositary Shares each representing 1/40th interest in a share of 7.375% Fixed-Rate Reset Non-Cumulative Perpetual Preferred Stock Series B,24.87,24.75,24.899999618530273,24.75,24.829999923706055,2385179459.0,42139,Finance
BKV,BKV Corporation Common Stock,21.79,21.860000610351562,22.420000076293945,21.75,22.049999237060547,2384650316.0,881666,Energy
NOVTU,Novanta Inc. Tangible Equity Units,63.02,64.41000366210938,64.41000366210938,64.41000366210938,64.41000366210938,2383275865.0,2719,Miscellaneous
VC,Visteon Corporation Common Stock,89.27,88.91999816894531,89.51000213623047,88.6500015258789,89.30999755859375,2383100947.0,498853,Consumer Discretionary
UFPT,UFP Technologies Inc. Common Stock,307.33,310.1499938964844,310.1499938964844,300.32000732421875,302.8699951171875,2380513641.0,134998,Health Care
NRIX,Nurix Therapeutics Inc. Common stock,22.88,23.059999465942383,23.059999465942383,22.100000381469727,22.600000381469727,2374524907.0,1006551,Health Care
ICHR,Ichor Holdings Ordinary Shares,63.33,64.57499694824219,65.0,62.095001220703125,62.439998626708984,2371976323.0,741326,Technology
UPST,Upstart Holdings Inc. Common stock,24.35,24.875,24.899999618530273,23.81999969482422,23.860000610351562,2369572670.0,6209653,Finance
PDFS,PDF Solutions Inc. Common Stock,56.08,56.88999938964844,56.97999954223633,53.849998474121094,54.439998626708984,2368102273.0,535364,Technology
PRLB,Proto Labs Inc. Common stock,98.68,99.6500015258789,99.95999908447266,96.38999938964844,97.27999877929688,2360612796.0,258778,Industrials
BBT,Beacon Financial Corporation Common stock,28.13,28.170000076293945,28.270000457763672,27.81999969482422,27.93000030517578,2357746499.0,679706,Finance
SLS,SELLAS Life Sciences Group Inc. Common Stock,11.63,11.630000114440918,11.670000076293945,11.109999656677246,11.34000015258789,2348628596.0,4514429,Health Care
MFICL,MidCap Financial Investment Corporation 8.00% Notes due 2028,25.14,25.190000534057617,25.200000762939453,25.09000015258789,25.139999389648438,2345653057.0,3848,Finance
HLIO,Helios Technologies Inc. Common Stock,70.93,71.66000366210938,72.36000061035156,70.94000244140625,71.37999725341797,2340690000.0,202739,Industrials
LIND,Lindblad Expeditions Holdings Inc. Common Stock,35.6,35.939998626708984,36.36000061035156,35.5099983215332,36.08000183105469,2336060928.0,858729,Consumer Discretionary
NWL,Newell Brands Inc. Common Stock,5.48,5.53000020980835,5.630000114440918,5.46999979019165,5.550000190734863,2333932000.0,4652060,Industrials
CNXN,PC Connection Inc. Common Stock,92.4,92.63999938964844,93.06999969482422,91.75,92.38999938964844,2332000348.0,247589,Consumer Discretionary
FCPT,Four Corners Property Trust Inc. Common Stock,21.23,21.229999542236328,21.440000534057617,21.139999389648438,21.299999237060547,2330128499.0,1589609,Real Estate
AGM,Federal Agricultural Mortgage Corporation Common Stock,214.46,217.4499969482422,219.16000366210938,213.58999633789062,213.9199981689453,2327579417.0,100212,Finance
HRMY,Harmony Biosciences Holdings Inc. Common Stock,39.92,40.09000015258789,40.349998474121094,38.90999984741211,39.36000061035156,2324796809.0,897976,Health Care
BGR,BlackRock Energy and Resources Trust,17.13,17.09000015258789,17.309999465942383,16.979999542236328,17.299999237060547,2322591503.0,83007,Finance
IVT,InvenTrust Properties Corp. Common Stock,29.76,29.8700008392334,29.979999542236328,29.639999389648438,29.75,2320638107.0,757023,Real Estate
HCI,HCI Group Inc. Common Stock,185.91,186.16000366210938,187.72000122070312,183.44000244140625,184.42999267578125,2312509764.0,139281,Finance
PBI,Pitney Bowes Inc. Common Stock,16.81,16.81999969482422,16.850000381469727,16.440000534057617,16.559999465942383,2304486464.0,1642578,Miscellaneous
LIFE,Ethos Technologies Inc. Class A Common Stock,36.13,35.90999984741211,36.599998474121094,34.52000045776367,35.04999923706055,2303629073.0,2201916,Finance
INOD,Innodata Inc. Common Stock,66.97,68.16000366210938,70.41000366210938,66.0,66.23999786376953,2302606137.0,1465906,Technology
RAMP,LiveRamp Holdings Inc. Common Stock,37.71,37.7599983215332,37.77000045776367,37.630001068115234,37.650001525878906,2292578771.0,918750,Technology
PRCH,Porch Group Inc. Common Stock,17.35,17.350000381469727,17.979999542236328,17.065000534057617,17.170000076293945,2287285963.0,885862,Technology
LTC,LTC Properties Inc. Common Stock,42.43,42.45000076293945,42.70000076293945,42.209999084472656,42.439998626708984,2287213038.0,706321,Real Estate
MBIN,Merchants Bancorp Common Stock,49.72,49.95000076293945,53.6150016784668,49.58000183105469,49.95000076293945,2284041089.0,307143,Finance
NMRK,Newmark Group Inc. Class A Common Stock,12.58,12.680000305175781,12.829999923706055,12.53499984741211,12.59000015258789,2279856128.0,1310118,Finance
LASR,nLIGHT Inc. Common Stock,39.5,39.91999816894531,40.40999984741211,39.310001373291016,40.029998779296875,2278762782.0,617100,Technology
WGS,GeneDx Holdings Corp. Class A Common Stock,76.27,76.52999877929688,79.68000030517578,70.23999786376953,71.5199966430664,2274565202.0,855302,Health Care
ANDE,Andersons Inc. (The) Common Stock,66.9,66.7699966430664,67.47000122070312,65.19999694824219,66.61000061035156,2272965633.0,423694,Industrials
FIGS,FIGS Inc. Class A Common Stock,13.63,13.770000457763672,14.4350004196167,13.654999732971191,14.100000381469727,2264491498.0,1956053,Consumer Discretionary
ADMA,ADMA Biologics Inc Common Stock,10.11,10.199999809265137,10.350000381469727,9.979999542236328,10.180000305175781,2264485115.0,3512459,Health Care
ARR,ARMOUR Residential REIT Inc.,13.53,13.600000381469727,13.670000076293945,13.300000190734863,13.489999771118164,2260827795.0,5049983,Real Estate
ADAMM,Adamas Trust Inc. 7.875% Series E Fixed-to-Floating Rate Cumulative Redeemable Preferred Stock,25.0244,25.100000381469727,25.2450008392334,25.059999465942383,25.059999465942383,2259822086.0,15745,Real Estate
NN,NextNav Inc. Common Stock,13.32,13.319999694824219,13.65999984741211,12.854999542236328,13.270000457763672,2248548001.0,2611025,Industrials
ADAMI,Adamas Trust Inc. 9.125% Senior Notes Due 2029,24.7899,24.84000015258789,24.84000015258789,24.56999969482422,24.809999465942383,2245455483.0,12854,Real Estate
OPEN,Opendoor Technologies Inc Common Stock,2.31,2.3350000381469727,2.3399999141693115,2.259999990463257,2.2699999809265137,2243220326.0,27099674,Finance
BKE,Buckle Inc. (The) Common Stock,43.45,43.75,43.779998779296875,43.11000061035156,43.459999084472656,2238215257.0,478808,Consumer Discretionary
WAFD,WaFd Inc. Common Stock,30.17,30.170000076293945,30.469999313354492,29.829999923706055,29.920000076293945,2232436330.0,1217563,Finance
DBD,Diebold Nixdorf Incorporated Common stock,65.63,66.41999816894531,67.177001953125,65.3499984741211,65.4800033569336,2227914570.0,392759,Miscellaneous
RH,RH Common Stock,117.45,118.19000244140625,118.55999755859375,114.88999938964844,117.16000366210938,2223699525.0,862079,Consumer Discretionary
VVX,V2X Inc. Common Stock,70.87,71.06999969482422,71.83000183105469,68.62000274658203,70.95999908447266,2221445521.0,402981,Consumer Discretionary
KSS,Kohl's Corporation Common Stock,19.53,19.809999465942383,19.889999389648438,19.149999618530273,19.6299991607666,2214241971.0,5133506,Consumer Discretionary
MRVI,Maravai LifeSciences Holdings Inc. Class A Common Stock,8.52,8.539999961853027,8.739999771118164,7.764999866485596,7.849999904632568,2212419285.0,2630420,Health Care
BTX,BlackRock Technology and Private Equity Term Trust Common Shares of Beneficial Interest,9.38,9.399999618530273,9.489999771118164,9.345000267028809,9.489999771118164,2211768112.0,509816,Uncategorized
FLYW,Flywire Corporation Voting Common Stock,18.17,18.25,18.309999465942383,17.959999084472656,18.21500015258789,2210701637.0,1215082,Consumer Discretionary
ADAML,Adamas Trust Inc. 6.875% Series F Fixed-to-Floating Rate Cumulative Redeemable Preferred Stock $0.01 par value per share,24.47,24.459999084472656,24.827999114990234,24.190000534057617,24.329999923706055,2209757135.0,20643,Real Estate
PHIN,PHINIA Inc. Common Stock,60.18,60.810001373291016,60.89500045776367,60.29999923706055,60.7599983215332,2204880136.0,455577,Consumer Discretionary
NWBI,Northwest Bancshares Inc. Common Stock,15.04,15.079999923706055,15.170000076293945,14.899999618530273,14.930000305175781,2202745195.0,1025224,Finance
AMR,Alpha Metallurgical Resources Inc. Common Stock,173.6,174.13999938964844,177.39999389648438,169.96499633789062,176.97999572753906,2201082212.0,257754,Energy
PTON,Peloton Interactive Inc. Class A Common Stock,5.01,5.059999942779541,5.065000057220459,4.860000133514404,4.869999885559082,2198747723.0,8413810,Consumer Discretionary
PMTU,PennyMac Mortgage Investment Trust 8.50% Senior Notes due 2028,25.185,25.270000457763672,25.420000076293945,25.200000762939453,25.360000610351562,2196191487.0,8005,Real Estate
HTH,Hilltop Holdings Inc.,38.15,37.970001220703125,38.13999938964844,36.56999969482422,37.099998474121094,2185476809.0,300358,Finance
AXGN,Axogen Inc. Common Stock,37.22,37.22999954223633,37.61000061035156,35.81999969482422,36.310001373291016,2183753714.0,2186529,Health Care
ADAMN,Adamas Trust Inc. 8.00% Series D Fixed-to-Floating Rate Cumulative Redeemable Preferred Stock,24.0335,24.200000762939453,24.31999969482422,23.510000228881836,23.959999084472656,2170339113.0,6779,Real Estate
EFSC,Enterprise Financial Services Corporation Common Stock,59.82,60.08000183105469,60.470001220703125,59.560001373291016,59.61000061035156,2165036546.0,219564,Finance
CALX,Calix Inc Common Stock,34.34,34.540000915527344,35.290000915527344,34.2599983215332,35.290000915527344,2162183382.0,964326,Consumer Discretionary
PBH,Prestige Consumer Healthcare Inc. Common Stock,45.6,45.900001525878906,46.61000061035156,45.58000183105469,46.439998626708984,2160278203.0,604418,Health Care
PEB,Pebblebrook Hotel Trust Common Shares of Beneficial Interest,19.1,19.290000915527344,19.440000534057617,18.93000030517578,18.979999542236328,2155295876.0,2293039,Real Estate
VRDN,Viridian Therapeutics Inc. Common Stock,19.0,19.0,19.1299991607666,18.06999969482422,18.219999313354492,2152553111.0,2651222,Health Care
VERA,Vera Therapeutics Inc. Class A Common Stock,29.83,29.979999542236328,30.101999282836914,28.3700008392334,29.420000076293945,2149649283.0,2715191,Health Care
CENTA,Central Garden & Pet Company Class A Common Stock Nonvoting,34.26,34.5099983215332,34.689998626708984,34.220001220703125,34.61000061035156,2144422407.0,316568,Consumer Discretionary
PATK,Patrick Industries Inc. Common Stock,66.59,66.9800033569336,67.19000244140625,65.7300033569336,66.63999938964844,2138755200.0,566686,Consumer Discretionary
SONO,Sonos Inc. Common Stock,17.94,18.0,18.059999465942383,17.290000915527344,17.43000030517578,2122193983.0,2686510,Consumer Staples
MD,Pediatrix Medical Group Inc. Common Stock,26.1,26.270000457763672,26.510000228881836,25.700000762939453,26.0,2120710373.0,953219,Health Care
MCRI,Monarch Casino & Resort Inc. Common Stock,118.17,118.58000183105469,119.6500015258789,118.58000183105469,119.2300033569336,2117904307.0,148392,Consumer Discretionary
STUB,StubHub Holdings Inc. Class A Common Stock,5.53,5.579999923706055,5.815000057220459,5.53000020980835,5.730000019073486,2112957512.0,5991821,Consumer Discretionary
ADUS,Addus HomeCare Corporation Common Stock,112.98,114.0,114.66000366210938,112.23999786376953,113.16000366210938,2109822414.0,218398,Health Care
SHO,Sunstone Hotel Investors Inc. Sunstone Hotel Investors Inc. Common Shares,11.32,11.350000381469727,11.5,11.1899995803833,11.220000267028809,2104885412.0,2085959,Consumer Discretionary
VCEL,Vericel Corporation Common Stock,41.07,41.380001068115234,41.45000076293945,39.650001525878906,40.04999923706055,2103055637.0,648611,Health Care
TRN,Trinity Industries Inc. Common Stock,26.39,26.1200008392334,26.329999923706055,25.65999984741211,26.209999084472656,2102477736.0,974956,Industrials
BUSEP,First Busey Corporation Depositary Shares Each Representing a 1/40thInterest in a Share of 8.25% Fixed-Rate Series B Non-Cumulative Perpetual Preferred Stock $0.001 par value,25.27,25.350000381469727,25.350000381469727,25.200000762939453,25.209999084472656,2102198690.0,7286,Finance
ASAN,Asana Inc. Class A Common Stock,9.14,9.239999771118164,9.470000267028809,9.135000228881836,9.289999961853027,2092786869.0,3493340,Technology
CTRI,Centuri Holdings Inc. Common Stock,20.72,20.90999984741211,21.530000686645508,20.729999542236328,21.200000762939453,2091954458.0,2136600,Utilities
CC,Chemours Company (The) Common Stock,13.89,13.9399995803833,14.210000038146973,13.920000076293945,14.079999923706055,2090431041.0,2242418,Industrials
SBET,Sharplink Inc. Common Stock,9.59,9.579999923706055,9.84000015258789,9.40999984741211,9.5,2083174362.0,5668790,Technology
DV,DoubleVerify Holdings Inc. Common Stock,13.44,13.489999771118164,13.489999771118164,13.475000381469727,13.479999542236328,2083023224.0,2716683,Technology
SRCE,1st Source Corporation Common Stock,86.26,86.55000305175781,87.4800033569336,85.6500015258789,85.7699966430664,2077298311.0,116447,Finance
ECPG,Encore Capital Group Inc Common Stock,97.92,98.68000030517578,99.70999908447266,97.19999694824219,99.19000244140625,2076821119.0,198141,Finance
UWMC,UWM Holdings Corporation Class A Common Stock,1.29,1.2999999523162842,1.3200000524520874,1.159999966621399,1.2000000476837158,2072980310.0,13808487,Finance
NVAX,Novavax Inc. Common Stock,12.56,12.350000381469727,13.329999923706055,10.880000114440918,11.319999694824219,2071718319.0,28701898,Health Care
BCRX,BioCryst Pharmaceuticals Inc. Common Stock,8.1,8.149999618530273,8.149999618530273,7.869999885559082,7.949999809265137,2069834351.0,4712469,Health Care
MTX,Minerals Technologies Inc. Common Stock,66.2,66.76000213623047,66.76000213623047,65.69999694824219,65.9800033569336,2060724044.0,268773,Basic Materials
MLYS,Mineralys Therapeutics Inc. Common Stock,23.3,23.540000915527344,23.540000915527344,21.8799991607666,21.950000762939453,2059880421.0,1079169,Health Care
FCF,First Commonwealth Financial Corporation Common Stock,20.38,20.469999313354492,20.5,20.049999237060547,20.059999465942383,2059519752.0,1214950,Finance
UTZ,Utz Brands Inc Class A Common Stock ,14.28,14.279999732971191,14.279999732971191,14.270000457763672,14.270000457763672,2055780402.0,1558122,Consumer Staples
ALGT,Allegiant Travel Company Common Stock,75.14,77.47000122070312,79.80000305175781,76.0,77.54000091552734,2054158911.0,417542,Consumer Discretionary
TRLV,Trulieve Cannabis Corp. Subordinate Voting Shares,10.65,10.680000305175781,10.829999923706055,10.420000076293945,10.649999618530273,2050820466.0,1899244,Health Care
WERN,Werner Enterprises Inc. Common Stock,34.15,33.959999084472656,34.060001373291016,32.689998626708984,32.810001373291016,2048219877.0,786178,Industrials
GRC,Gorman-Rupp Company (The) Common Stock,77.55,78.2699966430664,79.23999786376953,76.61000061035156,77.22000122070312,2048114345.0,109363,Industrials
ATEN,A10 Networks Inc. Common Stock,28.19,28.420000076293945,28.84000015258789,28.280000686645508,28.579999923706055,2046848302.0,993278,Telecommunications
INSP,Inspire Medical Systems Inc. Common Stock,70.75,71.2300033569336,71.86000061035156,67.98999786376953,68.19999694824219,2045409031.0,632158,Health Care
NCNO,nCino Inc. Common Stock,19.28,19.360000610351562,19.579999923706055,18.895000457763672,19.1200008392334,2038593435.0,1658925,Technology
ADRX,ADARx Pharmaceuticals Inc. Common Stock,19.05,19.049999237060547,19.56999969482422,18.010000228881836,18.579999923706055,2034565241.0,913980,Health Care
PLPC,Preformed Line Products Company Common Stock,416.1,419.8299865722656,426.94000244140625,416.20001220703125,421.5199890136719,2034188486.0,70906,Industrials
PENN,PENN Entertainment Inc. Common Stock,15.1,15.859999656677246,16.040000915527344,15.579999923706055,15.90999984741211,2024405524.0,2924697,Consumer Discretionary
CIMN,Chimera Investment Corporation 9.000% Senior Notes due 2029,25.07,25.0,25.09000015258789,25.0,25.049999237060547,2018904549.0,27101,Real Estate
UAA,Under Armour Inc. Class A Common Stock,4.7,4.739999771118164,4.889999866485596,4.71999979019165,4.880000114440918,2018864043.0,7811416,Consumer Discretionary
ALNT,Allient Inc. Common Stock,118.63,120.16000366210938,120.45999908447266,117.05999755859375,117.23999786376953,2017007880.0,140692,Industrials
TILE,Interface Inc. Common Stock,34.86,35.15999984741211,35.15999984741211,34.650001525878906,35.04999923706055,2014924036.0,558689,Consumer Discretionary
BAND,Bandwidth Inc. Class A Common Stock,62.53,63.7400016784668,65.57599639892578,59.72999954223633,60.09000015258789,2012264674.0,511666,Technology
LCII,LCI Industries,82.58,82.91000366210938,82.91000366210938,81.16999816894531,82.19000244140625,2007644248.0,422315,Consumer Discretionary
FTRE,Fortrea Holdings Inc. Common Stock,21.11,21.989999771118164,23.510000228881836,20.729999542236328,20.780000686645508,2007561000.0,2266663,Health Care
PRGO,Perrigo Company plc Ordinary Shares,14.44,14.569999694824219,14.630000114440918,13.90999984741211,14.0,2003827898.0,1878476,Health Care
VIR,Vir Biotechnology Inc. Common Stock,11.78,11.899999618530273,11.899999618530273,11.255000114440918,11.600000381469727,1993363985.0,3147287,Health Care
WS,Worthington Steel Inc. Common Shares,39.12,39.75,40.0,38.189998626708984,38.189998626708984,1993031735.0,593538,Industrials
VERX,Vertex Inc. Class A Common Stock,12.28,12.359999656677246,12.654999732971191,12.145000457763672,12.289999961853027,1992036794.0,1598213,Technology
CHCO,City Holding Company Common Stock,141.77,142.3699951171875,142.39999389648438,140.92999267578125,141.57000732421875,1991182333.0,102886,Finance
IDT,IDT Corporation Class B Common Stock,80.08,80.58000183105469,80.72000122070312,78.23999786376953,80.30999755859375,1989081975.0,480502,Telecommunications
INVX,Innovex International Inc. Common Stock,28.41,28.760000228881836,28.780000686645508,27.510000228881836,27.6200008392334,1986876845.0,784890,Consumer Discretionary
NWN,Northwest Natural Holding Company Common Stock,47.19,47.70000076293945,47.70000076293945,47.09000015258789,47.459999084472656,1986394058.0,293065,Utilities
PGNY,Progyny Inc. Common Stock,25.86,25.860000610351562,26.239999771118164,25.559999465942383,25.90999984741211,1984154996.0,1049708,Health Care
SAH,Sonic Automotive Inc. Common Stock,62.63,61.689998626708984,61.84000015258789,59.900001525878906,61.0,1980035049.0,355174,Consumer Discretionary
ABSI,Absci Corporation Common Stock,11.53,11.770000457763672,11.890000343322754,10.210000038146973,10.270000457763672,1978709535.0,4295039,Health Care
MPT,Medical Properties Trust Inc. common stock,3.31,3.309999942779541,3.3399999141693115,3.240000009536743,3.299999952316284,1976732000.0,12540783,Real Estate
ALG,Alamo Group Inc. Common Stock,162.39,164.05999755859375,164.05999755859375,159.67999267578125,162.11000061035156,1976443006.0,165440,Industrials
PRDO,Perdoceo Education Corporation Common Stock,31.54,31.520000457763672,32.099998474121094,31.43000030517578,32.060001373291016,1973680315.0,648075,Real Estate
TBBK,The Bancorp Inc Common Stock,48.33,48.75,49.40999984741211,48.439998626708984,48.439998626708984,1971226479.0,622096,Finance
GPCR,Structure Therapeutics Inc. American Depositary Shares,27.59,27.549999237060547,27.84600067138672,26.690000534057617,27.469999313354492,1967438955.0,1868374,Health Care
BLKB,Blackbaud Inc. Common Stock,43.31,43.59000015258789,43.95000076293945,43.0,43.5099983215332,1965845101.0,582132,Technology
NGL,NGL ENERGY PARTNERS LP Common Units representing Limited Partner Interests,15.75,15.84000015258789,16.25,15.510000228881836,15.680000305175781,1965825052.0,145450,Utilities
UA,Under Armour Inc. Class C Common Stock,4.57,4.619999885559082,4.747799873352051,4.590099811553955,4.71999979019165,1963023122.0,2285463,Consumer Discretionary
BHVN,Biohaven Ltd. Common Shares ,12.97,13.0,13.039999961853027,11.880000114440918,12.079999923706055,1959037840.0,1671767,Health Care
WHR,Whirlpool Corporation Common Stock,30.03,30.239999771118164,30.56999969482422,29.899999618530273,30.149999618530273,1957937321.0,3005599,Consumer Discretionary
TRVI,Trevi Therapeutics Inc. Common Stock,13.72,13.829999923706055,13.970000267028809,12.994999885559082,13.180000305175781,1954768539.0,1719337,Health Care
GCT,GigaCloud Technology Inc Class A Ordinary Shares,54.66,54.65999984741211,55.79999923706055,54.0,54.7599983215332,1951921554.0,561147,Consumer Discretionary
UNIT,Uniti Group Inc. Common Stock,7.95,8.029999732971191,8.1899995803833,7.909999847412109,8.100000381469727,1929664823.0,3839310,Real Estate
UMBFO,UMB Financial Corporation Depositary Shares Each Representing a 1/400th Interest in a Share of 7.750% Fixed-Rate Reset Non-Cumulative Perpetual Preferred Stock Series B,25.37,25.479999542236328,25.530000686645508,25.290000915527344,25.450000762939453,1926852261.0,10795,Finance
MFP,Midera Food Processing Inc. Common Stock,42.54,42.439998626708984,43.09000015258789,41.4900016784668,41.779998779296875,1924103556.0,788589,Industrials
BRVE,Braveheart Bio Inc. Common Stock,21.35,21.59000015258789,21.59000015258789,19.670000076293945,19.790000915527344,1922331988.0,888982,Health Care
DRVN,Driven Brands Holdings Inc. Common Stock,11.65,11.779999732971191,11.904999732971191,11.65999984741211,11.760000228881836,1922014856.0,843415,Consumer Discretionary
ZD,Ziff Davis Inc. Common Stock,55.98,55.650001525878906,56.630001068115234,54.33000183105469,54.77000045776367,1919397904.0,457148,Telecommunications
RGTIW,Rigetti Computing Inc. Warrants,5.75,26.25,6.099999904632568,5.411799907684326,5.550000190734863,1919170295.0,93853,Technology
SFB,Stifel Financial Corporation 5.20% Senior Notes due 2047,18.77,18.709999084472656,19.18000030517578,18.559999465942383,18.559999465942383,1917794831.0,8062,Finance
KYN,Kayne Anderson Energy Infrastructure Fund Inc.,14.06,14.050000190734863,14.239999771118164,13.9399995803833,14.239999771118164,1914009312.0,384314,Finance
XNCR,Xencor Inc. Common Stock,25.63,25.760000228881836,26.030000686645508,23.889999389648438,24.360000610351562,1905677565.0,1276677,Health Care
PVLA,Palvella Therapeutics Inc. Common Stock,132.16,133.75,133.85000610351562,124.97000122070312,128.0,1904215069.0,142892,Health Care
WU,Western Union Company (The) Common Stock,6.1,6.079999923706055,6.179999828338623,6.03000020980835,6.139999866485596,1902461784.0,8292021,Consumer Discretionary
ABXL,Abacus Global Management Inc. 9.875% Fixed Rate Senior Notes due 2028,25.46,25.450000762939453,25.7189998626709,25.25,25.25,1900623295.0,5787,Finance
AVEX,AEVEX Corp. Class A Common Stock,14.93,15.170000076293945,15.479999542236328,14.75,15.149999618530273,1892660767.0,1621999,Industrials
BLFS,BioLife Solutions Inc. Common Stock,38.61,38.61000061035156,38.61000061035156,38.61000061035156,38.61000061035156,1888287841.0,4446008,Health Care
TH,Target Hospitality Corp. Common Stock,18.91,18.860000610351562,19.170000076293945,18.399999618530273,18.540000915527344,1883878929.0,2477777,Consumer Discretionary
GNL,Global Net Lease Inc. Common Stock,8.14,8.149999618530273,8.180000305175781,8.085000038146973,8.140000343322754,1882927356.0,3782822,Real Estate
EZPW,EZCORP Inc. Class A Non Voting Common Stock,30.5,30.729999542236328,30.950000762939453,30.440000534057617,30.850000381469727,1874022999.0,478644,Consumer Discretionary
AZTA,Azenta Inc.,42.73,43.7599983215332,46.40999984741211,39.33000183105469,39.349998474121094,1871932633.0,2370608,Technology
VOYG,Voyager Technologies Inc. Class A Common Stock,30.2,30.559999465942383,31.559999465942383,30.219999313354492,30.8799991607666,1871426292.0,1154333,Industrials
AGIO,Agios Pharmaceuticals Inc. Common Stock,31.25,31.489999771118164,32.029998779296875,30.790000915527344,31.719999313354492,1865683813.0,808749,Health Care
WKC,World Kinect Corporation Common Stock,36.43,36.470001220703125,36.84000015258789,36.15999984741211,36.52000045776367,1863453517.0,1201427,Energy
DXC,DXC Technology Company Common Stock ,11.66,11.75,11.920000076293945,11.600000381469727,11.829999923706055,1863019514.0,6614533,Technology
ZYME,Zymeworks Inc. Common Stock,26.21,26.420000076293945,26.790000915527344,25.510000228881836,25.649999618530273,1859841707.0,1036977,Health Care
RVT,Royce Small-Cap Trust Inc. Common Stock,17.22,17.219999313354492,17.329999923706055,17.030000686645508,17.170000076293945,1859014632.0,161326,Finance
TY,Tri Continental Corporation Common Stock,34.2,34.45000076293945,35.02000045776367,34.349998474121094,34.540000915527344,1858801977.0,46300,Finance
AMPL,Amplitude Inc. Class A Common Stock,14.88,14.949999809265137,15.130000114440918,14.550000190734863,14.789999961853027,1858751062.0,1913971,Technology
BXMT,Blackstone Mortgage Trust Inc. Common Stock,11.01,11.119999885559082,11.300000190734863,10.920000076293945,11.25,1855664937.0,3851657,Real Estate
OLN,Olin Corporation Common Stock,16.27,16.170000076293945,16.31999969482422,15.949999809265137,16.209999084472656,1854495112.0,22317002,Industrials
LMAT,LeMaitre Vascular Inc. Common Stock,80.99,81.04000091552734,81.20999908447266,78.9000015258789,79.05000305175781,1852181124.0,369828,Health Care
GABC,German American Bancorp Inc. Common Stock,49.28,49.279998779296875,49.540000915527344,48.93000030517578,49.060001373291016,1851883658.0,125652,Finance
VSTS,Vestis Corporation Common Stock,14.01,14.0600004196167,14.449999809265137,13.869999885559082,13.920000076293945,1851563071.0,1238390,Consumer Discretionary
BOBS,Bob's Discount Furniture Inc. Common Stock,14.15,14.15999984741211,14.789999961853027,13.960000038146973,14.680000305175781,1849222125.0,868429,Consumer Discretionary
AFGD,American Financial Group Inc. 5.625% Subordinated Debentures due 2060,22.28,21.80500030517578,22.75,21.799999237060547,22.450000762939453,1847490262.0,14619,Finance
SRPT,Sarepta Therapeutics Inc. Common Stock (DE),17.49,17.600000381469727,17.649999618530273,17.040000915527344,17.309999465942383,1847416597.0,2198733,Health Care
XERS,Xeris Biopharma Holdings Inc. Common Stock,10.13,10.229999542236328,10.329999923706055,9.899999618530273,10.069999694824219,1846904700.0,4664855,Health Care
HMN,Horace Mann Educators Corporation Common Stock,45.6,45.70000076293945,46.0,45.33000183105469,45.5099983215332,1846848062.0,289627,Finance
EPAC,Enerpac Tool Group Corp. Common Stock,36.02,36.33000183105469,36.33000183105469,35.54999923706055,35.70000076293945,1841978009.0,431090,Technology
FSUN,FirstSun Capital Bancorp Common Stock,39.45,39.63999938964844,39.7599983215332,39.09000015258789,39.189998626708984,1837737735.0,232431,Finance
RBCAA,Republic Bancorp Inc. Class A Common Stock,93.59,93.98999786376953,94.1500015258789,93.16000366210938,93.29000091552734,1837560192.0,97107,Finance
PLAB,Photronics Inc. Common Stock,31.07,31.350000381469727,31.350000381469727,30.56999969482422,30.81999969482422,1833041979.0,724034,Technology
RUN,Sunrun Inc. Common Stock,7.61,7.650000095367432,7.849999904632568,7.590000152587891,7.769999980926514,1832845533.0,9512137,Miscellaneous
BRSL,Brightstar Lottery PLC Trading under the Legal Name to begin at the market open on July 21 2025. Ordinary Shares,9.93,10.020000457763672,10.270000457763672,10.020000457763672,10.210000038146973,1832085000.0,1946715,Consumer Discretionary
WMK,Weis Markets Inc. Common Stock,74.01,74.45999908447266,74.5,72.16000366210938,72.5999984741211,1831347624.0,195554,Consumer Staples
ASTH,Astrana Health Inc. Common Stock,36.81,37.119998931884766,37.70000076293945,36.779998779296875,37.0,1825936712.0,389942,Consumer Discretionary
DHC,Diversified Healthcare Trust Common Shares of Beneficial Interest,7.54,7.590000152587891,7.670000076293945,7.449999809265137,7.579999923706055,1825652570.0,1641825,Real Estate
CDZIP,Cadiz Inc. Depositary Shares,21.56,21.75,21.975000381469727,21.3799991607666,21.975000381469727,1825637737.0,21838,Utilities
AFGB,American Financial Group Inc. 5.875% Subordinated Debentures due 2059,22.01,22.100000381469727,22.559999465942383,21.711999893188477,22.3799991607666,1825101467.0,19888,Finance
NSP,Insperity Inc. Common Stock,47.56,47.869998931884766,47.869998931884766,45.90999984741211,46.41999816894531,1816567041.0,454269,Consumer Discretionary
ZBIO,Zenas BioPharma Inc. Common Stock,27.83,27.8700008392334,28.139999389648438,26.280000686645508,26.940000534057617,1813868201.0,1131933,Health Care
FRNM,Freenome Inc. Common stock,16.83,16.81999969482422,17.299999237060547,16.110000610351562,16.360000610351562,1808329880.0,772788,Health Care
TIC,TIC Solutions Inc. Common Stock,8.26,8.350000381469727,9.0,8.289999961853027,8.850000381469727,1802500141.0,1461536,Consumer Discretionary
HWCPZ,Hancock Whitney Corporation 6.25% Subordinated Notes due 2060,21.2169,21.010000228881836,21.19300079345703,20.850000381469727,21.075000762939453,1798237893.0,5897,Finance
SMA,SmartStop Self Storage REIT Inc. Common Stock,32.47,32.790000915527344,33.39500045776367,32.790000915527344,33.130001068115234,1797828280.0,1034319,Real Estate
QUBT,Quantum Computing Inc. Common Stock,7.94,8.039999961853027,8.359999656677246,7.849999904632568,7.860000133514404,1797194076.0,8297377,Technology
BLBD,Blue Bird Corporation Common Stock,57.03,57.2400016784668,57.71799850463867,56.540000915527344,57.185001373291016,1787723003.0,324083,Consumer Discretionary
NTLA,Intellia Therapeutics Inc. Common Stock,12.75,12.5,13.218999862670898,12.039999961853027,12.369999885559082,1786615336.0,4967735,Health Care
GENB,Generate Biomedicines Inc. Common Stock,13.91,14.0,14.1899995803833,13.550000190734863,13.800000190734863,1785382385.0,1120083,Health Care
HAPN,Happen Inc. Common Stock,15.46,15.609999656677246,15.675000190734863,15.295000076293945,15.350000381469727,1784199393.0,1057902,Finance
AI,C3.ai Inc. Class A Common Stock,11.09,11.239999771118164,11.470000267028809,11.1899995803833,11.239999771118164,1783048603.0,3693053,Technology
ACVA,ACV Auctions Inc. Class A Common Stock,10.5,10.479999542236328,10.479999542236328,10.4399995803833,10.4399995803833,1782983790.0,7627330,Consumer Discretionary
WOLF,Wolfspeed Inc. Common Stock New,33.53,34.0,34.49800109863281,31.3700008392334,31.829999923706055,1774761979.0,3306716,Technology
MQ,Marqeta Inc. Class A Common Stock,17.03,17.06999969482422,17.06999969482422,16.5,16.549999237060547,1772803143.0,1104583,Technology
NTST,NetSTREIT Corp. Common Stock,17.44,17.530000686645508,17.735000610351562,17.5049991607666,17.639999389648438,1770648285.0,1922568,Real Estate
SEPN,Septerna Inc. Common Stock,37.87,37.970001220703125,38.689998626708984,35.599998474121094,35.66999816894531,1767655983.0,266690,Health Care
LIME,Neutron Holdings Inc. Common Stock,27.17,27.09000015258789,28.489999771118164,26.68000030517578,27.34000015258789,1765620442.0,255872,Technology
SNDA,Sonida Senior Living Inc. Common Stock,36.72,36.93000030517578,37.939998626708984,36.849998474121094,37.119998931884766,1764322193.0,509051,Health Care
ALHC,Alignment Healthcare Inc. Common Stock,8.5,8.4399995803833,8.734999656677246,8.180000305175781,8.369999885559082,1763198767.0,10283514,Health Care
TRNI,Trinity Capital Inc. 7.875% Notes Due 2029,25.05,25.1200008392334,25.1200008392334,25.010000228881836,25.020000457763672,1761369708.0,13452,Finance
MNR,Mach Natural Resources LP Common Units representing Limited Partner Interests,10.55,10.479999542236328,10.670000076293945,10.444999694824219,10.65999984741211,1761302392.0,577220,Energy
STRA,Strategic Education Inc. Common Stock,79.28,79.68000030517578,79.94999694824219,78.9800033569336,79.81999969482422,1760615278.0,172232,Real Estate
CTS,CTS Corporation Common Stock,61.61,62.189998626708984,62.189998626708984,60.599998474121094,61.099998474121094,1759347174.0,268462,Technology
TRNZ,Trinity Capital Inc. 7.875% Notes due 2029,25.0,25.0,25.09000015258789,24.989999771118164,25.049999237060547,1757854000.0,13554,Finance
HUBG,Hub Group Inc. Class A Common Stock,28.74,28.43000030517578,28.690000534057617,27.90999984741211,28.15999984741211,1757551877.0,872113,Industrials
THRM,Gentherm Inc Common Stock,32.23,32.22999954223633,33.31999969482422,30.940000534057617,31.0,1754642390.0,5324861,Consumer Discretionary
HYMC,Hycroft Mining Holding Corporation Class A Common Stock,18.8,19.110000610351562,19.18000030517578,18.514999389648438,19.09000015258789,1751815603.0,1538699,Basic Materials
PSNL,Personalis Inc. Common Stock,16.4,16.25,16.579999923706055,15.84000015258789,16.030000686645508,1751517901.0,1702534,Health Care
NEXT,NextDecade Corporation Common Stock,6.57,6.619999885559082,6.909999847412109,6.619999885559082,6.829999923706055,1748838295.0,2001635,Utilities
SPB,Spectrum Brands Holdings Inc. Common Stock,75.99,76.19999694824219,77.05999755859375,75.94999694824219,76.72000122070312,1747435340.0,418915,Miscellaneous
SGRY,Surgery Partners Inc. Common Stock,13.33,13.430000305175781,13.569999694824219,13.220000267028809,13.40999984741211,1745140406.0,1566793,Health Care
DCOM,Dime Commercial Bancshares Inc. Common Stock,39.51,39.709999084472656,39.849998474121094,39.43000030517578,39.470001220703125,1744627068.0,345516,Finance
HOS,Hornbeck Offshore Services Inc. Common Stock,7.85,7.860000133514404,8.15999984741211,7.599999904632568,7.71999979019165,1744007708.0,3808764,Energy
NUVB,Nuvation Bio Inc. Class A Common Stock,4.95,4.960000038146973,4.96999979019165,4.730000019073486,4.880000114440918,1738060003.0,9965695,Health Care
STBA,S&T Bancorp Inc. Common Stock,49.23,49.380001068115234,49.529998779296875,48.77000045776367,48.810001373291016,1736120171.0,298694,Finance
HOPE,Hope Bancorp Inc. Common Stock,13.57,13.569999694824219,13.699999809265137,13.470000267028809,13.479999542236328,1733456715.0,1048226,Finance
WTFCN,Wintrust Financial Corporation Depositary Shares Each Representing a 1/1000th Interest in a Share of 7.875% Fixed-Rate Reset Non-Cumulative Perpetual Preferred StocK,25.59,25.520000457763672,25.732999801635742,25.520000457763672,25.600000381469727,1726454096.0,16982,Finance
GTY,Getty Realty Corporation Common Stock,27.87,27.829999923706055,28.110000610351562,27.760000228881836,27.889999389648438,1726064321.0,726038,Finance
LILA,Liberty Latin America Ltd. Class A Common Stock,8.81,8.850000381469727,8.949999809265137,8.789999961853027,8.890000343322754,1725879000.0,287387,Telecommunications
SAM,Boston Beer Company Inc. (The) Common Stock,167.69,168.3800048828125,171.11000061035156,167.5500030517578,170.3699951171875,1725811987.0,156460,Consumer Staples
PDO,PIMCO Dynamic Income Opportunities Fund Common Shares of Beneficial Interest,11.79,11.829999923706055,12.100000381469727,11.800000190734863,12.079999923706055,1720562709.0,1375464,Finance
LILAK,Liberty Latin America Ltd. Class C Common Stock,8.77,8.84000015258789,8.920000076293945,8.755000114440918,8.859999656677246,1718043000.0,999373,Telecommunications
GEL,Genesis Energy L.P. Common Units,14.02,14.029999732971191,14.350000381469727,14.029999732971191,14.279999732971191,1712883980.0,170775,Energy
SHAZ,SharonAI Holdings Inc. Class A Common Stock,47.7,48.45000076293945,49.77000045776367,47.66999816894531,48.119998931884766,1707827189.0,1558358,Technology
XRAY,DENTSPLY SIRONA Inc. Common Stock,8.56,8.579999923706055,8.6899995803833,8.470000267028809,8.520000457763672,1706469179.0,5008838,Health Care
RLJ,RLJ Lodging Trust Common Shares of Beneficial Interest $0.01 par value,11.16,11.229999542236328,11.5,11.149999618530273,11.180000305175781,1700514732.0,2117292,Real Estate
BY,Byline Bancorp Inc. Common Stock,37.63,37.709999084472656,37.900001525878906,37.279998779296875,37.34000015258789,1700364985.0,183169,Finance
KRP,Kimbell Royalty Partners Common Units Representing Limited Partner Interests,14.79,14.75,15.015000343322754,14.649999618530273,14.9399995803833,1696466096.0,762301,Energy
LOB,Live Oak Bancshares Inc. Common Stock,36.54,36.790000915527344,36.9900016784668,36.44499969482422,36.4900016784668,1691203475.0,181274,Finance
AIN,Albany International Corporation Common Stock,59.48,61.11000061035156,62.70000076293945,58.9900016784668,59.310001373291016,1689232000.0,351763,Consumer Discretionary
KMTS,Kestra Medical Technologies Ltd. Common Stock,28.34,28.68000030517578,29.238000869750977,27.059999465942383,27.100000381469727,1687981270.0,293673,Health Care
NBHC,National Bank Holdings Corporation Common Stock,37.79,37.97999954223633,38.61000061035156,37.84000015258789,38.2599983215332,1683149481.0,1051153,Finance
ATEX,Anterix Inc. Common Stock,85.61,86.11000061035156,86.5,82.5999984741211,83.41000366210938,1678793779.0,189754,Telecommunications
CBL,CBL & Associates Properties Inc. Common Stock,54.21,54.11000061035156,54.11000061035156,49.45000076293945,50.0,1677406857.0,131475,Real Estate
BFC,Bank First Corporation Common Stock,151.22,151.9199981689453,152.3699951171875,150.25,150.3300018310547,1676365491.0,56034,Finance
OZKAP,Bank OZK 4.625% Series A Non-Cumulative Perpetual Preferred Stock,14.8,14.949999809265137,14.949999809265137,14.699999809265137,14.75,1674414754.0,31820,Finance
XHR,Xenia Hotels & Resorts Inc. Common Stock,18.15,18.260000228881836,18.559999465942383,17.9950008392334,18.059999465942383,1674261905.0,805421,Consumer Discretionary
TCBK,TriCo Bancshares Common Stock,52.27,52.380001068115234,52.599998474121094,52.09000015258789,52.11000061035156,1670895750.0,304119,Finance
FLOC,Flowco Holdings Inc. Class A Common Stock,18.49,18.530000686645508,18.59000015258789,18.15999984741211,18.559999465942383,1670631186.0,678849,Consumer Discretionary
ANIP,ANI Pharmaceuticals Inc.,72.58,72.98999786376953,72.98999786376953,70.80000305175781,71.5199966430664,1666399639.0,346893,Health Care
GIC,Global Industrial Company Common Stock,43.58,43.93000030517578,44.36000061035156,43.40999984741211,43.439998626708984,1660761501.0,139613,Industrials
WLTH,Wealthfront Corporation Common Stock,10.62,10.6899995803833,10.899999618530273,10.5,10.550000190734863,1658593793.0,2238074,Finance
CNOB,ConnectOne Bancorp Inc. Common Stock,30.52,30.639999389648438,30.81999969482422,30.360000610351562,30.399999618530273,1657094998.0,323803,Finance
ATEC,Alphatec Holdings Inc. Common Stock,10.72,10.770000457763672,10.890000343322754,10.489999771118164,10.539999961853027,1655715535.0,2063637,Health Care
CCS,Century Communities Inc. Common Stock,58.13,58.25,59.665000915527344,57.709999084472656,58.88999938964844,1652804477.0,229206,Consumer Discretionary
MIY,Blackrock MuniYield Michigan Quality Fund Inc. Common Stock,11.11,11.100000381469727,11.260000228881836,11.100000381469727,11.199999809265137,1652751053.0,44796,Finance
BDJ,Blackrock Enhanced Equity Dividend Trust,9.34,9.390000343322754,9.449999809265137,9.329999923706055,9.449999809265137,1652095542.0,712656,Finance
MUJ,Blackrock MuniHoldings New Jersey Quality Fund Inc. Common Stock,11.1,11.109999656677246,11.34000015258789,11.109999656677246,11.3100004196167,1651263428.0,151213,Finance
TRIN,Trinity Capital Inc. Common Stock,17.43,17.520000457763672,17.579999923706055,17.3799991607666,17.3799991607666,1650508995.0,853676,Finance
JSM,Navient Corporation 6% Senior Notes due December 15 2043,16.528,16.559999465942383,16.709999084472656,16.5,16.549999237060547,1643396196.0,12889,Finance
LCID,Lucid Group Inc. Common Stock,4.17,4.179999828338623,4.329999923706055,4.114999771118164,4.159999847412109,1643272634.0,7683409,Industrials
IMKTA,Ingles Markets Incorporated Class A Common Stock,86.51,87.01000213623047,87.16999816894531,85.27999877929688,85.41999816894531,1643203468.0,91089,Consumer Staples
RZC,Reinsurance Group of America Incorporated 7.125% Fixed-Rate Reset Subordinated Debentures due 2052,25.15,25.100000381469727,25.200000762939453,25.06999969482422,25.079999923706055,1642336875.0,61202,Finance
GSHD,Goosehead Insurance Inc. Class A Common Stock,46.19,44.90999984741211,46.0099983215332,43.10599899291992,43.38999938964844,1640479652.0,406104,Finance
OBK,Origin Bancorp Inc. Common Stock,53.12,53.369998931884766,53.70000076293945,52.744998931884766,52.81999969482422,1638734895.0,201730,Finance
QCRH,QCR Holdings Inc. Common Stock,100.03,100.43000030517578,100.5999984741211,98.66000366210938,99.0199966430664,1638052668.0,129712,Finance
BL,BlackLine Inc. Common Stock,28.13,28.469999313354492,28.656999588012695,27.829999923706055,28.170000076293945,1635063845.0,944684,Technology
STOK,Stoke Therapeutics Inc. Common Stock,25.32,25.579999923706055,25.725000381469727,23.0,24.3700008392334,1633804447.0,928450,Health Care
OCFC,OceanFirst Financial Corp. Common Stock,16.82,16.790000915527344,16.979999542236328,16.739999771118164,16.75,1625572584.0,837622,Finance
ETV,Eaton Vance Corporation Eaton Vance Tax-Managed Buy-Write Opportunities Fund Common Shares of Beneficial Interest,14.86,14.850000381469727,14.979999542236328,14.800000190734863,14.930000305175781,1623727666.0,183121,Finance
DSGR,Distribution Solutions Group Inc. Common Stock,35.02,35.02000045776367,35.099998474121094,35.02000045776367,35.04999923706055,1619864878.0,251929,Consumer Discretionary
DEI,Douglas Emmett Inc. Common Stock,9.64,9.720000267028809,9.869999885559082,9.649999618530273,9.8100004196167,1614557974.0,2486785,Real Estate
BPOPM,Popular Inc. Popular Capital Trust II - 6.125% Cumulative Monthly Income Trust Preferred Securities,25.2,25.139999389648438,25.25,25.139999389648438,25.25,1607218225.0,7688,Finance
EVCM,EverCommerce Inc. Common Stock,9.07,9.130000114440918,9.550000190734863,9.095000267028809,9.270000457763672,1602353781.0,98976,Technology
AMBQ,Ambiq Micro Inc. Common Stock,65.92,67.91999816894531,67.96499633789062,62.900001525878906,63.2400016784668,1594244613.0,509199,Technology
OCUL,Ocular Therapeutix Inc. Common Stock,7.25,7.300000190734863,7.565000057220459,7.130000114440918,7.340000152587891,1592215043.0,5620088,Health Care
SNDX,Syndax Pharmaceuticals Inc. Common Stock,17.83,17.989999771118164,18.190000534057617,16.850000381469727,17.3700008392334,1592167043.0,1460080,Health Care
AESI,Atlas Energy Solutions Inc. Common Stock,12.72,12.65999984741211,13.119999885559082,12.510000228881836,12.710000038146973,1590043897.0,4749026,Industrials
ETON,Eton Pharmaceuticals Inc. Common Stock,55.62,56.150001525878906,56.150001525878906,54.11000061035156,54.77000045776367,1589793969.0,405554,Health Care
FRMEP,First Merchants Corporation Depository Shares,25.27,25.309999465942383,25.309999465942383,25.309999465942383,25.309999465942383,1586991959.0,1406,Finance
OMCL,Omnicell Inc. Common Stock ($0.001 par value),34.64,34.95000076293945,35.560001373291016,34.2400016784668,35.459999084472656,1580099582.0,397754,Technology
GLP,Global Partners LP Common Units representing Limited Partner Interests,46.46,46.59000015258789,47.63999938964844,46.59000015258789,47.599998474121094,1579433857.0,52040,Energy
CNXC,Concentrix Corporation Common Stock,25.87,25.93000030517578,26.09000015258789,24.25,24.84000015258789,1578544715.0,1719726,Technology
PRKS,United Parks & Resorts Inc. Common Stock,34.39,34.41999816894531,34.54999923706055,33.5,33.880001068115234,1559287617.0,1044119,Consumer Discretionary
UZD,Array Digital Infrastructure Inc. 6.250% Senior Notes due 2069,18.1,18.059999465942383,18.34000015258789,18.020000457763672,18.34000015258789,1556600000.0,5214,Telecommunications
WWW,Wolverine World Wide Inc. Common Stock,18.94,19.040000915527344,19.31999969482422,18.809999465942383,19.309999465942383,1554336461.0,1125842,Consumer Discretionary
OXSQG,Oxford Square Capital Corp. 5.50% Notes due 2028,24.3407,24.39699935913086,24.649999618530273,24.39699935913086,24.649999618530273,1551910943.0,518,Consumer Discretionary
STC,Stewart Information Services Corporation Common Stock,50.83,51.279998779296875,52.279998779296875,50.869998931884766,51.720001220703125,1551443375.0,361859,Finance
HUN,Huntsman Corporation Common Stock,8.84,8.770000457763672,8.819999694824219,8.640000343322754,8.770000457763672,1550346965.0,4778106,Industrials
OXLC,Oxford Lane Capital Corp. Common Stock,8.93,8.9399995803833,8.9399995803833,8.510000228881836,8.680000305175781,1550248000.0,1061566,Finance
AFGC,American Financial Group Inc. 5.125% Subordinated Debentures due 2059,18.64,18.780000686645508,18.780000686645508,18.260000228881836,18.610000610351562,1545656126.0,15981,Finance
RAPP,Rapport Therapeutics Inc. Common Stock,32.19,32.91999816894531,34.0,30.010000228881836,31.149999618530273,1544421026.0,198895,Health Care
GLOB,Globant S.A. Common Shares,35.75,35.77000045776367,35.869998931884766,35.24100112915039,35.560001373291016,1543669127.0,684350,Technology
NUTX,Nutex Health Inc. Common Stock,225.0,225.0,226.1580047607422,217.4600067138672,218.39999389648438,1540793925.0,156551,Consumer Discretionary
PWP,Perella Weinberg Partners Class A Common Stock,15.8,15.800000190734863,16.09000015258789,15.5,15.529999732971191,1537518951.0,2783554,Finance
CERT,Certara Inc. Common Stock,10.07,10.069999694824219,10.1899995803833,9.1899995803833,9.270000457763672,1536065515.0,2940742,Technology
PGY,Pagaya Technologies Ltd. Class A Ordinary Shares,18.4,18.68000030517578,18.780000686645508,17.920000076293945,18.049999237060547,1535035511.0,1814161,Finance
GAM,General American Investors Inc. Common Stock,63.95,64.01000213623047,64.7699966430664,64.01000213623047,64.45999908447266,1533240260.0,21063,Finance
JBLU,JetBlue Airways Corporation Common Stock,4.06,4.159999847412109,4.170000076293945,3.990000009536743,4.03000020980835,1531887455.0,17831236,Consumer Discretionary
FRA,Blackrock Floating Rate Income Strategies Fund Inc  Common Stock,10.29,10.359999656677246,10.369999885559082,10.270000457763672,10.369999885559082,1530765827.0,336429,Finance
CASH,Pathward Financial Inc. Common Stock,73.42,73.87999725341797,74.4800033569336,72.95999908447266,73.05999755859375,1525180238.0,238982,Finance
SAFT,Safety Insurance Group Inc. Common Stock,103.89,103.87999725341797,103.94000244140625,103.80999755859375,103.94000244140625,1525155275.0,147012,Finance
GAB,Gabelli Equity Trust Inc. (The) Common Stock,5.18,5.199999809265137,5.28000020980835,5.199999809265137,5.269999980926514,1521973163.0,1310815,Finance
HE,Hawaiian Electric Industries Inc. Common Stock,8.81,8.890000343322754,8.949999809265137,8.770000457763672,8.930000305175781,1521733715.0,3727552,Utilities
PRGS,Progress Software Corporation Common Stock (DE),37.215,37.47999954223633,38.15999984741211,36.56999969482422,37.20000076293945,1521133055.0,837685,Technology
KMPR,Kemper Corporation,25.81,25.75,26.209999084472656,25.729999542236328,26.06999969482422,1520806605.0,836402,Finance
ALKT,Alkami Technology Inc. Common Stock,14.15,14.329999923706055,14.329999923706055,14.029999732971191,14.109999656677246,1513229017.0,1329404,Technology
PFBC,Preferred Bank Common Stock,105.23,105.63999938964844,106.76000213623047,104.1500015258789,104.54000091552734,1510756593.0,118744,Finance
PAHC,Phibro Animal Health Corporation Class A Common Stock,37.19,37.459999084472656,37.70000076293945,36.310001373291016,36.61000061035156,1509973616.0,280066,Health Care
PBT,Permian Basin Royalty Trust Common Stock,32.34,32.20000076293945,33.880001068115234,32.20000076293945,33.54999923706055,1507328463.0,889524,Energy
MHD,Blackrock MuniHoldings Fund Inc. Common Stock,10.1,10.109999656677246,10.25,10.109999656677246,10.229999542236328,1502500957.0,914846,Finance
ECAT,BlackRock ESG Capital Allocation Term Trust Common Shares of Beneficial Interest,13.89,14.010000228881836,14.199999809265137,13.920000076293945,14.140000343322754,1501995150.0,403332,Finance
SBH,Sally Beauty Holdings Inc. (Name to be changed from Sally Holdings Inc.) Common Stock,16.04,16.1299991607666,16.489999771118164,16.059999465942383,16.260000228881836,1501701564.0,1546337,Consumer Discretionary
ECCC,Eagle Point Credit Company 6.50% Series C Term Preferred Stock due 2031,24.724,24.950000762939453,24.950000762939453,24.75,24.850000381469727,1499820243.0,3739,Finance
RVLV,Revolve Group Inc. Class A Common Stock,21.05,21.190000534057617,21.229999542236328,20.829999923706055,21.209999084472656,1496348091.0,534396,Consumer Discretionary
INVA,Innoviva Inc. Common Stock,20.64,20.780000686645508,20.969999313354492,20.6200008392334,20.829999923706055,1491146810.0,993422,Health Care
ADAMZ,Adamas Trust Inc. 7.000% Series G Cumulative Redeemable Preferred Stock $0.01 par value per share,16.51,16.75,16.760000228881836,16.62299919128418,16.709999084472656,1490931356.0,13013,Real Estate
ARDT,Ardent Health Inc. Common Stock,10.55,10.630000114440918,10.84000015258789,10.489999771118164,10.680000305175781,1488034319.0,376757,Health Care
ICFI,ICF International Inc. Common Stock,82.86,83.5,85.0199966430664,82.80999755859375,83.08999633789062,1486001628.0,140876,Consumer Discretionary
EFC,Ellington Financial Inc. Common Stock ,11.5,11.5600004196167,11.680000305175781,11.479999542236328,11.670000076293945,1482204939.0,2338670,Finance
EFOR,Everforth Inc. Common Stock,36.14,36.04999923706055,36.130001068115234,35.33000183105469,35.970001220703125,1481740000.0,1125350,Consumer Discretionary
BCAT,BlackRock Capital Allocation Term Trust Common Shares of Beneficial Interest,13.64,13.59000015258789,13.739999771118164,13.569999694824219,13.710000038146973,1474961400.0,770344,Finance
TFIN,Triumph Financial Inc. Common Stock,61.6,62.25,63.22999954223633,61.75,61.970001220703125,1471903479.0,235406,Finance
MAZE,Maze Therapeutics Inc. Common Stock,26.43,26.739999771118164,26.90999984741211,25.78499984741211,26.43000030517578,1468164510.0,588037,Health Care
RQI,Cohen & Steers Quality Income Realty Fund Inc Common Shares,10.93,10.949999809265137,11.130000114440918,10.930000305175781,11.079999923706055,1467903459.0,853602,Finance
MQY,Blackrock MuniYield Quality Fund Inc. Common Stock,9.85,9.869999885559082,9.970000267028809,9.850000381469727,9.9399995803833,1465310339.0,1478051,Finance
CSWC,Capital Southwest Corporation Common Stock,23.57,23.700000762939453,23.780000686645508,23.56999969482422,23.670000076293945,1464656912.0,740255,Consumer Discretionary
CRSR,Corsair Gaming Inc. Common Stock,13.53,13.630000114440918,13.869999885559082,13.480999946594238,13.640000343322754,1463634255.0,1081218,Technology
TSHA,Taysha Gene Therapies Inc. Common Stock,4.49,4.510000228881836,4.570000171661377,4.260000228881836,4.389999866485596,1462992617.0,4975384,Health Care
JJSF,J & J Snack Foods Corp. Common Stock,78.19,78.7699966430664,79.73999786376953,78.01000213623047,79.44000244140625,1460714930.0,375087,Consumer Staples
ECCV,Eagle Point Credit Company 5.375% Notes due 2029,24.065,23.889999389648438,24.049999237060547,23.760000228881836,23.8700008392334,1459843640.0,6359,Finance
KMPB,Kemper Corporation 5.875% Fixed-Rate Reset Junior Subordinated Debentures due 2062,24.73,24.649999618530273,24.780000686645508,24.600000381469727,24.719999313354492,1457169598.0,12403,Finance
ANAB,AnaptysBio Inc. Common Stock,49.2,49.40999984741211,49.40999984741211,47.349998474121094,47.88999938964844,1456737265.0,595583,Health Care
NRP,Natural Resource Partners LP Limited Partnership,109.8,110.0,111.06999969482422,108.52999877929688,110.23999786376953,1454895238.0,26322,Energy
HCSG,Healthcare Services Group Inc. Common Stock,21.19,21.389999389648438,21.610000610351562,20.989999771118164,21.1299991607666,1454316360.0,764826,Health Care
AMSC,American Superconductor Corporation Common Stock,29.98,30.489999771118164,32.099998474121094,30.25,31.850000381469727,1452295447.0,487813,Consumer Discretionary
ENR,Energizer Holdings Inc. Common Stock,21.2,21.40999984741211,21.709999084472656,21.149999618530273,21.59000015258789,1451853104.0,1200187,Miscellaneous
LKFN,Lakeland Financial Corporation Common Stock,58.31,58.56999969482422,58.84000015258789,57.84000015258789,57.97999954223633,1449460650.0,189489,Finance
FCEL,FuelCell Energy Inc. Common Stock,18.07,18.5,21.059999465942383,18.309999465942383,20.649999618530273,1444772322.0,5496682,Energy
NKTR,Nektar Therapeutics  Common Stock,42.22,42.439998626708984,42.439998626708984,39.34000015258789,39.90999984741211,1441517207.0,2029493,Health Care
REX,REX American Resources Corporation,43.41,43.33000183105469,45.0,43.040000915527344,44.040000915527344,1440154532.0,370369,Industrials
TYRA,Tyra Biosciences Inc. Common Stock,20.93,20.93000030517578,20.985000610351562,19.600000381469727,20.239999771118164,1439061803.0,614386,Health Care
DJTWW,Trump Media & Technology Group Corp. Warrants,5.165,6.849999904632568,5.210000038146973,4.989999771118164,5.09499979019165,1435566680.0,3921,Technology
MUC,Blackrock MuniHoldings California Quality Fund Inc.  Common Stock,9.64,9.579999923706055,9.760000228881836,9.539999961853027,9.760000228881836,1434070220.0,927655,Finance
ARHS,Arhaus Inc. Class A Common Stock,10.11,10.329999923706055,10.359999656677246,9.880000114440918,9.920000076293945,1433110021.0,1656127,Consumer Discretionary
VISN,Vistance Networks Inc. Common Stock,6.2,6.239999771118164,6.244999885559082,6.085000038146973,6.150000095367432,1429883754.0,4399419,Technology
RARE,Ultragenyx Pharmaceutical Inc. Common Stock,14.5,14.600000381469727,14.699999809265137,14.079999923706055,14.460000038146973,1429538659.0,4656780,Health Care
COAG,Hemab Therapeutics Holdings Inc. Common Stock,30.59,30.809999465942383,30.889999389648438,28.010000228881836,28.3700008392334,1428923659.0,294554,Health Care
ESQ,Esquire Financial Holdings Inc. Common Stock,118.02,118.73999786376953,120.4800033569336,116.44000244140625,116.44000244140625,1428582886.0,165341,Finance
AMAL,Amalgamated Financial Corp. Common Stock (DE),47.73,48.0,48.25,47.630001068115234,47.650001525878906,1427134016.0,186110,Finance
AMN,AMN Healthcare Services Inc,36.84,37.02000045776367,38.439998626708984,36.59000015258789,36.72999954223633,1426812868.0,635273,Consumer Discretionary
SCL,Stepan Company Common Stock,62.74,63.20000076293945,63.20000076293945,61.95000076293945,62.38999938964844,1426239560.0,143222,Consumer Discretionary
PRSU,Pursuit Attractions and Hospitality Inc. Common Stock,52.29,52.59000015258789,53.290000915527344,52.369998931884766,52.72999954223633,1425642665.0,284334,Consumer Discretionary
KARD,Kardigan Inc. Common Stock,15.24,15.25,15.25,12.520000457763672,13.489999771118164,1424996373.0,380874,Health Care
DMLP,Dorchester Minerals L.P. Common Units Representing Limited Partnership Interests,28.99,28.989999771118164,29.43000030517578,28.860000610351562,29.1200008392334,1423159918.0,102219,Energy
MBC,MasterBrand Inc. Common Stock,6.98,7.079999923706055,7.159999847412109,6.979000091552734,7.099999904632568,1420363620.0,2893255,Consumer Discretionary
MLKN,MillerKnoll Inc. Common Stock,20.64,21.190000534057617,21.309999465942383,20.65999984741211,20.719999313354492,1420027769.0,655928,Consumer Discretionary
WBTN,WEBTOON Entertainment Inc. Common stock,10.46,10.5600004196167,10.5600004196167,10.149999618530273,10.199999809265137,1419537792.0,650933,Consumer Discretionary
MYI,Blackrock MuniYield Quality Fund III Inc Common Stock,9.54,9.539999961853027,9.670000076293945,9.510000228881836,9.640000343322754,1419193973.0,864448,Finance
BKT,BlackRock Income Trust Inc. (The),9.53,9.569999694824219,9.579999923706055,9.420000076293945,9.5,1417706349.0,338598,Finance
SVV,Savers Value Village Inc. Common Stock,9.19,9.270000457763672,9.300000190734863,9.130000114440918,9.199999809265137,1417613881.0,839711,Consumer Discretionary
CNMD,CONMED Corporation Common Stock,47.33,47.83000183105469,48.25,44.310001373291016,44.47999954223633,1417592568.0,343367,Health Care
AGL,agilon health inc. Common Stock,84.28,85.13999938964844,86.26300048828125,82.98999786376953,83.4000015258789,1415163179.0,188162,Health Care
FLNC,Fluence Energy Inc. Class A Common Stock,7.65,7.769999980926514,8.15999984741211,7.71999979019165,8.029999732971191,1412162223.0,5662666,Miscellaneous
HAWK,HawkEye 360 Inc. Common Stock,14.38,14.40999984741211,14.720000267028809,14.15999984741211,14.369999885559082,1408744638.0,1487063,Technology
ATLC,Atlanticus Holdings Corporation Common Stock,92.86,93.80000305175781,94.54000091552734,92.55000305175781,93.06999969482422,1408689729.0,90406,Finance
TMP,Tompkins Financial Corporation Common Stock,97.93,98.3499984741211,99.05999755859375,97.01000213623047,97.80999755859375,1408517887.0,88181,Finance
PNTG,The Pennant Group Inc. Common Stock ,40.3,40.45000076293945,41.119998931884766,39.849998474121094,39.95500183105469,1407641682.0,304016,Health Care
ULCC,Frontier Group Holdings Inc. Common Stock,6.11,6.28000020980835,6.449999809265137,6.179999828338623,6.25,1406618361.0,1868849,Consumer Discretionary
KLRA,Kailera Therapeutics Inc. Common Stock,10.84,10.949999809265137,11.239999771118164,10.319999694824219,10.829999923706055,1405337448.0,1811925,Health Care
UFCS,United Fire Group Inc. Common Stock,54.65,54.5099983215332,55.400001525878906,53.59000015258789,54.869998931884766,1404802241.0,180224,Finance
AVBP,ArriVent BioPharma Inc. Common Stock,28.46,12.09000015258789,15.789999961853027,11.359999656677246,15.09000015258789,1403297967.0,494774,Health Care
AFGE,American Financial Group Inc. 4.500% Subordinated Debentures due 2060,16.9,16.899999618530273,16.899999618530273,16.540000915527344,16.809999465942383,1401372775.0,9347,Finance
FMC,FMC Corporation Common Stock,9.0,9.050000190734863,9.300000190734863,8.960000038146973,9.029999732971191,1399971294.0,6293353,Industrials
RYZ,Ryerson Holding Corporation Common Stock,26.97,27.280000686645508,27.5049991607666,26.514999389648438,26.549999237060547,1399706671.0,388137,Industrials
KRSA,Korsana Biosciences Inc. Common Stock,30.72,30.5,31.920000076293945,30.5,31.770000457763672,1399032576.0,104285,Health Care
BHRB,Burke & Herbert Financial Services Corp. Common Stock,69.28,69.30000305175781,70.06999969482422,69.05999755859375,69.19999694824219,1398557646.0,113484,Finance
MUA,Blackrock MuniAssets Fund Inc Common Stock,9.39,9.399999618530273,9.430000305175781,9.319999694824219,9.40999984741211,1396879603.0,321385,Finance
TRS,TriMas Corporation Common Stock,38.93,39.08000183105469,39.189998626708984,38.86000061035156,38.970001220703125,1396569876.0,229258,Industrials
IIPR,Innovative Industrial Properties Inc. Common Stock,50.54,50.630001068115234,50.720001220703125,49.439998626708984,50.2599983215332,1393455978.0,364191,Finance
CDNL,Cardinal Infrastructure Group Inc. Class A Common Stock,28.71,28.889999389648438,29.770000457763672,28.399999618530273,28.719999313354492,1391856637.0,406143,Industrials
INBX,Inhibrx Biosciences Inc. Common Stock,94.56,95.5199966430664,96.95999908447266,92.5999984741211,93.41000366210938,1391701930.0,207140,Health Care
CTBI,Community Trust Bancorp Inc. Common Stock,76.08,76.12999725341797,76.56999969482422,75.80999755859375,76.11000061035156,1382217940.0,130172,Finance
AMPX,Amprius Technologies Inc. Common Stock,9.45,9.5600004196167,9.770000457763672,9.414999961853027,9.470000267028809,1380461840.0,5721810,Miscellaneous
SHLS,Shoals Technologies Group Inc. Class A Common Stock,8.15,8.170000076293945,8.569999694824219,8.100000381469727,8.489999771118164,1371644593.0,3008622,Technology
CNOBP,ConnectOne Bancorp Inc. Depositary Shares each representing a 1/40th interest in a share of 5.25% Fixed-Rate Reset Non-Cumulative Perpetual Preferred Stock Series A,25.2593,25.219999313354492,25.2450008392334,25.18000030517578,25.209999084472656,1371463292.0,5270,Finance
COUR,Coursera Inc. Common Stock,5.18,5.190000057220459,5.25,5.039999961853027,5.119999885559082,1369592000.0,6194317,Technology
OMER,Omeros Corporation Common Stock,18.9,18.950000762939453,18.989999771118164,18.309999465942383,18.510000228881836,1368139172.0,1068218,Health Care
UZE,Array Digital Infrastructure Inc. 5.500% Senior Notes due 2070,15.88,16.0,16.0,16.0,16.0,1365680000.0,7385,Telecommunications
WABC,Westamerica Bancorporation Common Stock,59.06,59.36000061035156,59.70000076293945,58.63999938964844,58.72999954223633,1364944696.0,172812,Finance
UZF,Array Digital Infrastructure Inc. 5.500% Senior Notes due 2070,15.8701,15.880000114440918,16.049999237060547,15.880000114440918,16.020000457763672,1364828600.0,2805,Telecommunications
APPS,Digital Turbine Inc. Common Stock,11.21,11.199999809265137,11.529999732971191,10.300000190734863,10.489999771118164,1364501995.0,2540210,Miscellaneous
NCV,Virtus Convertible & Income Fund Common Shares of Beneficial Interest,15.05,15.229999542236328,15.359999656677246,15.0600004196167,15.3100004196167,1360122213.0,80723,Finance
CRCT,Cricut Inc. Class A Common Stock,6.47,6.510000228881836,6.53000020980835,6.369999885559082,6.380000114440918,1355105372.0,617253,Technology
ARLO,Arlo Technologies Inc. Common Stock,12.59,12.729999542236328,12.819999694824219,12.539999961853027,12.800000190734863,1354851497.0,1456043,Consumer Discretionary
LQDT,Liquidity Services Inc. Common Stock,43.22,43.22999954223633,43.310001373291016,41.45000076293945,41.5099983215332,1354152530.0,292333,Consumer Discretionary
HLMN,Hillman Solutions Corp. Common Stock,6.96,7.0,7.119999885559082,6.960000038146973,7.039999961853027,1354033193.0,1045625,Consumer Discretionary
RES,RPC Inc. Common Stock,6.1,6.099999904632568,6.130000114440918,5.949999809265137,6.039999961853027,1352107773.0,2609392,Energy
GT,The Goodyear Tire & Rubber Company Common Stock,4.68,4.730000019073486,4.800000190734863,4.659999847412109,4.659999847412109,1347366089.0,14672504,Consumer Discretionary
DCH,Dauch Corporation Common Stock,5.65,5.71999979019165,5.989999771118164,5.679999828338623,5.849999904632568,1342466001.0,5958321,Consumer Discretionary
QMCO,Quantum Corporation Common Stock,34.005,34.02000045776367,35.40999984741211,33.290000915527344,33.470001220703125,1340137084.0,1650496,Technology
ADIG,ADI Global Distribution Inc. Common Stock,17.62,17.90999984741211,18.290000915527344,17.600000381469727,17.81999969482422,1337766749.0,679929,Industrials
TWFG,TWFG Inc. Class A Common Stock,24.73,24.729999542236328,25.309999465942383,24.704999923706055,25.010000228881836,1336700866.0,75690,Finance
PEBO,Peoples Bancorp Inc. Common Stock,37.11,37.11000061035156,37.34000015258789,36.70000076293945,36.72999954223633,1333819310.0,470805,Finance
UAN,CVR Partners LP Common Units representing Limited Partner Interests,125.93,126.25,127.0,124.80000305175781,125.27999877929688,1331034387.0,20957,Industrials
ADNT,Adient plc Ordinary Shares ,17.24,17.43000030517578,17.809999465942383,17.18000030517578,17.510000228881836,1329151108.0,848366,Consumer Discretionary
SLVM,Sylvamo Corporation Common Stock,33.37,33.65999984741211,33.65999984741211,32.500999450683594,32.90999984741211,1326799309.0,587960,Basic Materials
FMBH,First Mid Bancshares Inc. Common Stock,49.67,49.869998931884766,50.209999084472656,49.459999084472656,49.5099983215332,1321316969.0,154117,Finance
HBT,HBT Financial Inc. Common Stock,36.31,36.47999954223633,36.58000183105469,36.17499923706055,36.290000915527344,1320435372.0,111356,Finance
UMH,UMH Properties Inc. Common Stock,15.37,15.399999618530273,15.529999732971191,15.34000015258789,15.420000076293945,1312376672.0,579456,Real Estate
BJRI,BJ's Restaurants Inc. Common Stock,61.66,61.45000076293945,61.959999084472656,60.75,61.33000183105469,1311740350.0,513295,Consumer Discretionary
AAT,American Assets Trust Inc. Common Stock,21.35,21.459999084472656,21.700000762939453,21.389999389648438,21.5,1310979948.0,337304,Real Estate
EYE,National Vision Holdings Inc. Common Stock,16.52,16.639999389648438,16.93000030517578,16.44499969482422,16.739999771118164,1306225051.0,1660580,Health Care
OPY,Oppenheimer Holdings Inc. Class A Common Stock (DE),121.68,122.06999969482422,125.4800033569336,120.58000183105469,120.58000183105469,1302950048.0,117274,Finance
NSSC,NAPCO Security Technologies Inc. Common Stock,36.22,36.4900016784668,36.66999816894531,36.25,36.63999938964844,1295532788.0,413110,Telecommunications
ORIC,Oric Pharmaceuticals Inc. Common Stock,12.49,12.600000381469727,12.600000381469727,11.5600004196167,11.979999542236328,1294621673.0,1395783,Health Care
FOR,Forestar Group Inc Common Stock ,25.35,25.56999969482422,26.309999465942383,25.56999969482422,26.309999465942383,1293296844.0,211031,Finance
EMAT,Evolution Metals & Technologies Corp. Common Stock,2.055,2.0,2.140000104904175,1.8799999952316284,1.9199999570846558,1288897328.0,1245886,Miscellaneous
NMAX,Newsmax Inc. Class B Common Stock,9.97,10.010000228881836,10.119999885559082,9.899999618530273,10.010000228881836,1287731631.0,947235,Industrials
OMDA,Omada Health Inc. Common Stock,20.95,21.110000610351562,21.440000534057617,20.15999984741211,20.729999542236328,1282489928.0,747126,Health Care
RDVT,Red Violet Inc. Common Stock ,79.89,80.30000305175781,80.58999633789062,77.9800033569336,78.0199966430664,1281992833.0,148704,Technology
ODC,Oil-Dri Corporation Of America Common Stock,87.89,88.58999633789062,91.05999755859375,87.33000183105469,88.12999725341797,1273379763.0,227046,Consumer Discretionary
YSWY,Yesway Inc. Class A Common Stock,20.06,20.1299991607666,20.459999084472656,19.8799991607666,20.25,1267686605.0,295182,Consumer Staples
OSBC,Old Second Bancorp Inc. Common Stock,24.87,25.219999313354492,25.31999969482422,24.950000762939453,25.049999237060547,1265279057.0,581543,Finance
VSECU,VSE Corporation Tangible Equity Units,44.99,44.9900016784668,44.9900016784668,44.9900016784668,44.9900016784668,1262643090.0,1362,Uncategorized
CBRL,Cracker Barrel Old Country Store Inc Common Stock,56.32,57.04999923706055,57.20000076293945,55.5,56.31999969482422,1258888858.0,756009,Consumer Discretionary
GBX,Greenbrier Companies Inc. (The) Common Stock,40.53,40.72999954223633,40.72999954223633,39.68000030517578,40.09000015258789,1253985474.0,323582,Industrials
USPH,U.S. Physical Therapy Inc. Common Stock,83.96,84.72000122070312,85.8499984741211,82.80000305175781,83.62999725341797,1252909724.0,243933,Health Care
ALX,Alexander's Inc. Common Stock,245.23,247.4499969482422,247.52999877929688,243.8699951171875,245.49000549316406,1252460727.0,34496,Real Estate
BBAI,BigBear.ai Inc. Common Stock,2.61,2.6500000953674316,2.6700000762939453,2.559999942779541,2.5799999237060547,1251480627.0,15658538,Technology
FUN,Six Flags Entertainment Corporation Common Stock New,12.13,12.119999885559082,12.390000343322754,12.010000228881836,12.079999923706055,1241096865.0,3154201,Consumer Discretionary
XPEL,XPEL Inc. Common Stock,44.99,45.150001525878906,45.8849983215332,45.06999969482422,45.150001525878906,1240407953.0,214290,Industrials
REPL,Replimune Group Inc. Common Stock,13.15,13.170000076293945,13.510000228881836,12.869999885559082,13.25,1238988187.0,2276012,Health Care
EPC,Edgewell Personal Care Company Common Stock,26.75,27.170000076293945,27.309999465942383,26.700000762939453,26.8700008392334,1232878476.0,671892,Consumer Discretionary
PRG,PROG Holdings Inc. Common Stock,30.9,31.31999969482422,31.899999618530273,30.940000534057617,31.280000686645508,1230797460.0,517147,Consumer Discretionary
SCSC,ScanSource Inc. Common Stock,61.01,61.099998474121094,61.290000915527344,60.40999984741211,60.939998626708984,1228912960.0,269921,Technology
MNKD,MannKind Corporation Common Stock,3.82,3.859999895095825,3.859999895095825,3.690000057220459,3.7100000381469727,1228299929.0,2876376,Health Care
INNV,InnovAge Holding Corp. Common Stock,9.0,9.010000228881836,9.15999984741211,8.890000343322754,9.0,1228062825.0,878316,Health Care
PD,PagerDuty Inc. Common Stock,15.59,15.710000038146973,15.869999885559082,15.279999732971191,15.4399995803833,1226151520.0,1444993,Technology
HLIT,Harmonic Inc. Common Stock,11.22,11.390000343322754,11.4399995803833,11.149999618530273,11.220000267028809,1223725513.0,1490217,Technology
CCO,Clear Channel Outdoor Holdings Inc. Common Stock,2.4,2.4000000953674316,2.4100000858306885,2.4000000953674316,2.4000000953674316,1221825228.0,4194077,Consumer Discretionary
SENEB,Seneca Foods Corp. Class B Common Stock,180.23,180.22999572753906,180.22999572753906,180.22999572753906,180.22999572753906,1220106095.0,257,Consumer Staples
UVE,UNIVERSAL INSURANCE HOLDINGS INC Common Stock,43.66,43.939998626708984,44.310001373291016,43.11000061035156,43.5099983215332,1215073299.0,115374,Finance
CXM,Sprinklr Inc. Class A Common Stock,5.23,5.300000190734863,5.300000190734863,5.130000114440918,5.159999847412109,1214256108.0,2521306,Technology
GOLD,Gold.com Inc. Common Stock,41.64,41.86000061035156,41.86000061035156,41.32500076293945,41.56999969482422,1211576220.0,447818,Industrials
PCTTU,PureCycle Technologies Inc. Unit,5.99,5.260000228881836,5.260000228881836,4.699999809265137,4.71999979019165,1203419812.0,5,Industrials
GNK,Genco Shipping & Trading Limited Ordinary Shares New (Marshall Islands),27.6,27.420000076293945,27.719999313354492,26.850000381469727,27.280000686645508,1202990298.0,412378,Consumer Discretionary
SENEA,Seneca Foods Corp. Class A Common Stock,177.66,178.8699951171875,178.8699951171875,169.52999877929688,171.4199981689453,1202707922.0,107406,Consumer Staples
MYE,Myers Industries Inc. Common Stock,31.92,32.16999816894531,32.209999084472656,31.649999618530273,31.829999923706055,1200768794.0,243702,Industrials
BULLW,Webull Corporation Warrants,2.2199,2.4000000953674316,2.4000000953674316,2.309999942779541,2.309999942779541,1199822396.0,58,Finance
VTOL,Bristow Group Inc. Common Stock,40.43,40.7599983215332,40.7599983215332,39.4900016784668,40.310001373291016,1198426060.0,253323,Consumer Discretionary
AVLN,Avalyn Pharma Inc. Common Stock,27.03,27.219999313354492,27.219999313354492,25.059999465942383,25.43000030517578,1198323558.0,427282,Health Care
ROCK,Gibraltar Industries Inc. Common Stock,40.32,40.439998626708984,41.52000045776367,40.40999984741211,40.79999923706055,1196854404.0,303183,Industrials
EOSE,Eos Energy Enterprises Inc. Class A Common Stock,3.27,3.2850000858306885,3.375,3.2300000190734863,3.259999990463257,1190828523.0,23875195,Miscellaneous
FLO,Flowers Foods Inc. Common Stock,5.6,5.599999904632568,5.789999961853027,5.539999961853027,5.739999771118164,1187521541.0,7889270,Consumer Staples
DFIN,Donnelley Financial Solutions Inc. Common Stock ,48.28,48.59000015258789,49.724998474121094,47.84000015258789,49.56999969482422,1186982291.0,253500,Consumer Discretionary
CRI,Carter's Inc. Common Stock,32.32,32.349998474121094,33.939998626708984,32.31999969482422,33.83000183105469,1186505499.0,1218491,Consumer Discretionary
LZB,La-Z-Boy Incorporated Common Stock,29.52,29.6299991607666,29.90999984741211,29.420000076293945,29.65999984741211,1182357800.0,932044,Consumer Discretionary
TRAX,First Tracks Biotherapeutics Inc. Ordinary Shares ,32.99,33.02000045776367,33.02000045776367,30.959999084472656,31.389999389648438,1178760511.0,667843,Health Care
AIP,Arteris Inc. Common Stock,23.97,24.3700008392334,24.389999389648438,23.764999389648438,24.1299991607666,1178175885.0,785540,Technology
PUMP,ProPetro Holding Corp. Common Stock,9.59,9.569999694824219,9.829999923706055,9.454999923706055,9.529999732971191,1177881364.0,4073786,Energy
SCCD,Sachem Capital Corp. 6.00% Notes due 2026,24.77,24.770000457763672,24.770000457763672,24.770000457763672,24.770000457763672,1172668474.0,337,Real Estate
OPK,OPKO Health Inc. Common Stock,1.57,1.590000033378601,1.590000033378601,1.4600000381469727,1.4600000381469727,1171735313.0,1645123,Health Care
SCCG,Sachem Capital Corp. 8.00% Notes due 2027,24.67,24.687999725341797,24.700000762939453,24.610000610351562,24.610000610351562,1167934245.0,943,Real Estate
MBINM,Merchants Bancorp Depositary Shares Each Representing a 1/40th Interest in a Share of 8.25% Fixed-Rate Reset Series D Non-Cumulative Perpetual Preferred Stock,25.42,25.34000015258789,25.474000930786133,25.34000015258789,25.34000015258789,1167745867.0,13568,Finance
LNN,Lindsay Corporation Common Stock,114.39,115.0199966430664,116.16000366210938,114.12999725341797,114.7300033569336,1163218755.0,114728,Industrials
WEN,Wendy's Company (The) Common Stock,6.1,6.130000114440918,6.340000152587891,6.090000152587891,6.159999847412109,1163086573.0,6057108,Consumer Discretionary
SCCF,Sachem Capital Corp. 7.125% Notes due 2027,24.5294,24.648000717163086,24.648000717163086,24.56999969482422,24.56999969482422,1161277919.0,1975,Real Estate
TNC,Tennant Company Common Stock,68.07,68.66999816894531,68.95999908447266,67.83000183105469,68.16999816894531,1160546055.0,189539,Industrials
SCCE,Sachem Capital Corp. 6.00% Notes due 2027,24.46,24.65999984741211,24.65999984741211,24.549999237060547,24.549999237060547,1157992364.0,3078,Real Estate
GIII,G-III Apparel Group LTD. Common Stock,26.99,27.209999084472656,27.5,26.760000228881836,26.780000686645508,1157236951.0,584680,Consumer Discretionary
NHP,National Healthcare Properties Inc. Class A Common Stock,15.87,15.949999809265137,15.949999809265137,15.510000228881836,15.65999984741211,1157000382.0,931805,Real Estate
HZO,MarineMax Inc.  (FL) Common Stock,52.35,52.400001525878906,52.439998626708984,52.369998931884766,52.38999938964844,1156241153.0,1023728,Consumer Discretionary
TPB,Turning Point Brands Inc. Common Stock,57.61,58.04999923706055,59.290000915527344,57.599998474121094,58.27000045776367,1155018396.0,765868,Consumer Discretionary
TNDM,Tandem Diabetes Care Inc. Common Stock,16.52,16.770000457763672,17.049999237060547,15.9399995803833,16.15999984741211,1149440240.0,1790340,Health Care
UVSP,Univest Financial Corporation Common Stock,41.65,41.86000061035156,42.099998474121094,41.33000183105469,41.369998931884766,1148738987.0,173843,Finance
WAFDP,WaFd Inc. Depositary Shares,15.5,15.399999618530273,15.5,15.34000015258789,15.390000343322754,1146926189.0,38522,Finance
HROW,Harrow Inc. Common Stock,30.58,30.860000610351562,30.899999618530273,29.850000381469727,30.350000381469727,1146378453.0,587388,Health Care
AMTB,Amerant Bancorp Inc. Class A Common Stock,29.25,29.440000534057617,29.579999923706055,29.030000686645508,29.059999465942383,1146303347.0,225630,Finance
GDRX,GoodRx Holdings Inc. Class A Common Stock,3.36,3.359999895095825,3.369999885559082,3.259999990463257,3.2699999809265137,1146248504.0,882217,Technology
BCAX,Bicara Therapeutics Inc. Common Stock,17.29,17.43000030517578,17.520000457763672,16.309999465942383,16.559999465942383,1144130029.0,640763,Health Care
YSS,York Space Systems Inc. Common Stock,8.31,8.369999885559082,8.520000457763672,7.960000038146973,8.029999732971191,1141441698.0,2505594,Industrials
HFWA,Heritage Financial Corporation Common Stock,27.88,27.989999771118164,28.059999465942383,27.649999618530273,27.690000534057617,1140725757.0,369021,Finance
AMRC,Ameresco Inc. Class A Common Stock,21.49,21.8700008392334,22.75,21.709999084472656,22.68000030517578,1140392874.0,645655,Consumer Discretionary
BRUN,Boost Run Inc. Class A Common Stock,14.33,15.604999542236328,16.246000289916992,14.789999961853027,15.170000076293945,1139055030.0,3632932,Technology
BVS,Bioventus Inc. Class A Common Stock,13.52,13.5,13.619000434875488,13.069999694824219,13.100000381469727,1136922218.0,357124,Health Care
ECVT,Ecovyst Inc. Common Stock,10.37,10.460000038146973,10.5,10.305000305175781,10.369999885559082,1135187287.0,1030638,Industrials
WD,Walker & Dunlop Inc Common Stock,33.06,33.380001068115234,35.380001068115234,33.27000045776367,35.099998474121094,1134809130.0,691667,Finance
REAL,The RealReal Inc. Common Stock,9.32,9.420000076293945,9.468999862670898,9.239999771118164,9.40999984741211,1133974792.0,2406121,Consumer Discretionary
STAA,STAAR Surgical Company Common Stock,22.57,22.56999969482422,22.670000076293945,21.889999389648438,22.149999618530273,1131749719.0,471918,Health Care
GO,Grocery Outlet Holding Corp. Common Stock,11.42,11.4399995803833,11.524999618530273,11.229999542236328,11.40999984741211,1131544899.0,2851529,Consumer Staples
JCAP,Jefferson Capital Inc. Common Stock,19.67,19.809999465942383,19.920000076293945,19.579999923706055,19.860000610351562,1129560293.0,241965,Finance
CNL,Collective Mining Ltd. Common Shares,12.11,12.210000038146973,12.375,11.899999618530273,12.220000267028809,1123114182.0,202783,Uncategorized
PDM,Piedmont Realty Trust Inc. Class A Common Stock,8.96,8.989999771118164,9.170000076293945,8.979999542236328,9.029999732971191,1121190112.0,1085047,Real Estate
WLDN,Willdan Group Inc. Common Stock,73.58,73.9800033569336,75.63999938964844,73.30000305175781,73.91000366210938,1120777256.0,172086,Consumer Discretionary
CSTL,Castle Biosciences Inc. Common Stock,36.65,36.650001525878906,37.9900016784668,33.099998474121094,33.36000061035156,1119639432.0,377371,Health Care
BST,BlackRock Science and Technology Trust Common Shares of Beneficial Interest,50.52,50.75,51.189998626708984,50.279998779296875,51.040000915527344,1119413572.0,131773,Finance
SPH,Suburban Propane Partners L.P. Common Stock,16.77,16.780000686645508,17.15999984741211,16.75,17.079999923706055,1118766730.0,225735,Consumer Discretionary
LBRX,LB Pharmaceuticals Inc Common Stock,34.62,35.25,35.59000015258789,33.72700119018555,34.2599983215332,1116812639.0,494513,Health Care
AVO,Mission Produce Inc. Common Stock,12.7,12.779999732971191,12.970000267028809,12.670000076293945,12.75,1113515731.0,879969,Consumer Staples
BOW,Bowhead Specialty Holdings Inc. Common Stock,33.8,33.79999923706055,33.86000061035156,33.779998779296875,33.779998779296875,1113473569.0,238242,Finance
IRMD,iRadimed Corporation Common Stock,86.47,87.08000183105469,87.08000183105469,84.33999633789062,84.81999969482422,1105691112.0,76987,Health Care
LTGO,Latigo Biotherapeutics Inc. Common Stock,16.63,16.770000457763672,16.889999389648438,16.059999465942383,16.260000228881836,1102558141.0,590013,Health Care
AORT,Artivion Inc. Common Stock,22.61,22.829999923706055,23.309999465942383,21.649999618530273,21.84000015258789,1102378157.0,734250,Health Care
LFMDP,LifeMD Inc. 8.875% Series A Cumulative Perpetual Preferred Stock,22.86,22.690000534057617,23.350000381469727,20.969999313354492,23.350000381469727,1101871134.0,2369,Health Care
VOR,Vor Biopharma Inc. Common Stock,18.58,18.850000381469727,18.8700008392334,17.969999313354492,18.309999465942383,1099235423.0,648619,Health Care
MCB,Metropolitan Bank Holding Corp. Common Stock,88.54,89.02999877929688,89.83999633789062,88.19999694824219,88.7300033569336,1097699264.0,202732,Finance
GTM,ZoomInfo Technologies Inc Common Stock,3.75,3.7200000286102295,3.7899999618530273,3.5799999237060547,3.6500000953674316,1091662673.0,6892290,Technology
TDAY,USA TODAY Co. Inc. Common Stock,7.43,7.420000076293945,7.449999809265137,7.269999980926514,7.349999904632568,1090857302.0,2824009,Consumer Discretionary
UMAC,Unusual Machines Inc. Common Stock,21.83,22.18000030517578,22.93000030517578,22.0,22.360000610351562,1090550504.0,2176144,Technology
KRT,Karat Packaging Inc. Common Stock,54.68,54.33000183105469,54.95000076293945,53.650001525878906,53.689998626708984,1089866504.0,172561,Industrials
DEA,Easterly Government Properties Inc. Common Stock,22.95,23.059999465942383,23.299999237060547,22.95400047302246,23.270000457763672,1086031110.0,544063,Real Estate
MMI,Marcus & Millichap Inc. Common Stock,28.62,28.610000610351562,29.0,28.489999771118164,28.600000381469727,1083868106.0,205947,Finance
NPK,National Presto Industries Inc. Common Stock,151.85,152.72999572753906,152.72999572753906,148.8800048828125,148.9600067138672,1083611774.0,115458,Industrials
SG,Sweetgreen Inc. Class A Common Stock,9.09,9.079999923706055,9.34000015258789,9.039999961853027,9.140000343322754,1082085553.0,4531452,Consumer Discretionary
LADR,Ladder Capital Corp Class A Common Stock,8.52,8.59000015258789,8.739999771118164,8.5600004196167,8.680000305175781,1080892382.0,1490376,Real Estate
LGIH,LGI Homes Inc. Common Stock,46.45,46.45000076293945,47.040000915527344,45.810001373291016,46.09000015258789,1079882234.0,378542,Consumer Discretionary
AMPH,Amphastar Pharmaceuticals Inc. Common Stock,25.37,25.540000915527344,26.1299991607666,25.030000686645508,25.90999984741211,1079187639.0,454569,Health Care
TRUP,Trupanion Inc. Common Stock,24.57,24.56999969482422,24.899999618530273,24.110000610351562,24.68000030517578,1077950052.0,574665,Health Care
ENOV,Enovis Corporation Common Stock,18.69,19.010000228881836,19.010000228881836,18.059999465942383,18.200000762939453,1077842843.0,1364664,Health Care
CRAI,CRA International Inc. Common Stock,171.29,172.5,172.5,170.6199951171875,171.42999267578125,1075163349.0,90490,Consumer Discretionary
CFFN,Capitol Federal Financial Inc. Common Stock,8.55,8.579999923706055,8.630000114440918,8.489999771118164,8.520000457763672,1074720320.0,989874,Finance
FTK,Flotek Industries Inc. Common Stock,29.67,29.780000686645508,30.280000686645508,28.959999084472656,29.969999313354492,1074660128.0,511311,Industrials
CDRE,Cadre Holdings Inc. Common Stock,25.0,25.270000457763672,25.93000030517578,25.06999969482422,25.5,1070518350.0,443989,Health Care
MRTN,Marten Transport Ltd. Common Stock,13.05,13.109999656677246,13.180000305175781,12.84000015258789,12.869999885559082,1065684780.0,720001,Industrials
FSBC,Five Star Bancorp Common Stock,43.43,43.630001068115234,43.970001220703125,43.29999923706055,43.31999969482422,1065625146.0,136810,Finance
GHM,Graham Corporation Common Stock,90.48,92.0199966430664,92.05000305175781,88.01000213623047,88.27999877929688,1061966746.0,124281,Industrials
GPRE,Green Plains Inc. Common Stock,15.15,15.149999618530273,15.489999771118164,15.079999923706055,15.15999984741211,1061944219.0,918353,Industrials
MBINL,Merchants Bancorp Depositary Shares Each Representing a 1/40thInterest in a Share of 7.25% Fixed Rate Series E Non-CumulativePerpetual Preferred Stock without par value,23.05,22.891000747680664,23.729999542236328,22.891000747680664,23.25,1058872629.0,21966,Finance
HTFC,Horizon Technology Finance Corporation 6.25% Notes due 2027,24.86,24.920000076293945,24.959999084472656,24.799999237060547,24.81100082397461,1057686574.0,4092,Finance
UTI,Universal Technical Institute Inc Common Stock,19.17,19.280000686645508,19.709999084472656,19.040000915527344,19.670000076293945,1056175578.0,1589785,Real Estate
EOSEW,Eos Energy Enterprises Inc. Warrant,2.9,2.7100000381469727,2.950000047683716,2.7100000381469727,2.75,1056086458.0,17355,Miscellaneous
WINA,Winmark Corporation Common Stock,293.86,294.6600036621094,297.30999755859375,291.79998779296875,295.8500061035156,1055594782.0,92292,Consumer Discretionary
NCZ,Virtus Convertible & Income Fund II Common Shares of Beneficial Interest,13.86,13.859999656677246,14.180000305175781,13.850000381469727,14.039999961853027,1054964281.0,47739,Finance
TDOC,Teladoc Health Inc. Common Stock,5.79,5.820000171661377,5.849999904632568,5.684999942779541,5.769999980926514,1051950482.0,4471363,Health Care
UVV,Universal Corporation Common Stock,42.13,42.400001525878906,42.83000183105469,42.25,42.70000076293945,1049005697.0,355834,Industrials
MGTX,MeiraGTx Holdings plc Ordinary Shares,10.92,10.930000305175781,10.949999809265137,10.524999618530273,10.600000381469727,1048789516.0,941711,Health Care
AEF,abrdn Emerging Markets ex-China Fund Inc. Common Stock,9.74,9.75,9.75,9.619999885559082,9.649999618530273,1045710750.0,71576,Finance
DEC,Diversified Energy Company Common Stock,13.61,13.609999656677246,14.050000190734863,13.609999656677246,14.029999732971191,1044653121.0,504530,Uncategorized
UPWK,Upwork Inc. Common Stock,8.36,8.390000343322754,8.479999542236328,8.3100004196167,8.359999656677246,1044192131.0,3182964,Technology
OCSL,Oaktree Specialty Lending Corporation Common Stock,11.83,11.90999984741211,11.90999984741211,11.699999809265137,11.699999809265137,1042051737.0,400425,Finance
SBR,Sabine Royalty Trust Common Stock,71.38,71.47000122070312,72.4800033569336,71.0,72.3499984741211,1040673646.0,17242,Energy
ETW,Eaton Vance Corporation Eaton Vance Tax-Managed Global Buy-Write Opportunites Fund Common Shares of Beneficial Interest,9.49,9.489999771118164,9.5600004196167,9.4399995803833,9.529999732971191,1040082989.0,408914,Finance
VPG,Vishay Precision Group Inc. Common Stock,78.06,78.62000274658203,79.0,77.44000244140625,77.91000366210938,1039792766.0,298567,Technology
DLX,Deluxe Corporation Common Stock,22.67,22.770000457763672,22.940000534057617,22.520000457763672,22.540000915527344,1039562094.0,577038,Consumer Discretionary
PSIX,Power Solutions International Inc. Common Stock,44.87,45.79999923706055,48.84000015258789,45.38999938964844,47.93000030517578,1034946742.0,268176,Industrials
LMRI,Lumexa Imaging Holdings Inc. Common Stock,10.77,10.930000305175781,11.079999923706055,10.550000190734863,10.710000038146973,1034727492.0,616174,Health Care
IART,Integra LifeSciences Holdings Corporation Common Stock,13.29,13.460000038146973,13.510000228881836,12.880000114440918,13.319999694824219,1033596605.0,1859064,Health Care
CGEM,Cullinan Therapeutics Inc. Common Stock,16.04,17.239999771118164,17.700000762939453,16.059999465942383,16.25,1032249292.0,1082993,Health Care
CEVA,CEVA Inc. Common Stock,36.66,36.720001220703125,36.779998779296875,35.869998931884766,36.16999816894531,1032128280.0,547372,Technology
PSEC,Prospect Capital Corporation Common Stock,1.93,1.9299999475479126,1.9299999475479126,1.7999999523162842,1.8300000429153442,1030266519.0,8370931,Finance
TRIP,TripAdvisor Inc. Common Stock,8.79,8.859999656677246,8.859999656677246,8.40999984741211,8.520000457763672,1030182216.0,3609041,Technology
AKTS,Aktis Oncology Inc. Common stock,18.52,18.639999389648438,18.75,17.809999465942383,17.860000610351562,1030073121.0,282993,Health Care
ASA,ASA  Gold and Precious Metals Limited,56.3,56.13999938964844,57.56999969482422,55.540000915527344,57.060001373291016,1024783691.0,26160,Industrials
HPK,HighPeak Energy Inc. Common Stock,8.09,8.149999618530273,8.420000076293945,7.829999923706055,8.220000267028809,1023003184.0,333872,Energy
NBN,Northeast Bank Common Stock,125.83,126.54000091552734,127.33999633789062,125.23999786376953,125.31999969482422,1022997900.0,76363,Finance
MBWM,Mercantile Bank Corporation Common Stock,59.09,59.36000061035156,59.599998474121094,58.790000915527344,58.83000183105469,1021511580.0,91065,Finance
PRCT,PROCEPT BioRobotics Corporation Common Stock,17.82,17.81999969482422,18.0,17.219999313354492,17.510000228881836,1020616603.0,971004,Health Care
GSBD,Goldman Sachs BDC Inc. Common Stock,9.05,9.0649995803833,9.145000457763672,9.020000457763672,9.029999732971191,1018750056.0,605801,Finance
NWPX,NWPX Infrastructure Inc. Common Stock,105.6,106.52999877929688,106.9000015258789,104.36000061035156,105.4800033569336,1017688531.0,111838,Industrials
JANX,Janux Therapeutics Inc. Common Stock,16.54,16.690000534057617,17.3700008392334,16.309999465942383,16.790000915527344,1011202225.0,533766,Health Care
HRTG,Heritage Insurance Holdings Inc. Common Stock,33.99,34.15999984741211,34.65999984741211,33.88999938964844,34.16999816894531,1010604820.0,245525,Finance
BCX,BlackRock Resources Common Shares of Beneficial Interest,11.9,11.949999809265137,12.039999961853027,11.8100004196167,12.0,1009810319.0,141748,Finance
MCBS,MetroCity Bankshares Inc. Common Stock,35.07,35.220001220703125,35.45000076293945,34.86000061035156,34.86000061035156,1009357701.0,104830,Finance
ORC,Orchid Island Capital Inc. Common Stock,5.05,5.070000171661377,5.130000114440918,4.96999979019165,5.070000171661377,1007997362.0,7878833,Real Estate
CCNE,CNB Financial Corporation Common Stock,34.01,34.209999084472656,34.349998474121094,33.779998779296875,33.83000183105469,1007406299.0,93285,Finance
FSCO,FS Credit Opportunities Corp. Common Stock,5.07,5.070000171661377,5.071000099182129,5.010000228881836,5.039999961853027,1005664413.0,906407,Finance
LZ,LegalZoom.com Inc. Common Stock,5.87,5.880000114440918,5.90500020980835,5.75,5.769999980926514,1005324446.0,4033621,Technology
BFST,Business First Bancshares Inc. Common Stock,30.87,30.979999542236328,31.1200008392334,30.729999542236328,30.739999771118164,1004814888.0,256750,Finance
BTZ,BlackRock Credit Allocation Income Trust,9.29,9.34000015258789,9.430000305175781,9.289999961853027,9.430000305175781,1004574150.0,398546,Finance
YELP,Yelp Inc. Common Stock,18.5,18.520000457763672,18.790000915527344,17.979999542236328,18.139999389648438,1003876989.0,1416434,Consumer Discretionary
DCBG,Dime Commercial Bancshares Inc. 9.000% Junior Subordinated Notes,25.64,25.639999389648438,25.829999923706055,25.549999237060547,25.65999984741211,1003771053.0,6041,Finance
NPKI,NPK International Inc. Common Stock,11.81,11.920000076293945,12.130000114440918,11.800000190734863,12.010000228881836,1002785848.0,780678,Industrials
FET,Forum Energy Technologies Inc. Common Stock,87.37,87.0,88.8499984741211,83.0,84.43000030517578,1002369712.0,258760,Consumer Discretionary
DSL,DoubleLine Income Solutions Fund Common Shares of Beneficial Interests,9.82,9.880000114440918,9.899999618530273,9.8100004196167,9.899999618530273,1001608851.0,700454,Finance
ODTX,Odyssey Therapeutics Inc. Common Stock,20.84,20.84000015258789,20.84000015258789,18.059999465942383,18.1299991607666,1001539703.0,171792,Health Care
MSEX,Middlesex Water Company Common Stock,53.07,53.58000183105469,53.93000030517578,52.63999938964844,52.900001525878906,1000048214.0,271302,Utilities
PCRX,Pacira BioSciences Inc. Common Stock,25.05,25.1299991607666,25.25,24.559999465942383,24.760000228881836,998540244.0,560273,Health Care
BBNX,Beta Bionics Inc. Common Stock,18.95,18.90999984741211,19.239999771118164,18.30500030517578,18.6299991607666,997563304.0,624680,Health Care
AEVA,Aeva Technologies Inc. Common Stock,14.3,14.579999923706055,14.890000343322754,14.402000427246094,14.569999694824219,996792339.0,1007932,Consumer Discretionary
RXT,Rackspace Technology Inc. Common Stock,3.9,3.950000047683716,4.190000057220459,3.950000047683716,4.019999980926514,994004115.0,4499966,Technology
SPTX,Seaport Therapeutics Inc. Common Stock,18.5,18.5,19.049999237060547,17.18000030517578,17.3700008392334,990315175.0,172585,Health Care
FBYD,Falcon's Beyond Global Inc. Class A Common Stock,8.15,8.149999618530273,9.090999603271484,8.149999618530273,8.770000457763672,988262871.0,77080,Consumer Discretionary
HBNC,Horizon Bancorp Inc. Common Stock,19.24,19.350000381469727,19.520000457763672,19.290000915527344,19.309999465942383,987868546.0,739169,Finance
SVRA,Savara Inc. Common Stock,4.78,4.820000171661377,4.840000152587891,4.599999904632568,4.650000095367432,982098872.0,2862750,Health Care
NBBK,NB Bancorp Inc. Common Stock,22.41,22.540000915527344,22.6299991607666,22.31999969482422,22.459999084472656,981972361.0,217790,Finance
KODK,Eastman Kodak Company Common New,10.03,10.069999694824219,10.170000076293945,9.850000381469727,9.869999885559082,981937000.0,902168,Consumer Discretionary
EQBK,Equity Bancshares Inc. Class A Common Stock,47.54,47.83000183105469,47.849998474121094,47.45000076293945,47.5,978966975.0,126155,Finance
GOODN,Gladstone Commercial Corporation 6.625% Series E Cumulative Redeemable Preferred Stock,20.06,20.06999969482422,20.850000381469727,20.06999969482422,20.375,971054470.0,4957,Real Estate
RCAT,Red Cat Holdings Inc. Common Stock,6.345,6.385000228881836,6.480000019073486,6.300000190734863,6.340000152587891,968972627.0,5214116,Technology
MLTX,MoonLake Immunotherapeutics Class A Ordinary Shares,11.38,11.5,11.5,10.90999984741211,10.949999809265137,968514075.0,1867402,Health Care
HSTM,HealthStream Inc. Common Stock,31.54,31.579999923706055,31.760000228881836,31.110000610351562,31.309999465942383,964994276.0,201335,Technology
DNA,Ginkgo Bioworks Holdings Inc. Class A Common Stock,14.98,15.079999923706055,18.219999313354492,12.109999656677246,12.40999984741211,963817349.0,7690911,Health Care
FEIM,Frequency Electronics Inc. Common Stock,85.46,86.5999984741211,88.5,85.69000244140625,87.12999725341797,963415107.0,618947,Industrials
CAC,Camden National Corporation Common Stock,56.98,57.13999938964844,57.40999984741211,56.52000045776367,56.7599983215332,962793852.0,70742,Finance
XIFR,XPLR Infrastructure LP Common Units representing limited partner interests,10.19,10.34000015258789,10.5,10.289999961853027,10.380000114440918,960639781.0,1665286,Utilities
IBTA,Ibotta Inc. Class A Common Stock,41.35,41.439998626708984,42.130001068115234,40.91999816894531,40.959999084472656,958063539.0,144373,Consumer Discretionary
ASTE,Astec Industries Inc. Common Stock,41.6,41.970001220703125,42.099998474121094,41.18000030517578,41.2599983215332,957855267.0,174474,Industrials
NXDR,Nextdoor Holdings Inc. Class A Common Stock,2.47,2.5,2.5,2.4149999618530273,2.4200000762939453,955515553.0,1527434,Technology
CBLL,CeriBell Inc. Common Stock,24.86,24.950000762939453,25.10300064086914,24.219999313354492,24.34000015258789,954079591.0,239528,Health Care
CMP,Compass Minerals Intl Inc Common Stock,22.66,22.780000686645508,23.030000686645508,22.489999771118164,22.700000762939453,951286605.0,300797,Industrials
REPX,Riley Exploration Permian Inc. Common Stock,42.93,42.619998931884766,43.06999969482422,41.88999938964844,42.869998931884766,951061990.0,221449,Energy
KURA,Kura Oncology Inc. Common Stock,10.62,10.75,10.885000228881836,10.34000015258789,10.529999732971191,944761774.0,1295017,Health Care
BV,BrightView Holdings Inc. Common Stock,10.2,10.319999694824219,10.569999694824219,10.274999618530273,10.489999771118164,944520000.0,1279392,Consumer Staples
VYX,NCR Voyix Corporation Common Stock,6.84,6.860000133514404,6.880000114440918,6.690000057220459,6.730000019073486,944398102.0,2488784,Miscellaneous
ANRO,Alto Neuroscience Inc. Common Stock,24.01,24.059999465942383,24.700000762939453,23.5,23.690000534057617,942202917.0,550316,Health Care
GLIBA,Liberty Capital Corporation Series A GCI Group Common Stock,23.61,23.719999313354492,23.860000610351562,23.34000015258789,23.649999618530273,942156908.0,26020,Telecommunications
PTA,Cohen & Steers Tax-Advantaged Preferred Securities and Income Fund Common Shares of Beneficial Interest,17.04,17.139999389648438,17.18000030517578,16.950000762939453,17.18000030517578,941859707.0,314424,Finance
FUBO,FuboTV Inc. Class A Common Stock,8.62,8.65999984741211,9.015000343322754,8.649999618530273,8.829999923706055,941276373.0,1072392,Consumer Discretionary
GLIBK,Liberty Capital Corporation Series C GCI Group Common Stock,23.55,23.700000762939453,23.989999771118164,23.110000610351562,23.729999542236328,939762609.0,233591,Telecommunications
TRST,TrustCo Bank Corp NY Common Stock,55.18,55.34000015258789,55.88999938964844,54.959999084472656,55.130001068115234,939590693.0,131228,Finance
PLOW,Douglas Dynamics Inc. Common Stock,40.69,41.0,41.220001220703125,40.5099983215332,40.68000030517578,939005002.0,125293,Industrials
CPF,Central Pacific Financial Corp New,36.34,36.5099983215332,36.720001220703125,36.13999938964844,36.279998779296875,935661679.0,164133,Finance
HAFC,Hanmi Financial Corporation Common Stock,31.5,31.649999618530273,31.809999465942383,31.510000228881836,31.68000030517578,933951533.0,231574,Finance
KFRC,Kforce Inc. Common Stock,51.8,52.029998779296875,52.029998779296875,50.310001373291016,50.68000030517578,927686200.0,141432,Consumer Discretionary
GAINZ,Gladstone Investment Corporation 4.875% Notes due 2028,24.27,24.200000762939453,24.200000762939453,24.200000762939453,24.200000762939453,927580712.0,599,Finance
HQH,abrdn Healthcare Investors Shares of Beneficial Interest,19.58,19.600000381469727,19.719999313354492,19.030000686645508,19.329999923706055,926990155.0,511128,Finance
CSR,D/B/A Centerspace Common Stock,55.18,55.40999984741211,56.099998474121094,55.29999923706055,55.45000076293945,926701252.0,272732,Real Estate
UTL,UNITIL Corporation Common Stock,50.65,50.97999954223633,51.209999084472656,50.150001525878906,51.18000030517578,923687538.0,154974,Utilities
MPB,Mid Penn Bancorp Common Stock,36.42,36.599998474121094,36.65999984741211,36.279998779296875,36.36000061035156,922708530.0,79740,Finance
CYRX,CryoPort Inc. Common Stock,18.14,18.360000610351562,18.360000610351562,17.450000762939453,17.799999237060547,918774674.0,1054736,Health Care
UPBD,Upbound Group Inc. Common Stock,15.72,15.420000076293945,15.6899995803833,15.270000457763672,15.359999656677246,916466647.0,1648407,Consumer Discretionary
SBGI,Sinclair Inc. Class A Common Stock,12.64,12.680000305175781,13.029999732971191,12.59000015258789,12.960000038146973,914100278.0,525577,Industrials
KRO,Kronos Worldwide Inc Common Stock,7.94,8.029999732971191,8.0600004196167,7.849999904632568,7.860000133514404,913874277.0,299921,Basic Materials
RWAYL,Runway Growth Finance Corp. 7.50% Notes due 2027,25.1499,25.198999404907227,25.198999404907227,25.139999389648438,25.165000915527344,910844673.0,6502,Finance
SBSI,Southside Bancshares Inc. Common Stock,30.43,30.559999465942383,30.75,30.1299991607666,30.190000534057617,907056831.0,162133,Finance
WLFC,Willis Lease Finance Corporation Common Stock,42.84,43.20000076293945,44.90999984741211,42.290000915527344,42.849998474121094,905813715.0,479072,Consumer Discretionary
APMD,Apnimed Inc. Common Stock,21.75,21.950000762939453,21.950000762939453,18.34000015258789,18.649999618530273,905469443.0,340331,Health Care
FCBC,First Community Bankshares Inc. (VA) Common Stock,47.88,48.04999923706055,48.189998626708984,47.7400016784668,47.790000915527344,905426553.0,96253,Finance
FMNB,Farmers National Banc Corp. Common Stock,15.28,15.34000015258789,15.430000305175781,15.210000038146973,15.239999771118164,905302900.0,253136,Finance
KOPN,Kopin Corporation Common Stock,4.87,4.940000057220459,5.039999961853027,4.860000133514404,4.880000114440918,905199630.0,2709277,Technology
OIG,Orion180 Insurance Group Inc. Class A common stock,9.14,9.119999885559082,9.380000114440918,8.609999656677246,8.630000114440918,905156611.0,384358,Finance
RHLD,Resolute Holdings Management Common Stock ,115.63,116.5,117.80999755859375,114.26000213623047,115.63999938964844,904179770.0,131690,Finance
CRVS,Corvus Pharmaceuticals Inc. Common Stock,10.74,10.75,10.960000038146973,10.199999809265137,10.5600004196167,903458939.0,825484,Health Care
HTLD,Heartland Express Inc. Common Stock,11.67,11.680000305175781,11.800000190734863,11.3100004196167,11.329999923706055,902471570.0,456747,Industrials
BANFP,BancFirst Corporation - BFC Capital Trust II Cumulative Trust Preferred Securities,26.83,28.600000381469727,28.600000381469727,26.600000381469727,26.600000381469727,901454328.0,1115,Finance
SIGIP,Selective Insurance Group Inc. Depositary Shares each representing a 1/1000th interest in a share of 4.60% Non-Cumulative Preferred Stock Series B,15.11,14.960000038146973,15.130000114440918,14.960000038146973,15.010000228881836,900089388.0,10110,Finance
BRBR,BellRing Brands Inc. Common Stock ,7.73,7.78000020980835,7.869999885559082,7.465000152587891,7.690000057220459,898830440.0,5739917,Consumer Staples
DJCO,Daily Journal Corp. (S.C.) Common Stock,651.44,651.4400024414062,662.489990234375,627.8499755859375,629.6900024414062,897653051.0,21289,Consumer Discretionary
FRBT,Forbright Inc. Class A Common Stock,17.68,17.670000076293945,18.149999618530273,17.6200008392334,18.06999969482422,897514238.0,73555,Finance
RUMBW,RUM Group Inc. Warrant,1.81,2.259999990463257,1.809999942779541,1.5500999689102173,1.7899999618530273,897416451.0,9454,Technology
BBDC,Barings BDC Inc. Common Stock,8.55,8.619999885559082,8.630000114440918,8.510000228881836,8.510000228881836,895243858.0,538822,Finance
JBIO,Jade Biosciences Inc. Common Stock,14.07,14.199999809265137,14.335000038146973,13.149999618530273,13.40999984741211,894815235.0,607078,Health Care
DFH,Dream Finders Homes Inc. Class A Common Stock,9.88,10.0,10.119999885559082,9.710000038146973,9.739999771118164,894486966.0,1533984,Consumer Discretionary
TTI,Tetra Technologies Inc. Common Stock,6.03,6.309999942779541,6.309999942779541,6.03000020980835,6.139999866485596,892878857.0,1576519,Energy
RIGL,Rigel Pharmaceuticals Inc. Common Stock,47.79,48.18000030517578,48.18000030517578,45.93000030517578,46.11000061035156,892710701.0,391671,Health Care
PACB,Pacific Biosciences of California Inc. Common Stock,2.87,3.0199999809265137,3.440000057220459,2.430000066757202,2.700000047683716,892084278.0,26246873,Industrials
VRTS,Virtus Investment Partners Inc. Common Stock,134.47,136.25,136.25,130.3000030517578,132.02000427246094,890553124.0,140739,Finance
BZH,Beazer Homes USA Inc. Common Stock,33.37,33.400001525878906,33.43000030517578,33.380001068115234,33.40999984741211,890299020.0,1175737,Consumer Discretionary
RNP,Cohen & Steers REIT and Preferred and Income Fund Inc. Common Shares,18.11,18.139999389648438,18.3799991607666,18.1299991607666,18.350000381469727,889900553.0,229556,Finance
KOP,Koppers Holdings Inc. Common Stock,47.04,47.349998474121094,47.45000076293945,45.970001220703125,46.029998779296875,889600159.0,282124,Basic Materials
THFF,First Financial Corporation Common Stock,74.71,75.06999969482422,75.4800033569336,74.20999908447266,74.38999938964844,888443550.0,89438,Finance
SIBN,SI-BONE Inc. Common Stock,19.81,19.920000076293945,20.0,19.209999084472656,19.549999237060547,887855971.0,632050,Health Care
GOODO,Gladstone Commercial Corporation 6.00% Series G Cumulative Redeemable Preferred Stock par value $0.001 per share,18.335,18.280000686645508,18.329999923706055,18.229999542236328,18.329999923706055,887551531.0,7855,Real Estate
AIZN,Assurant Inc. 5.25% Subordinated Notes due 2061,17.58,17.670000076293945,17.8700008392334,17.559999465942383,17.780000686645508,887072929.0,12253,Finance
ALMS,Alumis Inc. Common Stock,6.84,6.889999866485596,6.949999809265137,6.639999866485596,6.929999828338623,885337035.0,3871962,Health Care
PXED,Phoenix Education Partners Inc. Common Stock,24.51,24.68000030517578,25.360000610351562,24.540000915527344,25.239999771118164,883521186.0,91168,Real Estate
ACEL,Accel Entertainment Inc. ,10.88,10.880000114440918,11.100000381469727,10.869999885559082,10.9399995803833,883385008.0,517391,Consumer Discretionary
SMPL,The Simply Good Foods Company Common Stock,9.94,10.020000457763672,10.100000381469727,9.890000343322754,9.960000038146973,879297817.0,2484847,Consumer Staples
BHFAL,Brighthouse Financial Inc. 6.25% Junior Subordinated Debentures due 2058,15.2501,15.25,15.25,15.0600004196167,15.0600004196167,877057087.0,17542,Finance
EIG,Employers Holdings Inc Common Stock,48.79,49.09000015258789,49.59000015258789,48.599998474121094,48.900001525878906,876293088.0,128270,Finance
GLUE,Monte Rosa Therapeutics Inc. Common Stock,10.27,10.380000114440918,10.380000114440918,9.779999732971191,9.869999885559082,876168628.0,1749282,Health Care
BKSY,BlackSky Technology Inc. Class A Common Stock,21.37,21.739999771118164,22.829999923706055,21.66699981689453,22.65999984741211,874563959.0,934626,Technology
MTUS,Metallus Inc. Common Shares,21.04,21.1299991607666,21.1299991607666,20.649999618530273,20.920000076293945,872092935.0,601003,Industrials
RPC,Ridgepost Capital Inc. Class A Common Stock,7.89,7.960000038146973,8.204999923706055,7.920000076293945,7.96999979019165,869781292.0,707365,Finance
BTGO,BitGo Holdings Inc. Class A Common Stock,7.38,7.409999847412109,7.539000034332275,7.099999904632568,7.190000057220459,867486690.0,580736,Finance
ITG,ITG Inc. Class A Common Stock,6.98,7.110000133514404,8.65999984741211,7.110000133514404,8.229999542236328,866617389.0,370385,Industrials
NX,Quanex Building Products Corporation Common Stock,18.91,19.079999923706055,19.239999771118164,18.719999313354492,18.850000381469727,866573593.0,512427,Industrials
GSBC,Great Southern Bancorp Inc. Common Stock,79.47,79.37999725341797,79.80000305175781,79.12000274658203,79.19999694824219,866024881.0,87729,Finance
LANDP,Gladstone Land Corporation 6.00% Series C Cumulative Redeemable Preferred Stock,20.07,20.139999389648438,20.139999389648438,19.940000534057617,20.010000228881836,865751020.0,25488,Real Estate
ACDC,ProFrac Holding Corp. Class A Common Stock,4.75,4.760000228881836,5.070000171661377,4.639999866485596,4.875,865083120.0,1159959,Energy
SMBK,SmartFinancial Inc. Common Stock,50.59,50.779998779296875,51.470001220703125,50.52000045776367,51.25,865011749.0,67431,Finance
EGBN,Eagle Bancorp Inc. Common Stock,28.32,28.450000762939453,28.479999542236328,28.200000762939453,28.239999771118164,863306115.0,262327,Finance
MBINN,Merchants Bancorp Depositary Shares Preferred Series C,18.7835,18.989999771118164,18.989999771118164,18.549999237060547,18.899999618530273,862877832.0,18514,Finance
SANA,Sana Biotechnology Inc. Common Stock,2.88,2.940000057220459,2.9749999046325684,2.740000009536743,2.75,862158635.0,5394115,Health Care
LANDO,Gladstone Land Corporation 6.00% Series B Cumulative Redeemable Preferred Stock,19.96,19.950000762939453,19.950000762939453,19.799999237060547,19.905000686645508,861005997.0,18568,Real Estate
FMN,Federated Hermes Premier Municipal Income Fund,9.97,9.9399995803833,10.0600004196167,9.890000343322754,10.010000228881836,859960855.0,125277,Finance
BLZE,Backblaze Inc. Class A Common Stock,13.88,14.09000015258789,14.399999618530273,13.649999618530273,13.800000190734863,859172000.0,1212532,Technology
RMIX,Suncrete Inc. Class A Common Stock,11.69,11.699999809265137,11.970000267028809,11.510000228881836,11.550000190734863,859049399.0,310201,Industrials
QNST,QuinStreet Inc. Common Stock,14.99,15.0,15.079999923706055,14.789999961853027,15.020000457763672,857778646.0,952682,Consumer Discretionary
DAKT,Daktronics Inc. Common Stock,17.8,17.93000030517578,17.989999771118164,17.75,17.850000381469727,856049170.0,281533,Consumer Discretionary
SGP,SpyGlass Pharma Inc. Common Stock,25.59,25.760000228881836,25.8700008392334,24.75,24.780000686645508,855933783.0,133114,Health Care
OI,O-I Glass Inc. Common Stock,5.57,5.619999885559082,5.769999980926514,5.570000171661377,5.75,855884791.0,4561743,Consumer Discretionary
LWLG,Lightwave Logic Inc. Common Stock,5.55,5.71999979019165,5.920000076293945,5.559999942779541,5.619999885559082,855628265.0,4175363,Industrials
OBX,Obsidian Therapeutics Inc. Common Stock,13.84,13.84000015258789,14.420000076293945,13.0,13.220000267028809,854936604.0,199196,Health Care
TRNS,Transcat Inc. Common Stock,90.57,91.43000030517578,91.54000091552734,89.30999755859375,89.80000305175781,850297788.0,91735,Industrials
HIPO,Hippo Holdings Inc. Common Stock,32.2,32.27000045776367,32.90700149536133,32.27000045776367,32.47999954223633,849738068.0,118850,Finance
MTW,Manitowoc Company Inc. (The) Common Stock,23.51,23.709999084472656,24.0,23.239999771118164,23.3799991607666,847816891.0,491964,Industrials
NAVI,Navient Corporation Common Stock,9.04,9.09000015258789,9.130000114440918,8.90999984741211,8.930000305175781,847805805.0,1124946,Finance
BH,Biglari Holdings Inc. Class B Common Stock,364.4,368.6199951171875,374.5,364.3599853515625,369.8699951171875,847794820.0,61736,Consumer Discretionary
PUBM,PubMatic Inc. Class A Common Stock,18.6,18.559999465942383,18.84000015258789,18.219999313354492,18.350000381469727,847231135.0,646381,Technology
HMH,HMH Holding Inc. Class A Common Stock,19.18,19.110000610351562,19.25,18.670000076293945,18.899999618530273,845706675.0,259357,Consumer Discretionary
ARDX,Ardelyx Inc. Common Stock,3.39,3.390000104904175,3.4079999923706055,3.2300000190734863,3.309999942779541,844745869.0,4253074,Health Care
CCBG,Capital City Bank Group Common Stock,49.31,49.52000045776367,49.720001220703125,49.220001220703125,49.2599983215332,843856675.0,50517,Finance
SXC,SunCoke Energy Inc. Common Stock,9.94,9.989999771118164,10.149999618530273,9.760000228881836,10.039999961853027,843656009.0,1450421,Industrials
SAFE,Safehold Inc. New Common Stock ,11.9,11.979999542236328,12.15999984741211,11.979999542236328,12.100000381469727,842713732.0,855595,Real Estate
NABL,N-able Inc. Common Stock,4.46,4.489999771118164,4.5,4.400000095367432,4.420000076293945,842520983.0,1906827,Technology
CVLG,Covenant Logistics Group Inc. Class A Common Stock,33.19,33.369998931884766,33.369998931884766,32.2400016784668,33.09000015258789,842288452.0,129670,Industrials
BW,Babcock & Wilcox Enterprises Inc. Common Stock,5.64,5.739999771118164,6.139999866485596,5.704999923706055,5.909999847412109,840162972.0,5114893,Industrials
IMMX,Immix Biopharma Inc. Common Stock,10.13,10.199999809265137,10.199999809265137,9.515000343322754,9.640000343322754,839806894.0,1597527,Health Care
KBDC,Kayne Anderson BDC Inc. Common Stock,12.7,12.729999542236328,12.800000190734863,12.604999542236328,12.609999656677246,838680187.0,410543,Uncategorized
INR,Infinity Natural Resources Inc. Class A Common Stock,13.21,13.180000305175781,13.5600004196167,13.164999961853027,13.5,837808028.0,190815,Energy
PAYS,Paysign Inc. Common Stock,14.81,14.859999656677246,14.90999984741211,14.119999885559082,14.359999656677246,836204530.0,697380,Technology
SMP,Standard Motor Products Inc. Common Stock,37.42,37.61000061035156,37.93000030517578,37.22999954223633,37.560001373291016,835973764.0,144106,Consumer Discretionary
RPD,Rapid7 Inc. Common Stock,12.36,12.59000015258789,13.09000015258789,11.949999809265137,12.270000457763672,833071910.0,1430572,Technology
NNE,Nano Nuclear Energy Inc. Common Stock,15.51,16.100000381469727,16.940000534057617,16.0,16.489999771118164,832858244.0,2203946,Utilities
QDEL,QuidelOrtho Corporation Common Stock,12.14,12.260000228881836,13.09000015258789,12.149999618530273,12.569999694824219,832505684.0,2693243,Health Care
CODI,D/B/A Compass Diversified Holdings Shares of Beneficial Interest,11.06,11.09000015258789,11.170000076293945,10.960000038146973,11.020000457763672,832109784.0,863612,Consumer Discretionary
CAPL,CrossAmerica Partners LP Common Units representing limited partner interests,21.68,21.739999771118164,21.739999771118164,21.350000381469727,21.670000076293945,827596168.0,27291,Energy
SVC,Service Properties Trust Common Shares of Beneficial Interest,6.38,6.389999866485596,6.699999809265137,6.369999885559082,6.489999771118164,826270533.0,1258238,Real Estate
WRLD,World Acceptance Corporation Common Stock,176.28,177.8000030517578,177.8000030517578,174.66000366210938,176.9600067138672,822025370.0,64426,Finance
MCS,Marcus Corporation (The) Common Stock,26.66,26.90999984741211,27.0,26.200000762939453,26.440000534057617,821985359.0,215540,Consumer Discretionary
PCT,PureCycle Technologies Inc. Common stock,4.09,4.179999828338623,4.199999809265137,3.930000066757202,4.005000114440918,821700673.0,9552612,Industrials
ATTO,Attovia Therapeutics Inc. Common Stock,17.995,18.0,18.3799991607666,17.270000457763672,17.5,821494460.0,455966,Health Care
TCBIO,Texas Capital Bancshares Inc. Depositary Shares 5.75% Fixed Rate Non-Cumulative Perpetual Preferred Stock Series B,18.875,18.780000686645508,19.049999237060547,18.469999313354492,18.5,820578715.0,11797,Finance
GYRE,Gyre Therapeutics Inc. Common Stock,7.35,7.420000076293945,7.420000076293945,7.010000228881836,7.079999923706055,819597390.0,181471,Health Care
ORRF,Orrstown Financial Services Inc. Common Stock,41.4,41.59000015258789,41.75,41.18000030517578,41.33000183105469,814322516.0,85355,Finance
APEI,American Public Education Inc. Common Stock,44.41,44.619998931884766,46.29999923706055,44.15999984741211,46.220001220703125,812771525.0,207450,Real Estate
EVLV,Evolv Technologies Holdings Inc. Class A Common Stock,4.48,4.519999980926514,4.710000038146973,4.514999866485596,4.679999828338623,811445134.0,2170386,Technology
FOXF,Fox Factory Holding Corp. Common Stock,19.23,19.31999969482422,19.75,19.25,19.389999389648438,808256149.0,910580,Consumer Discretionary
JBGS,JBG SMITH Properties Common Shares ,10.83,10.9399995803833,11.0649995803833,10.800000190734863,10.859999656677246,808117792.0,1277577,Real Estate
ALRS,Alerus Financial Corporation Common Stock,32.395,32.400001525878906,32.63999938964844,32.08000183105469,32.36000061035156,807527205.0,165604,Finance
DSP,Viant Technology Inc. Class A Common Stock,12.14,12.210000038146973,12.25,11.880000114440918,11.930000305175781,807295638.0,633909,Technology
ABX,Abacus Global Management Inc. Class A Common Stock,8.24,8.34000015258789,8.470000267028809,8.3149995803833,8.390000343322754,805808132.0,493479,Finance
SPFI,South Plains Financial Inc. Common Stock,42.73,42.91999816894531,43.119998931884766,42.67499923706055,42.7599983215332,804994957.0,100060,Finance
WEST,Westrock Coffee Company Common Stock,8.22,8.270000457763672,8.369999885559082,8.210000038146973,8.25,802497121.0,327984,Consumer Staples
GRPN,Groupon Inc. Common Stock,19.71,19.790000915527344,19.790000915527344,18.440000534057617,18.84000015258789,801512984.0,667833,Consumer Discretionary
ARI,Apollo Commercial Real Estate Finance Inc,6.23,6.239999771118164,6.289999961853027,6.190000057220459,6.25,798761339.0,4119100,Real Estate
RJET,Republic Airways Holdings Inc. Common Stock,17.06,17.190000534057617,17.75,17.0,17.59000015258789,798740670.0,78077,Consumer Discretionary
MITK,Mitek Systems Inc. Common Stock,17.7,17.889999389648438,18.040000915527344,17.450000762939453,17.469999313354492,798666020.0,381006,Technology
IBCP,Independent Bank Corporation Common Stock,35.91,36.060001373291016,36.310001373291016,35.7599983215332,35.790000915527344,797176683.0,181732,Finance
BHFAO,Brighthouse Financial Inc. Depositary Shares 6.75% Non-Cumulative Preferred Stock Series B,13.8499,13.850000381469727,13.960000038146973,13.850000381469727,13.850000381469727,796529396.0,32074,Finance
ANNX,Annexon Inc. Common Stock,4.2,4.210000038146973,4.260000228881836,4.010000228881836,4.03000020980835,796232363.0,3448862,Health Care
MLAB,Mesa Laboratories Inc. Common Stock,142.23,142.8699951171875,144.35000610351562,135.0500030517578,136.05999755859375,795900448.0,148012,Industrials
DC,Dakota Gold Corp. Common Stock,5.93,5.989999771118164,6.050000190734863,5.775000095367432,5.880000114440918,795645837.0,1116190,Basic Materials
JBSS,John B. Sanfilippo & Son Inc. Common Stock,68.03,68.52999877929688,68.8499984741211,67.44999694824219,67.76000213623047,795507512.0,141132,Consumer Staples
SMBC,Southern Missouri Bancorp Inc. Common Stock,71.9,72.18000030517578,72.43000030517578,71.52999877929688,71.61000061035156,791854760.0,75431,Finance
CTKB,Cytek Biosciences Inc. Common Stock,6.09,6.130000114440918,6.210000038146973,5.355000019073486,5.380000114440918,791598011.0,1788141,Industrials
PGC,Peapack-Gladstone Financial Corporation Common Stock,44.34,44.58000183105469,45.220001220703125,44.11000061035156,44.18000030517578,786057392.0,107250,Finance
AVTX,Avalo Therapeutics Inc. Common Stock,14.6,14.579999923706055,14.581000328063965,13.229999542236328,13.59000015258789,782997839.0,736850,Health Care
CADL,Candel Therapeutics Inc. Common Stock,10.23,10.319999694824219,10.399999618530273,9.850000381469727,9.869999885559082,782784920.0,980913,Health Care
BHFAP,Brighthouse Financial Inc. Depositary Shares 6.6% Non-Cumulative Preferred Stock Series A,13.61,13.670000076293945,13.6899995803833,13.522000312805176,13.5600004196167,782732372.0,12845,Finance
AHCO,AdaptHealth Corp. Common Stock,5.74,5.760000228881836,5.889999866485596,5.71999979019165,5.769999980926514,782615685.0,3264151,Health Care
FISI,Financial Institutions Inc. Common Stock,39.63,39.630001068115234,39.95000076293945,39.15999984741211,39.279998779296875,780963047.0,118755,Finance
SABR,Sabre Corporation Common Stock,1.93,1.9299999475479126,1.965000033378601,1.909999966621399,1.9199999570846558,778915603.0,5810849,Technology
KELYB,Kelly Services Inc. Class B Common Stock,22.4,22.399999618530273,22.399999618530273,22.399999618530273,22.399999618530273,777995523.0,298,Consumer Discretionary
GERN,Geron Corporation Common Stock,1.21,1.2000000476837158,1.2400000095367432,1.190000057220459,1.2100000381469727,777392825.0,6366767,Health Care
DSGN,Design Therapeutics Inc. Common Stock,12.42,12.40999984741211,12.515000343322754,11.779999732971191,11.970000267028809,777264105.0,680786,Health Care
ANGX,Angel Studios Inc. Class A Common Stock,4.16,4.230000019073486,4.28000020980835,4.03000020980835,4.139999866485596,776906287.0,1538871,Consumer Discretionary
VREX,Varex Imaging Corporation Common Stock,18.45,18.479999542236328,18.5,18.469999313354492,18.479999542236328,776745000.0,298084,Technology
HTB,HomeTrust Bancshares Inc. Common Stock,46.53,47.5099983215332,48.060001373291016,46.45000076293945,46.470001220703125,776733665.0,129374,Finance
LYTS,LSI Industries Inc. Common Stock,20.84,21.049999237060547,21.309999465942383,20.8700008392334,20.940000534057617,776526242.0,330267,Consumer Discretionary
LXRX,Lexicon Pharmaceuticals Inc. Common Stock,1.74,1.75,1.7799999713897705,1.7200000286102295,1.75,774223325.0,2716420,Health Care
RCBC,River City Bank Common stock,54.45,54.72999954223633,55.5,53.93000030517578,54.70000076293945,773173883.0,160754,Finance
TXO,TXO Partners L.P. Common Units Representing Limited Partner Interests,13.91,13.880000114440918,14.069999694824219,13.789999961853027,13.960000038146973,771259521.0,79518,Energy
CIM,Chimera Investment Corporation Common Stock,9.18,9.210000038146973,9.279999732971191,9.109999656677246,9.199999809265137,768474489.0,1853874,Real Estate
SKYH,Sky Harbour Group Corporation Class A Common Stock,9.34,9.430000305175781,9.470000267028809,9.3100004196167,9.359999656677246,762419605.0,143649,Finance
SHBI,Shore Bancshares Inc Common Stock,22.83,22.93000030517578,23.079999923706055,22.639999389648438,22.649999618530273,761889061.0,228012,Finance
RILYG,BRC Group Holdings Inc. 5.00% Senior Notes due 2026,24.94,24.899999618530273,24.979999542236328,24.899999618530273,24.920000076293945,760596826.0,21395,Finance
CTO,CTO Realty Growth Inc. Common Stock,20.29,20.290000915527344,20.600000381469727,20.25,20.530000686645508,760579862.0,307987,Real Estate
LPTH,LightPath Technologies Inc. Class A Common Stock,10.81,10.970000267028809,11.3100004196167,10.770000457763672,10.869999885559082,757091884.0,2252830,Technology
SLDB,Solid Biosciences Inc. Common Stock,7.06,7.110000133514404,7.110000133514404,6.650000095367432,6.920000076293945,757010180.0,1372190,Health Care
BBSI,Barrett Business Services Inc. Common Stock,31.23,31.329999923706055,31.479999542236328,30.959999084472656,31.280000686645508,756864671.0,258879,Consumer Discretionary
WLKP,Westlake Chemical Partners LP Common Units representing limited partner interests,21.42,21.479999542236328,21.700000762939453,21.40999984741211,21.59000015258789,754966728.0,16485,Industrials
MNTN,MNTN Inc. Class A Common Stock,10.08,10.130000114440918,10.380000114440918,10.039999961853027,10.050000190734863,754015883.0,537155,Consumer Discretionary
SWIM,Latham Group Inc. Common Stock,6.39,6.449999809265137,6.510000228881836,6.380000114440918,6.389999866485596,751758490.0,558182,Industrials
MOV,Movado Group Inc. Common Stock,33.45,33.790000915527344,33.970001220703125,32.810001373291016,32.849998474121094,746344595.0,192587,Consumer Discretionary
MITN,TPG Mortgage Investment Trust Inc. 9.500% Senior Notes due 2029,25.25,25.219999313354492,25.219999313354492,25.049999237060547,25.200000762939453,744697846.0,21806,Real Estate
APOG,Apogee Enterprises Inc. Common Stock,35.66,42.7400016784668,42.88999938964844,37.84000015258789,40.0,744163364.0,402615,Consumer Discretionary
MITP,TPG Mortgage Investment Trust Inc. 9.500% Senior Notes due 2029,25.23,25.249000549316406,25.280000686645508,25.059999465942383,25.18000030517578,744107986.0,15535,Real Estate
MFA,MFA Financial Inc.,7.35,7.349999904632568,7.389999866485596,7.230000019073486,7.28000020980835,742996344.0,3188918,Real Estate
BWMN,Bowman Consulting Group Ltd. Common Stock,42.76,42.75,42.810001373291016,42.75,42.790000915527344,741266493.0,330837,Consumer Discretionary
TASK,TaskUs Inc. Class A Common Stock,8.08,8.109999656677246,8.11400032043457,7.949999809265137,7.960000038146973,740831130.0,223742,Technology
HYLN,Hyliion Holdings Corp. Class A Common Stock,4.14,4.170000076293945,4.369999885559082,4.010000228881836,4.039999961853027,739392483.0,2327341,Consumer Discretionary
SSYS,Stratasys Ltd. Ordinary Shares (Israel),8.58,8.670000076293945,8.800000190734863,8.5600004196167,8.5600004196167,739360385.0,601744,Technology
AVR,Anteris Technologies Global Corp. Common Stock,7.55,7.570000171661377,7.65500020980835,7.019999980926514,7.050000190734863,735811479.0,1892825,Health Care
ROOT,Root Inc. Class A Common Stock,47.42,47.56999969482422,47.88999938964844,47.04999923706055,47.16999816894531,734690010.0,152738,Finance
CCNEP,CNB Financial Corporation Depositary Shares each representing a 1/40th ownership interest in a share of 7.125% Series A Fixed-Rate Non-Cumulative Perpetual Preferred Stock,24.75,24.56999969482422,24.739999771118164,24.56999969482422,24.739999771118164,733116904.0,1319,Finance
LXU,LSB Industries Inc. Common Stock,10.18,10.180000305175781,10.359999656677246,10.140000343322754,10.170000076293945,732934591.0,506098,Basic Materials
PRAA,PRA Group Inc. Common Stock,19.41,19.600000381469727,20.059999465942383,19.260000228881836,20.040000915527344,730747796.0,417221,Finance
BFS,Saul Centers Inc. Common Stock,29.55,29.790000915527344,30.020000457763672,29.479999542236328,29.899999618530273,730390335.0,157421,Real Estate
ESRT,Empire State Realty Trust Inc. Class A Common Stock,4.23,4.300000190734863,4.460000038146973,4.300000190734863,4.429999828338623,728260670.0,7444315,Real Estate
WASH,Washington Trust Bancorp Inc. Common Stock,38.12,38.29999923706055,38.66999816894531,38.16999816894531,38.220001220703125,727113117.0,102258,Finance
CGBD,Carlyle Secured Lending Inc. Common Stock,10.56,10.569999694824219,10.649999618530273,10.489999771118164,10.5,726576375.0,484649,Finance
FDUS,Fidus Investment Corporation Common Stock,19.13,19.18000030517578,19.25,18.8700008392334,18.8799991607666,726066983.0,210615,Finance
VSTM,Verastem Inc. Common Stock,8.0,8.079999923706055,8.180000305175781,7.699999809265137,7.75,724507528.0,2217169,Health Care
OLMA,Olema Pharmaceuticals Inc. Common Stock,8.25,8.279999732971191,8.289999961853027,7.800000190734863,7.920000076293945,721855258.0,1006148,Health Care
ACHV,Achieve Life Sciences Inc. Common Shares,7.01,7.059999942779541,7.230000019073486,6.889999866485596,7.03000020980835,721346455.0,1704601,Health Care
CWBC,Community West Bancshares Common Stock,26.58,26.68000030517578,26.8799991607666,26.350000381469727,26.350000381469727,721144053.0,136082,Finance
VTS,Vitesse Energy Inc. Common Stock,17.05,17.0,17.1200008392334,16.829999923706055,16.959999084472656,717878605.0,387251,Energy
LUCK,Lucky Strike Entertainment Corporation Class A Common Stock,5.26,5.340000152587891,5.389999866485596,5.239999771118164,5.289999961853027,717085385.0,37927,Consumer Discretionary
OABI,OmniAb Inc. Common Stock,4.92,4.849999904632568,5.0,4.215000152587891,4.349999904632568,715320758.0,1216138,Health Care
TCBX,Third Coast Bancshares Inc. Common Stock,42.89,43.130001068115234,43.709999084472656,42.779998779296875,43.02000045776367,714331663.0,74517,Finance
FDMT,4D Molecular Therapeutics Inc. Common Stock,12.92,12.640000343322754,13.015000343322754,12.300000190734863,12.5600004196167,713755206.0,2110626,Health Care
GDOT,Green Dot Corporation Class A Common Stock $0.001 par value,12.52,12.569999694824219,12.630000114440918,12.399999618530273,12.399999618530273,713454441.0,345473,Finance
GEGGL,Great Elm Group Inc.  7.25% Notes due 2027,24.56,24.733999252319336,24.733999252319336,24.733999252319336,24.733999252319336,712161089.0,1376,Technology
COLL,Collegium Pharmaceutical Inc. Common Stock,21.87,22.059999465942383,22.31999969482422,21.674999237060547,21.8799991607666,711991256.0,975404,Health Care
RGR,Sturm Ruger & Company Inc. Common Stock,44.41,44.68000030517578,44.77000045776367,43.5,43.650001525878906,709594349.0,287030,Industrials
BLMN,Bloomin' Brands Inc. Common Stock,8.28,8.079999923706055,8.529999732971191,8.079999923706055,8.34000015258789,708941193.0,2748012,Consumer Discretionary
BCSF,Bain Capital Specialty Finance Inc. Common Stock,10.9,10.979999542236328,11.0,10.819999694824219,10.819999694824219,707066726.0,623644,Finance
WGO,Winnebago Industries Inc. Common Stock,25.0,25.299999237060547,25.510000228881836,24.649999618530273,24.950000762939453,706722325.0,900766,Industrials
LINC,Lincoln Educational Services Corporation Common Stock,22.2,22.110000610351562,22.790000915527344,21.889999389648438,22.739999771118164,704216834.0,778487,Real Estate
NRGV,Energy Vault Holdings Inc. Common Stock,3.87,3.9000000953674316,3.940000057220459,3.7899999618530273,3.880000114440918,703719136.0,3996610,Miscellaneous
QVCG,QVC Group Inc. Common Stock,14.07,14.15999984741211,14.470000267028809,13.25,13.3100004196167,703498551.0,138837,Consumer Discretionary
MFIC,MidCap Financial Investment Corporation Common Stock,8.51,8.539999961853027,8.5600004196167,8.479999542236328,8.5,700991064.0,712645,Finance
FTH,Faeth Therapeutics Inc. Common Stock,27.1,26.959999084472656,29.639999389648438,26.0,26.889999389648438,700275518.0,412856,Health Care
BCAL,California BanCorp Common Stock,21.7,21.6299991607666,21.84000015258789,21.59000015258789,21.65999984741211,697666740.0,178931,Finance
NVCT,Nuvectis Pharma Inc. Common Stock,21.39,21.540000915527344,21.540000915527344,19.790000915527344,20.030000686645508,697614872.0,194291,Health Care
ADAM,Adamas Trust Inc. Common Stock,7.72,7.769999980926514,7.820000171661377,7.659999847412109,7.71999979019165,697152639.0,1328815,Real Estate
BALY,Bally's Corporation Common Stock,13.79,14.010000228881836,14.3100004196167,13.781000137329102,14.0,695974708.0,85267,Consumer Discretionary
NGVC,Natural Grocers by Vitamin Cottage Inc. Common Stock,30.16,30.15999984741211,30.309999465942383,29.600000381469727,29.84000015258789,695070828.0,115232,Consumer Staples
LEGH,Legacy Housing Corporation Common Stock (TX),29.2,29.200000762939453,29.600000381469727,28.84000015258789,28.90999984741211,694464710.0,78801,Consumer Discretionary
CASS,Cass Information Systems Inc Common Stock,54.15,54.310001373291016,54.619998931884766,53.810001373291016,53.900001525878906,693452968.0,48570,Consumer Discretionary
NEWTP,NewtekOne Inc. Depositary Shares Non-Cumulative Perpetual Preferred Stock Series B,24.0,24.0,24.399999618530273,23.790000915527344,24.299999237060547,693233544.0,810,Finance
AROW,Arrow Financial Corporation Common Stock,37.38,37.4900016784668,37.70000076293945,37.060001373291016,37.20000076293945,692416766.0,63500,Finance
PKOH,Park-Ohio Holdings Corp. Common Stock,47.76,48.22999954223633,50.16999816894531,48.0099983215332,48.68000030517578,692042878.0,60496,Industrials
PFIS,Peoples Financial Services Corp. Common Stock,69.08,69.36000061035156,69.81999969482422,69.19000244140625,69.26000213623047,691516152.0,40483,Finance
FINV,FinVolution Group American Depositary Shares,2.92,2.950000047683716,3.0250000953674316,2.9200000762939453,3.009999990463257,689394486.0,351744,Finance
SCHL,Scholastic Corporation Common Stock,37.41,37.75,37.869998931884766,36.83000183105469,37.0099983215332,688697300.0,544662,Consumer Discretionary
NIE,Virtus Equity & Convertible Income Fund Common Shares of Beneficial Interest,24.83,25.0,25.299999237060547,24.920000076293945,25.280000686645508,688013601.0,134383,Finance
BSTZ,BlackRock Science and Technology Term Trust Common Shares of Beneficial Interest,31.0,31.350000381469727,31.40999984741211,31.0,31.239999771118164,686892730.0,104417,Finance
PMT,PennyMac Mortgage Investment Trust Common Shares of Beneficial Interest,7.87,7.940000057220459,8.029999732971191,7.820000171661377,8.029999732971191,686282589.0,2913862,Real Estate
OFRM,Once Upon a Farm PBC Common Stock,16.31,16.399999618530273,16.940000534057617,16.299999237060547,16.729999542236328,684867550.0,243997,Consumer Staples
MSBI,Midland States Bancorp Inc. Common Stock,33.0,33.08000183105469,33.15999984741211,32.70500183105469,32.779998779296875,684819696.0,113028,Finance
XFLT,XAI Floating Rate & Alternative Income Trust Common Shares of Beneficial Interest,19.3,19.229999542236328,19.29599952697754,19.110000610351562,19.1299991607666,684542668.0,113922,Finance
EVER,EverQuote Inc. Class A Common Stock,19.41,19.479999542236328,19.479999542236328,18.93000030517578,19.389999389648438,684003567.0,992287,Technology
OSPN,OneSpan Inc. Common Stock,18.42,18.540000915527344,18.829999923706055,18.360000610351562,18.3799991607666,678817027.0,297264,Technology
WYFI,WhiteFiber Inc. Ordinary Shares,17.46,17.760000228881836,18.100000381469727,17.260000228881836,17.329999923706055,678288140.0,1044683,Finance
RRBI,Red River Bancshares Inc. Common Stock,102.97,103.29000091552734,104.29000091552734,102.88999938964844,102.88999938964844,677965395.0,68241,Finance
KE,Kimball Electronics Inc. Common Stock,28.23,28.520000457763672,28.989999771118164,28.31999969482422,28.80500030517578,677294019.0,183978,Technology
CARE,Carter Bankshares Inc. Common Stock,30.55,30.450000762939453,30.770000457763672,30.329999923706055,30.459999084472656,677108092.0,121697,Finance
DGICA,Donegal Group Inc. Class A Common Stock,18.24,18.270000457763672,18.450000762939453,18.170000076293945,18.190000534057617,677055704.0,93829,Finance
PSTL,Postal Realty Trust Inc. Class A Common Stock,22.38,22.420000076293945,22.889999389648438,22.343000411987305,22.690000534057617,676969778.0,307250,Real Estate
CNNE,Cannae Holdings Inc. Common Stock,15.59,15.680000305175781,15.680000305175781,15.470000267028809,15.5,676204199.0,341989,Consumer Discretionary
INDI,indie Semiconductor Inc. Class A Common Stock,2.91,2.9600000381469727,2.9700000286102295,2.8399999141693115,2.8499999046325684,674563850.0,3008637,Technology
VLGEA,Village Super Market Inc. Class A Common Stock,45.46,45.790000915527344,45.790000915527344,42.7400016784668,43.720001220703125,673239461.0,34943,Consumer Staples
PFLT,PennantPark Floating Rate Capital Ltd. Common Stock,6.78,6.809999942779541,6.829999923706055,6.71999979019165,6.730000019073486,672697335.0,924678,Finance
MATV,Mativ Holdings Inc. Common Stock,12.11,12.25,12.359999656677246,12.199999809265137,12.210000038146973,668352087.0,406816,Basic Materials
CCSI,Consensus Cloud Solutions Inc. Common Stock,36.38,36.33000183105469,36.47999954223633,35.72999954223633,36.349998474121094,666660662.0,99333,Technology
SOC,Sable Offshore Corp. Common Stock,3.47,3.4200000762939453,3.690000057220459,3.3550000190734863,3.569999933242798,665787415.0,6695871,Energy
HOV,Hovnanian Enterprises Inc. Class A Common Stock,111.69,114.26000213623047,116.48999786376953,113.0,114.58000183105469,665660114.0,88285,Consumer Discretionary
MDXG,MiMedx Group Inc Common Stock,4.55,4.590000152587891,4.650000095367432,4.480000019073486,4.619999885559082,663210129.0,894735,Health Care
NSLRL,Neostellar Capital Corp. 6.00% Notes due 2026,25.01,24.981000900268555,25.850000381469727,24.981000900268555,25.424999237060547,662095282.0,19481,Finance
FPH,Five Point Holdings LLC Class A Common Shares,4.46,4.480000019073486,4.690000057220459,4.480000019073486,4.679999828338623,659543301.0,116151,Finance
SWBI,Smith & Wesson Brands Inc. Common Stock,14.7,14.729999542236328,14.760000228881836,14.510000228881836,14.520000457763672,659143296.0,498964,Industrials
BHB,Bar Harbor Bankshares Inc. Common Stock,39.24,39.38999938964844,39.59000015258789,38.88999938964844,38.9900016784668,657900979.0,80061,Finance
HNRG,Hallador Energy Company Common Stock,13.95,14.020000457763672,15.119999885559082,13.920000076293945,14.8100004196167,657649830.0,590882,Utilities
NEWTG,NewtekOne Inc. 8.50% Fixed Rate Senior Notes due 2029,24.98,25.0,25.0,24.889999389648438,24.979999542236328,657519863.0,11890,Finance
RILYT,BRC Group Holdings Inc. 6.00% Senior Notes Due 2028,21.55,21.489999771118164,21.489999771118164,21.073999404907227,21.18000030517578,657211772.0,18020,Finance
EVC,Entravision Communications Corporation Common Stock,7.12,7.099999904632568,7.110000133514404,6.429999828338623,6.699999809265137,657092732.0,986351,Industrials
MG,Mistras Group Inc Common Stock,20.63,20.809999465942383,21.06999969482422,20.729999542236328,21.030000686645508,657063293.0,435048,Consumer Discretionary
NEWTI,NewtekOne Inc. 8.00% Fixed Rate Senior Notes due 2028,24.95,25.0,25.0,24.350000381469727,25.0,656730207.0,4627,Finance
CUBB,Customers Bancorp Inc 5.375% Subordinated Notes Due 2034,20.725,20.76099967956543,20.76099967956543,20.76099967956543,20.76099967956543,655396830.0,3234,Finance
YEXT,Yext Inc. Common Stock,6.62,6.679999828338623,6.679999828338623,6.485000133514404,6.559999942779541,655239020.0,822148,Technology
PKE,Park Aerospace Corp. Common Stock,30.05,29.399999618530273,30.3799991607666,29.399999618530273,30.059999465942383,653623891.0,180387,Industrials
STTK,Shattuck Labs Inc. Common Stock,6.5,6.550000190734863,6.650000095367432,5.849999904632568,5.860000133514404,652361145.0,1239363,Health Care
CBNK,Capital Bancorp Inc. Common Stock,40.02,40.2599983215332,40.34000015258789,39.560001373291016,39.59000015258789,651944049.0,233805,Finance
SMC,Summit Midstream Corporation Common Stock,32.07,32.0,33.459999084472656,32.0,33.150001525878906,651280286.0,131953,Utilities
DGICB,Donegal Group Inc. Class B Common Stock,17.49,16.770000457763672,16.770000457763672,16.770000457763672,16.770000457763672,649216242.0,1348,Finance
ACNB,ACNB Corporation Common Stock,63.78,63.959999084472656,64.30000305175781,63.529998779296875,63.72999954223633,648638135.0,71057,Finance
FWRG,First Watch Restaurant Group Inc. Common Stock,10.51,10.510000228881836,10.765000343322754,10.430000305175781,10.609999656677246,648597692.0,1575751,Consumer Discretionary
ELMT,The Elmet Group Co. Common Stock,21.29,21.6299991607666,24.600000381469727,21.6299991607666,23.15999984741211,648482712.0,587071,Industrials
ABR,Arbor Realty Trust Common Stock,3.47,3.509999990463257,3.5899999141693115,3.450000047683716,3.490000009536743,647356409.0,8134944,Real Estate
NMFC,New Mountain Finance Corporation Common Stock,6.85,6.880000114440918,6.900000095367432,6.789999961853027,6.840000152587891,646998872.0,732868,Finance
AGNT,AGNT Inc. Common Stock,3.87,3.890000104904175,3.990000009536743,3.809999942779541,3.819999933242798,646746416.0,2516031,Finance
INN,Summit Hotel Properties Inc. Common Stock,5.99,6.03000020980835,6.119999885559082,5.940000057220459,5.989999771118164,646042243.0,980090,Real Estate
TIPT,Tiptree Inc. Common Stock,17.34,17.399999618530273,17.540000915527344,17.1299991607666,17.170000076293945,645736259.0,263334,Finance
AURA,Aura Biosciences Inc. Common Stock,6.22,6.260000228881836,6.269999980926514,6.099999904632568,6.170000076293945,645043912.0,589829,Health Care
NUAI,New Era Energy & Digital Inc. Common Stock,6.05,6.099999904632568,6.138000011444092,5.775000095367432,5.860000133514404,644684001.0,6968923,Energy
PHR,Phreesia Inc. Common Stock,10.37,10.460000038146973,10.569999694824219,10.119999885559082,10.25,643675689.0,504162,Consumer Discretionary
PZZA,Papa John's International Inc. Common Stock,19.54,19.56999969482422,19.850000381469727,19.34000015258789,19.579999923706055,643289764.0,2511726,Consumer Discretionary
ANGO,AngioDynamics Inc. Common Stock,15.54,15.609999656677246,15.65999984741211,14.229999542236328,14.420000076293945,642305325.0,636202,Health Care
STLN,Starling Oncology Inc. Common Stock,6.3,6.380000114440918,6.639999866485596,6.355000019073486,6.579999923706055,642071525.0,1336794,Health Care
PRTH,Priority Technology Holdings Inc. Common Stock,7.78,7.800000190734863,7.800000190734863,7.78000020980835,7.78000020980835,641386094.0,771861,Consumer Discretionary
TRON,Tron Inc. Common Stock,1.35,1.3600000143051147,1.375,1.2799999713897705,1.2899999618530273,640415786.0,528452,Finance
TBLD,Thornburg Income Builder Opportunities Trust Common Stock,19.95,20.219999313354492,20.329999923706055,19.989999771118164,20.235000610351562,640033566.0,142372,Finance
CLDT,Chatham Lodging Trust (REIT) Common Shares of Beneficial Interest,13.72,13.819999694824219,14.050000190734863,13.609999656677246,13.710000038146973,638880224.0,283651,Real Estate
WCCB,West Coast Community Bancorp Common Stock,60.7,60.75,61.56999969482422,60.75,61.13999938964844,638811838.0,81193,Finance
HTZ,Hertz Global Holdings Inc Common Stock,1.79,1.815000057220459,2.119999885559082,1.7999999523162842,2.059999942779541,638047993.0,15663063,Consumer Discretionary
BHFAN,Brighthouse Financial Inc. Depositary shares each representing a 1/1000th interest in a share of 5.375% Non-Cumulative Preferred Stock Series C,11.0799,11.16100025177002,11.210000038146973,11.050000190734863,11.0600004196167,637222367.0,40742,Finance
SGMT,Sagimet Biosciences Inc. Series A Common Stock,9.03,8.989999771118164,8.989999771118164,8.550000190734863,8.760000228881836,636912484.0,1528765,Health Care
GDYN,Grid Dynamics Holdings Inc. Class A Common Stock,7.84,7.869999885559082,7.889999866485596,7.690000057220459,7.820000171661377,636034747.0,757381,Technology
ZVRA,Zevra Therapeutics Inc. Common Stock,10.7,10.760000228881836,10.875,10.444999694824219,10.729999542236328,635406457.0,1977811,Health Care
CLYM,Climb Bio Inc. Common Stock,11.05,11.119999885559082,11.25,10.640000343322754,10.680000305175781,634670618.0,1206434,Health Care
ABTC,American Bitcoin Corp. Class A Common Stock,8.71,8.789999961853027,8.850000381469727,8.40999984741211,8.449999809265137,634259700.0,895400,Finance
DLY,DoubleLine Yield Opportunities Fund Common Shares of Beneficial Interest,13.22,13.210000038146973,13.350000381469727,13.149999618530273,13.3100004196167,633843198.0,347491,Finance
BLSM,BlossomHill Therapeutics Inc. Common Stock,19.94,20.059999465942383,20.059999465942383,17.059999465942383,17.290000915527344,633791085.0,201562,Health Care
RMT,Royce Micro-Cap Trust Inc. Common Stock,13.66,13.760000228881836,13.760000228881836,13.569999694824219,13.630000114440918,632036002.0,84049,Finance
RSVR,Reservoir Media Inc. Common Stock,9.55,9.619999885559082,9.649999618530273,9.5600004196167,9.569999694824219,629638596.0,52772,Consumer Discretionary
CLMB,Climb Global Solutions Inc. Common Stock,33.73,33.849998474121094,34.11000061035156,32.630001068115234,32.79999923706055,629423353.0,148871,Technology
ACRS,Aclaris Therapeutics Inc. Common Stock,4.27,4.21999979019165,4.239999771118164,3.6500000953674316,3.700000047683716,628539273.0,7015548,Health Care
CCB,Coastal Financial Corporation Common Stock,40.95,40.95000076293945,42.20000076293945,40.459999084472656,40.7599983215332,625975091.0,190616,Finance
TROX,Tronox Holdings plc Ordinary Shares (UK),3.91,3.930000066757202,3.9600000381469727,3.869999885559082,3.869999885559082,624427113.0,1593742,Basic Materials
WOOF,Petco Health and Wellness Company Inc. Class A Common Stock,2.18,2.190000057220459,2.25,2.1700000762939453,2.2200000286102295,624394198.0,3044001,Consumer Discretionary
SLRC,SLR Investment Corp. Common Stock,11.44,11.430000305175781,11.5600004196167,11.420000076293945,11.430000305175781,624105013.0,321183,Finance
NTGR,NETGEAR Inc. Common Stock,22.94,23.170000076293945,23.559999465942383,22.940000534057617,23.040000915527344,623486742.0,271517,Utilities
GOOD,Gladstone Commercial Corporation Real Estate Investment Trust,12.79,12.770000457763672,12.890000343322754,12.6899995803833,12.710000038146973,619131938.0,704039,Real Estate
GAIN,Gladstone Investment Corporation Business Development Company,15.54,15.520000457763672,15.579999923706055,15.380000114440918,15.399999618530273,618833367.0,98637,Finance
FWDI,Forward Industries Inc. Common Stock,8.11,8.119999885559082,8.430000305175781,8.0,8.140000343322754,618697424.0,2207932,Finance
GEMI,Gemini Space Station Inc. Class A Common Stock,4.77,4.789999961853027,4.869999885559082,4.630000114440918,4.670000076293945,618441004.0,1423208,Finance
FLGT,Fulgent Genetics Inc. Common Stock,22.45,22.43000030517578,22.780000686645508,20.459999084472656,20.579999923706055,617718328.0,308008,Health Care
SPT,Sprout Social Inc Class A Common Stock,10.19,10.239999771118164,10.404999732971191,10.095000267028809,10.130000114440918,617434640.0,657642,Technology
MLR,Miller Industries Inc. Common Stock,54.3,54.70000076293945,54.70000076293945,53.90999984741211,54.119998931884766,616423591.0,101741,Consumer Discretionary
IVR,INVESCO MORTGAGE CAPITAL INC Common Stock,5.7,5.730000019073486,5.78000020980835,5.650000095367432,5.71999979019165,613550377.0,3761754,Real Estate
ETRA,Electra Therapeutics Inc. Common stock,9.74,9.680000305175781,9.949999809265137,9.350000381469727,9.819999694824219,611350142.0,334456,Health Care
HPP,Hudson Pacific Properties Inc. Common Stock,11.25,11.319999694824219,11.649999618530273,11.229999542236328,11.579999923706055,610523336.0,489199,Finance
NXP,Nuveen Select Tax Free Income Portfolio Common Stock,13.04,13.130000114440918,13.350000381469727,13.039999961853027,13.220000267028809,610260434.0,319375,Finance
HIFS,Hingham Institution for Savings Common Stock,283.84,284.2699890136719,286.9200134277344,282.0,286.3999938964844,609518016.0,43946,Finance
EGY,VAALCO Energy Inc.  Common Stock,5.79,5.78000020980835,5.849999904632568,5.659999847412109,5.78000020980835,609060395.0,1371112,Energy
MGRE,Affiliated Managers Group Inc. 6.750% Junior Subordinated Notes due 2064,21.38,21.34000015258789,21.549999237060547,21.25,21.420000076293945,607449907.0,37434,Finance
PAR,PAR Technology Corporation Common Stock,14.62,14.770000457763672,14.770000457763672,14.199999809265137,14.5,604722791.0,869328,Miscellaneous
MAMA,Mama's Creations Inc. Common Stock,12.82,12.880000114440918,13.199999809265137,12.6899995803833,12.729999542236328,604430553.0,442093,Consumer Staples
FBIOP,Fortress Biotech Inc. 9.375% Series A Cumulative Redeemable Perpetual Preferred Stock,18.1,18.0,18.579999923706055,17.5,18.579999923706055,603652973.0,30169,Health Care
MATW,Matthews International Corporation Class A Common Stock,19.33,19.459999084472656,19.84000015258789,19.229999542236328,19.420000076293945,603350634.0,2813071,Telecommunications
IRWD,Ironwood Pharmaceuticals Inc. Class A Common Stock,3.65,3.640000104904175,3.680000066757202,3.5999999046325684,3.630000114440918,603125807.0,2227120,Health Care
FOF,Cohen & Steers Closed-End Opportunity Fund Inc. Common Stock,12.27,12.300000190734863,12.479999542236328,12.300000190734863,12.4399995803833,602930966.0,109395,Finance
KRNY,Kearny Financial Corp Common Stock,9.27,9.3100004196167,9.369999885559082,9.180000305175781,9.220000267028809,601895371.0,495150,Finance
MPLT,MapLight Therapeutics Inc. Common Stock,9.275,9.239999771118164,9.970000267028809,8.920000076293945,9.6899995803833,600775196.0,262153,Health Care
ARRY,Array Technologies Inc. Common Stock,3.9,3.9600000381469727,4.105000019073486,3.940000057220459,4.059999942779541,600629999.0,6320260,Technology
RILYZ,BRC Group Holdings Inc. 5.25% Senior Notes due 2028,19.6,19.34000015258789,19.53700065612793,19.299999237060547,19.329999923706055,597742494.0,9126,Finance
SHEN,Shenandoah Telecommunications Co Common Stock,11.2,11.300000190734863,11.550000190734863,11.09000015258789,11.5,597684416.0,1156393,Telecommunications
KIDS,OrthoPediatrics Corp. Common Stock,22.89,23.100000381469727,23.100000381469727,22.385000228881836,22.709999084472656,597653047.0,304793,Health Care
TITN,Titan Machinery Inc. Common Stock,25.33,25.43000030517578,25.8799991607666,25.1200008392334,25.200000762939453,596088281.0,175522,Consumer Discretionary
LMB,Limbach Holdings Inc. Common Stock,49.94,50.5099983215332,52.34299850463867,50.43000030517578,51.349998474121094,595534150.0,196216,Consumer Discretionary
GRNT,Granite Ridge Resources Inc. Common Stock,4.51,4.489999771118164,4.625,4.449999809265137,4.610000133514404,594870091.0,1243410,Energy
EVEX,Eve Holding Inc. Common Stock,1.7,1.7100000381469727,1.7400000095367432,1.690999984741211,1.7100000381469727,592426766.0,1022697,Industrials
JBI,Janus International Group Inc. Common Stock,4.34,4.400000095367432,4.409999847412109,4.309999942779541,4.320000171661377,592131329.0,1637933,Industrials
DDD,3D Systems Corporation Common Stock,3.56,3.569999933242798,3.700000047683716,3.549999952316284,3.5899999141693115,591483416.0,3043990,Technology
UAMY,United States Antimony Corporation Common Stock,3.95,4.019999980926514,4.119999885559082,3.950000047683716,3.990000009536743,591194067.0,5808609,Industrials
FBIZ,First Business Financial Services Inc. Common Stock,70.64,70.94999694824219,71.5,70.61000061035156,70.70999908447266,591138125.0,60723,Finance
MAX,MediaAlpha Inc. Class A Common Stock,9.64,9.699999809265137,9.850000381469727,9.585000038146973,9.680000305175781,590584748.0,1048189,Consumer Discretionary
WEAV,Weave Communications Inc. Common Stock,7.36,7.380000114440918,7.380000114440918,7.369999885559082,7.380000114440918,588793516.0,786960,Technology
BXC,Bluelinx Holdings Inc. Common Stock,74.6,75.93000030517578,77.33000183105469,74.41999816894531,74.81999969482422,586372188.0,255875,Consumer Discretionary
ENVX,Enovix Corporation Common Stock,2.67,2.700000047683716,2.740000009536743,2.6600000858306885,2.700000047683716,585927588.0,4629426,Miscellaneous
FAC,Factorial Energy Inc. Class A Common Stock,5.47,5.599999904632568,5.609000205993652,5.400000095367432,5.460000038146973,585417150.0,345222,Miscellaneous
GCBC,Greene County Bancorp Inc. Common Stock,34.33,34.45000076293945,34.68000030517578,34.150001525878906,34.369998931884766,584484900.0,29416,Finance
WHFCL,WhiteHorse Finance Inc. 7.875% Notes due 2028,25.079,25.077999114990234,25.079999923706055,25.02199935913086,25.031999588012695,582913404.0,844,Uncategorized
ADTN,ADTRAN Holdings Inc. Common Stock,7.15,7.199999809265137,7.639999866485596,7.170000076293945,7.619999885559082,582592060.0,1782076,Utilities
PRME,Prime Medicine Inc. Common Stock,3.21,3.559999942779541,3.7179999351501465,3.259999990463257,3.5,582219708.0,4716953,Health Care
EFSCP,Enterprise Financial Services Corporation Depositary Shares Each Representing a 1/40th Interest in a Share of 5% Fixed Rate Non-Cumulative Perpetual Preferred Stock Series A,16.02,16.110000610351562,16.149999618530273,16.0,16.079999923706055,579804170.0,8799,Finance
OOMA,Ooma Inc. Common Stock,21.0,20.600000381469727,21.079999923706055,19.530000686645508,19.860000610351562,579600000.0,475923,Technology
VEL,Velocity Financial Inc. Common Stock,14.63,14.720000267028809,14.970000267028809,14.529999732971191,14.869999885559082,577613716.0,160672,Finance
IIIN,Insteel Industries Inc. Common Stock,29.77,29.950000762939453,30.3700008392334,29.8700008392334,30.170000076293945,576295013.0,101304,Industrials
SFST,Southern First Bancshares Inc. Common Stock,60.67,60.70000076293945,61.31999969482422,60.380001068115234,60.439998626708984,574651376.0,50873,Finance
AQST,Aquestive Therapeutics Inc. Common Stock,4.57,4.619999885559082,4.644999980926514,4.460000038146973,4.610000133514404,573588231.0,1092987,Health Care
HY,Hyster-Yale Inc. Class A common stock,31.94,32.36000061035156,32.36000061035156,31.350000381469727,32.130001068115234,572696561.0,112620,Industrials
BME,Blackrock Health Sciences Trust,42.85,42.900001525878906,43.130001068115234,42.27000045776367,42.56999969482422,571319821.0,49711,Finance
EBF,Ennis Inc. Common Stock,22.58,22.690000534057617,22.780000686645508,22.399999618530273,22.559999465942383,571234982.0,160553,Consumer Discretionary
WNC,Wabash National Corporation Common Stock,13.99,14.15999984741211,14.399999618530273,13.869999885559082,13.869999885559082,569913050.0,1145910,Industrials
BWB,Bridgewater Bancshares Inc. Common Stock,20.43,20.520000457763672,20.600000381469727,20.34000015258789,20.3700008392334,569666504.0,142615,Finance
CRMD,CorMedix Inc. Common Stock,7.26,7.380000114440918,7.400000095367432,7.130000114440918,7.28000020980835,565875792.0,1257362,Health Care
XMAX,XMAX Inc. Common Stock,8.71,8.6899995803833,8.819999694824219,8.640000343322754,8.760000228881836,565066702.0,399109,Consumer Discretionary
NRDS,NerdWallet Inc. Class A Common Stock,8.83,8.869999885559082,8.920000076293945,8.774999618530273,8.859999656677246,564441626.0,727779,Technology
IPX,IperionX Limited American Depositary Share,16.61,16.8799991607666,17.3700008392334,16.84000015258789,17.010000228881836,563716940.0,151635,Basic Materials
BHFAM,Brighthouse Financial Inc. Depositary shares each representing a 1/1000th Interest in a Share of 4.625% Non-Cumulative Preferred Stock Series D,9.79,9.8149995803833,9.970000267028809,9.8149995803833,9.869999885559082,563038202.0,11571,Finance
ALOY,REalloys Inc. Common Stock,8.11,8.130000114440918,8.380000114440918,8.050000190734863,8.119999885559082,562987530.0,882459,Basic Materials
CTMX,CytomX Therapeutics Inc. Common Stock,2.58,2.609999895095825,2.630000114440918,2.505000114440918,2.559999942779541,562180153.0,1767328,Health Care
VMO,Invesco Municipal Opportunity Trust Common Stock,8.33,8.329999923706055,8.510000228881836,8.329999923706055,8.4399995803833,561780906.0,438237,Finance
CTGO,Contango Silver & Gold Inc. Common Stock,16.78,16.8799991607666,17.15999984741211,16.600000381469727,17.15999984741211,561134795.0,273467,Basic Materials
RMR,The RMR Group Inc. Class A Common Stock,17.44,17.459999084472656,17.780000686645508,17.40999984741211,17.6299991607666,559479141.0,140327,Consumer Discretionary
PANL,Pangaea Logistics Solutions Ltd. Common Shares,8.53,8.529999732971191,8.555000305175781,8.329999923706055,8.40999984741211,558491275.0,581175,Consumer Discretionary
CIVB,Civista Bancshares Inc. Common Stock,26.82,26.899999618530273,27.110000610351562,26.639999389648438,26.709999084472656,557701463.0,93087,Finance
BTBT,Bit Digital Inc. Ordinary Shares,1.54,1.559999942779541,1.6050000190734863,1.5099999904632568,1.5199999809265137,555375595.0,18970497,Finance
ITIC,Investors Title Company Common Stock,293.39,293.3900146484375,296.7799987792969,292.010009765625,293.2300109863281,553919146.0,37860,Finance
HNST,The Honest Company Inc. Common Stock,5.15,5.190000057220459,5.210000038146973,5.019999980926514,5.03000020980835,552514552.0,1092673,Consumer Discretionary
NVEC,NVE Corporation Common Stock,114.13,115.37000274658203,117.6500015258789,113.5,116.52999877929688,552065756.0,90496,Technology
DCTH,Delcath Systems Inc. Common Stock,15.87,15.869999885559082,15.90999984741211,15.260000228881836,15.40999984741211,550669877.0,428019,Health Care
TLRY,Tilray Brands Inc. Common Stock ,3.72,3.740000009536743,3.8399999141693115,3.700000047683716,3.7799999713897705,549749565.0,4367250,Health Care
SBC,SBC Medical Group Holdings Incorporated Common Stock,5.34,5.369999885559082,5.510000228881836,5.309999942779541,5.329999923706055,549202676.0,344029,Health Care
UNTY,Unity Bancorp Inc. Common Stock,54.67,55.060001373291016,55.5099983215332,55.0,55.22999954223633,549027739.0,34789,Finance
MEI,Methode Electronics Inc. Common Stock,15.4,15.5,15.600000381469727,15.0600004196167,15.100000381469727,548933816.0,428782,Technology
NRIM,Northrim BanCorp Inc Common Stock,24.67,24.84000015258789,25.06999969482422,24.579999923706055,24.649999618530273,548778377.0,111482,Finance
KELYA,Kelly Services Inc. Class A Common Stock,15.8,15.779999732971191,15.899999618530273,15.539999961853027,15.5600004196167,548764699.0,203602,Consumer Discretionary
SENS,Senseonics Holdings Inc. Common Stock,10.31,10.380000114440918,10.550000190734863,9.871000289916992,9.960000038146973,545131486.0,709611,Health Care
TMS,Teamshares Inc. Common Stock,7.4,7.429999828338623,7.804999828338623,7.269999980926514,7.420000076293945,545087818.0,85020,Uncategorized
WTI,W&T Offshore Inc. Common Stock,3.6,3.5899999141693115,3.6600000858306885,3.5299999713897705,3.5899999141693115,543394627.0,3509669,Energy
PHAT,Phathom Pharmaceuticals Inc. Common Stock,6.7,6.75,6.800000190734863,6.519999980926514,6.78000020980835,542036258.0,1104749,Health Care
MGR,Affiliated Managers Group Inc. 5.875% Junior Subordinated Notes due 2059,19.06,18.760000228881836,19.290000915527344,18.760000228881836,18.829999923706055,541533921.0,47600,Finance
NCDL,Nuveen Churchill Direct Lending Corp. Common Stock,10.94,10.9399995803833,11.024999618530273,10.829999923706055,10.899999618530273,540294491.0,286886,Uncategorized
BWBBP,Bridgewater Bancshares Inc. Depositary Shares Each Representing a 1/100th Interest in a Share of 5.875% Non-Cumulative Perpetual Preferred Stock Series A,19.3499,19.360000610351562,19.360000610351562,19.360000610351562,19.360000610351562,539549187.0,699,Finance
ETD,Ethan Allen Interiors Inc. Common Stock,21.08,21.18000030517578,21.299999237060547,20.989999771118164,21.06999969482422,531268763.0,510274,Consumer Discretionary
BSVN,Bank7 Corp. Common stock,55.77,55.95000076293945,56.47999954223633,55.54999923706055,55.68000030517578,531256989.0,28345,Finance
NPB,Northpointe Bancshares Inc. Common Stock,15.36,15.460000038146973,15.767999649047852,15.460000038146973,15.550000190734863,531177093.0,214121,Finance
HBCP,Home Bancorp Inc. Common Stock,67.37,67.69000244140625,67.69000244140625,67.08999633789062,67.20999908447266,530252428.0,87113,Finance
MASS,908 Devices Inc. Common Stock,12.8,12.850000381469727,13.347999572753906,12.25,12.329999923706055,529071424.0,419471,Industrials
SWRD,Stewards Inc Common Stock,2.34,2.2899999618530273,2.7100000381469727,2.259999990463257,2.6500000953674316,527963967.0,269478,Finance
BWFG,Bankwell Financial Group Inc. Common Stock,66.15,66.25,66.58999633789062,65.80000305175781,65.83000183105469,527345948.0,53555,Finance
MNPR,Monopar Therapeutics Inc. Common Stock,78.29,78.04000091552734,82.66000366210938,75.32499694824219,79.56999969482422,525495946.0,128274,Health Care
MSBIP,Midland States Bancorp Inc. Depositary Shares Each Representing a 1/40th Interest in a Share of 7.750% Fixed-Rate Reset Non-Cumulative Perpetual Preferred Stock Series A,25.32,25.34000015258789,25.34000015258789,25.309999465942383,25.329999923706055,525443476.0,5842,Finance
SLDP,Solid Power Inc. Class A Common Stock,2.3,2.3450000286102295,2.384999990463257,2.315000057220459,2.3499999046325684,524816788.0,1958221,Miscellaneous
GENVR,Gen Digital Inc. Contingent Value Rights,0.87,1.0640000104904175,1.2100000381469727,0.8500000238418579,1.0099999904632568,520770718.0,3042,Technology
ALT,Altimmune Inc. Common Stock,2.67,2.700000047683716,2.700000047683716,2.640000104904175,2.6700000762939453,519362262.0,3839581,Health Care
CARS,Cars.com Inc. Common Stock ,9.7,9.800000190734863,9.800000190734863,9.3149995803833,9.449999809265137,519267326.0,1034498,Technology
HUYA,HUYA Inc. American depositary shares each  representing one Class A ordinary share,2.27,2.2699999809265137,2.319999933242798,2.2699999809265137,2.2899999618530273,518391031.0,528580,Technology
ALLO,Allogene Therapeutics Inc. Common Stock,1.5,1.5,1.5,1.4299999475479126,1.4600000381469727,518236322.0,4443340,Health Care
CBIO,Crescent Biopharma Inc. Common Stock,13.94,14.779999732971191,14.930000305175781,13.460000038146973,13.569999694824219,517786524.0,187020,Health Care
OPFI,OppFi Inc. Class A Common Stock,6.04,6.050000190734863,6.190000057220459,5.949999809265137,6.179999828338623,514657812.0,634966,Finance
UHT,Universal Health Realty Income Trust Common Stock,36.92,37.060001373291016,37.529998779296875,36.70000076293945,37.41999816894531,513139413.0,245964,Real Estate
CSV,Carriage Services Inc. Common Stock,32.28,32.54999923706055,32.90999984741211,31.850000381469727,32.88999938964844,512680515.0,148294,Consumer Discretionary
FBRT,Franklin BSP Realty Trust Inc. Common Stock,6.17,6.21999979019165,6.289999961853027,6.079999923706055,6.139999866485596,512390217.0,1716161,Real Estate
RGNX,REGENXBIO Inc. Common Stock,7.76,7.789999961853027,7.840000152587891,7.329999923706055,7.449999809265137,512262370.0,2353649,Health Care
SDHC,Smith Douglas Homes Corp. Class A Common Stock,10.07,10.260000228881836,10.270000457763672,10.0,10.1899995803833,511841797.0,47028,Consumer Discretionary
OIS,Oil States International Inc. Common Stock,8.48,8.470000267028809,8.5,8.149999618530273,8.279999732971191,511535809.0,1046340,Consumer Discretionary
BSRR,Sierra Bancorp Common Stock,39.39,39.56999969482422,39.880001068115234,39.439998626708984,39.47999954223633,510628208.0,61974,Finance
METC,Ramaco Resources Inc. Class A Common Stock,7.995,8.0,8.25,7.880000114440918,8.220000267028809,509147776.0,2196579,Energy
FWRD,Forward Air Corporation Common Stock,15.07,15.180000305175781,15.380000114440918,15.020000457763672,15.260000228881836,509077590.0,525750,Industrials
TCMD,Tactile Systems Technology Inc. Common Stock,22.47,22.520000457763672,22.690000534057617,21.920000076293945,22.190000534057617,508996866.0,352830,Health Care
SD,SandRidge Energy Inc. Common Stock,13.72,13.65999984741211,13.875,13.569999694824219,13.760000228881836,508673061.0,273472,Energy
RFI,Cohen & Steers Total Return Realty Fund Inc. Common Stock,10.34,10.390000343322754,10.5,10.329999923706055,10.479999542236328,508093414.0,130668,Finance
NB,NioCorp Developments Ltd. Common Stock,3.46,3.5,3.549999952316284,3.450000047683716,3.5199999809265137,504639720.0,2201938,Basic Materials
IIM,Invesco Value Municipal Income Trust Common Stock,10.71,10.699999809265137,10.920000076293945,10.699999809265137,10.850000381469727,504102982.0,305793,Finance
OBT,Orange County Bancorp Inc. Common Stock,37.58,37.75,38.279998779296875,37.33000183105469,37.5,503871250.0,57068,Finance
YDES,YD Bio Limited Ordinary Shares,7.11,6.940000057220459,7.099999904632568,5.199999809265137,6.150000095367432,503610870.0,258547,Health Care
WTBA,West Bancorporation Common Stock,29.45,29.59000015258789,29.780000686645508,29.049999237060547,29.530000686645508,501938231.0,76117,Finance
DNUT,Krispy Kreme Inc. Common Stock,2.89,2.9000000953674316,3.049999952316284,2.9000000953674316,3.0199999809265137,501415000.0,1772179,Consumer Staples
AII,American Integrity Insurance Group Inc. Common Stock,25.49,25.790000915527344,26.211999893188477,25.489999771118164,25.770000457763672,499480807.0,107144,Finance
YORW,York Water Company (The) Common Stock,30.775,31.040000915527344,31.1299991607666,30.59000015258789,30.809999465942383,499434580.0,173722,Utilities
PBYI,Puma Biotechnology Inc Common Stock,9.67,9.720000267028809,9.800000190734863,9.430000305175781,9.5,499166038.0,297659,Health Care
ONT,Onterris Inc. Common Stock,14.21,14.270000457763672,14.609999656677246,13.930000305175781,14.520000457763672,499018595.0,816698,Consumer Discretionary
ETO,Eaton Vance Tax-Advantage Global Dividend Opp Common Stock,30.31,30.360000610351562,30.600000381469727,30.260000228881836,30.540000915527344,496724463.0,46597,Finance
BBCP,Concrete Pumping Holdings Inc. Common Stock,9.83,9.829999923706055,10.100000381469727,9.729999542236328,9.9399995803833,495367319.0,71694,Consumer Discretionary
PBAM,Private Bancorp of America Inc. Common Stock,86.35,86.80000305175781,87.08999633789062,85.62999725341797,86.20999908447266,494767194.0,96833,Finance
COFS,ChoiceOne Financial Services Inc. Common Stock,33.05,33.20000076293945,33.31999969482422,33.0099983215332,33.02000045776367,494279936.0,51527,Finance
EOLS,Evolus Inc. Common Stock,7.47,7.46999979019165,7.559999942779541,7.159999847412109,7.380000114440918,493396787.0,786447,Health Care
SGHT,Sight Sciences Inc. Common Stock,8.92,8.979999542236328,9.0,8.489999771118164,8.5600004196167,491384871.0,564950,Health Care
PDLB,Ponce Financial Group Inc. Common Stock,20.28,20.3700008392334,20.5,20.260000228881836,20.34000015258789,490530632.0,95662,Finance
KRUS,Kura Sushi USA Inc. Class A Common Stock,40.37,40.619998931884766,40.97999954223633,38.70000076293945,40.060001373291016,490488879.0,389843,Consumer Discretionary
HBB,Hamilton Beach Brands Holding Company Class A Common Stock ,36.37,36.77000045776367,37.349998474121094,35.08000183105469,35.79999923706055,488897615.0,108308,Consumer Discretionary
QUAD,Quad Graphics Inc Class A Common Stock,9.5,9.5600004196167,9.569999694824219,9.319999694824219,9.390000343322754,488882369.0,242184,Consumer Discretionary
CMCO,Columbus McKinnon Corporation Common Stock,16.92,17.079999923706055,17.34000015258789,16.84000015258789,17.020000457763672,488383008.0,294352,Industrials
ARVN,Arvinas Inc. Common Stock,7.46,7.489999771118164,7.489999771118164,7.28000020980835,7.309999942779541,487780985.0,628608,Health Care
FMAO,Farmers & Merchants Bancorp Inc. Common Stock,35.37,35.380001068115234,35.959999084472656,35.29999923706055,35.34000015258789,487156740.0,64572,Finance
FPI,Farmland Partners Inc. Common Stock,11.15,11.15999984741211,11.229999542236328,10.720000267028809,10.739999771118164,486482550.0,1058358,Real Estate
TKNO,Alpha Teknova Inc. Common Stock,9.0,9.0600004196167,9.411999702453613,8.609999656677246,8.75,483194214.0,480139,Health Care
MCFT,MasterCraft Boat Holdings Inc. Common Stock,19.71,19.799999237060547,19.850000381469727,19.360000610351562,19.40999984741211,479729002.0,121478,Industrials
WEYS,Weyco Group Inc. Common Stock,50.19,50.209999084472656,51.5,50.189998626708984,50.959999084472656,479363837.0,31782,Consumer Staples
CTNM,Contineum Therapeutics Inc. Class A Common Stock,12.72,12.880000114440918,12.880000114440918,12.170000076293945,12.649999618530273,478540799.0,508404,Health Care
GFUZ,General Fusion Group Ltd. Common Shares,7.53,7.510000228881836,7.8460001945495605,7.369999885559082,7.570000171661377,478521869.0,157351,Utilities
OLP,One Liberty Properties Inc. Common Stock,21.92,22.06999969482422,22.31999969482422,22.040000915527344,22.110000610351562,478404526.0,98779,Real Estate
PROK,ProKidney Corp. Class A Ordinary Shares,1.58,1.5800000429153442,1.6100000143051147,1.5549999475479126,1.600000023841858,477669795.0,985944,Health Care
BRSP,BrightSpire Capital Inc. Class A Common Stock,3.77,3.799999952316284,3.799999952316284,3.740000009536743,3.7899999618530273,476996159.0,1861853,Real Estate
GTN,Gray Media Inc. Common Stock,4.63,4.650000095367432,4.679999828338623,4.590000152587891,4.650000095367432,476817693.0,1007913,Industrials
BDN,Brandywine Realty Trust Common Stock,2.73,2.7300000190734863,2.7799999713897705,2.7300000190734863,2.75,476594929.0,1526180,Real Estate
NXRT,NexPoint Residential Trust Inc. Common Stock,18.61,18.889999389648438,20.219999313354492,18.65999984741211,20.18000030517578,475482020.0,781703,Real Estate
ILPT,Industrial Logistics Properties Trust Common Shares of Beneficial Interest,7.11,7.159999847412109,7.28000020980835,7.150000095367432,7.195000171661377,474563214.0,317126,Real Estate
ARKO,ARKO Corp. Common Stock,4.21,4.230000019073486,4.275000095367432,4.139999866485596,4.199999809265137,472301885.0,485886,Consumer Staples
ASPN,Aspen Aerogels Inc. Common Stock,5.69,5.760000228881836,5.925000190734863,5.690000057220459,5.869999885559082,472206181.0,778045,Consumer Discretionary
CIX,CompX International Inc. Common Stock,38.23,38.0,39.0,37.36000061035156,39.0,471630397.0,11820,Consumer Discretionary
CERS,Cerus Corporation Common Stock,2.34,2.369999885559082,2.4100000858306885,2.2899999618530273,2.3399999141693115,471568261.0,1843127,Health Care
VGM,Invesco Trust for Investment Grade Municipals Common Stock (DE),8.68,8.680000305175781,8.819999694824219,8.630000114440918,8.789999961853027,470733482.0,318248,Finance
CWH,Camping World Holdings Inc. Class A Common Stock,4.55,4.519999980926514,4.804999828338623,4.434999942779541,4.53000020980835,469991868.0,7792407,Consumer Discretionary
PUSA,Powerus Corporation Common Stock,2.895,3.009999990463257,3.190000057220459,2.8499999046325684,2.8550000190734863,469695170.0,2963594,Consumer Discretionary
RYAM,Rayonier Advanced Materials Inc. Common Stock,6.94,6.980000019073486,6.989999771118164,6.75,6.789999961853027,469450804.0,1219058,Basic Materials
JOUT,Johnson Outdoors Inc. Class A Common Stock,44.5,44.70000076293945,45.15999984741211,44.0099983215332,44.81999969482422,466345315.0,45802,Consumer Discretionary
ULH,Universal Logistics Holdings Inc. Common Stock,17.63,17.520000457763672,17.559999465942383,16.6299991607666,16.950000762939453,464864402.0,109622,Industrials
VKQ,Invesco Municipal Trust Common Stock,8.4,8.600000381469727,8.600000381469727,8.350000381469727,8.550000190734863,464818326.0,413368,Finance
FTHY,First Trust High Yield Opportunities 2027 Term Fund Common Stock,12.63,12.609999656677246,12.758999824523926,12.609999656677246,12.729999542236328,464442851.0,190655,Finance
ORBS,Eightco Holdings Inc. Common Stock,1.08,1.100000023841858,1.1100000143051147,1.0199999809265137,1.059999942779541,464159592.0,12398112,Finance
ASMB,Assembly Biosciences Inc. Common Stock,22.74,22.84000015258789,22.920000076293945,21.799999237060547,22.18000030517578,462999953.0,241761,Health Care
SPCE,Virgin Galactic Holdings Inc. Common Stock,3.05,3.0799999237060547,3.2200000286102295,3.0329999923706055,3.069999933242798,462367504.0,5754775,Consumer Discretionary
TRTX,TPG RE Finance Trust Inc. Common Stock,6.02,6.070000171661377,6.150000095367432,6.025000095367432,6.050000190734863,462149434.0,1368742,Real Estate
IQI,Invesco Quality Municipal Income Trust Common Stock,8.73,8.739999771118164,8.930000305175781,8.699999809265137,8.890000343322754,461675548.0,306613,Finance
TYG,Tortoise Energy Infrastructure Corporation Common Stock,38.66,38.88999938964844,39.4900016784668,38.84000015258789,39.189998626708984,461132730.0,142237,Finance
ALTI,AlTi Global Inc. Class A Common Stock,2.95,2.9800000190734863,3.0299999713897705,2.869999885559082,2.880000114440918,460033124.0,104223,Finance
NRC,NRC Health Common Stock,20.78,20.860000610351562,20.860000610351562,20.059999465942383,20.079999923706055,459644581.0,117698,Health Care
AMCX,AMC Global Media Inc. Class A Common Stock,11.14,11.140000343322754,11.1899995803833,10.880000114440918,10.979999542236328,459524677.0,610371,Telecommunications
CZNC,Citizens & Northern Corp Common Stock,25.5,25.610000610351562,25.6299991607666,25.43000030517578,25.43000030517578,457339109.0,54340,Finance
OVID,Ovid Therapeutics Inc. Common Stock,2.34,2.4200000762939453,2.440000057220459,2.2699999809265137,2.369999885559082,456996985.0,1200117,Health Care
CCOI,Cogent Communications Holdings Inc.,8.88,8.949999809265137,9.4399995803833,8.850000381469727,9.3100004196167,454795736.0,2434000,Consumer Discretionary
DMAC,DiaMedica Therapeutics Inc. Common Stock,8.42,8.5,8.609999656677246,8.050000190734863,8.130000114440918,454054369.0,231393,Health Care
HQL,abrdn Life Sciences Investors Shares of Beneficial Interest,17.68,17.860000610351562,17.940000534057617,17.049999237060547,17.559999465942383,454015964.0,156934,Finance
NPCE,Neuropace Inc. Common Stock,13.22,13.380000114440918,13.380000114440918,12.65999984741211,12.670000076293945,453766902.0,149448,Health Care
CAPR,Capricor Therapeutics Inc. Common Stock,7.78,7.75,7.889999866485596,7.460000038146973,7.75,452321334.0,6772021,Health Care
MGRB,Affiliated Managers Group Inc. 4.750% Junior Subordinated Notes due 2060,15.91,15.960000038146973,15.960000038146973,15.630000114440918,15.710000038146973,452035922.0,21698,Finance
ETB,Eaton Vance Tax-Managed Buy-Write Income Fund Eaton Vance Tax-Managed Buy-Write Income Fund Common Shares of Beneficial Interest,15.39,15.4399995803833,15.529999732971191,15.40999984741211,15.479999542236328,452025815.0,54921,Finance
TECX,Tectonic Therapeutic Inc. Common Stock,23.11,23.149999618530273,23.270000457763672,21.829999923706055,22.40999984741211,451785848.0,312668,Health Care
OPTU,Optimum Communications Inc. Class A common stock,0.9889,1.0,1.0199999809265137,0.9300000071525574,0.9599999785423279,450527863.0,848237,Telecommunications
TWI,Titan International Inc. (DE) Common Stock,6.98,7.039999961853027,7.159999847412109,7.0,7.03000020980835,450505617.0,347330,Industrials
CLFD,Clearfield Inc. Common Stock,33.16,33.34000015258789,33.79999923706055,33.130001068115234,33.7400016784668,450443948.0,136210,Utilities
ASPI,ASP Isotopes Inc. Common Stock,2.93,2.930000066757202,3.0,2.7899999618530273,2.8499999046325684,449196483.0,5265373,Industrials
IPI,Intrepid Potash Inc Common Stock,33.38,33.29999923706055,34.099998474121094,33.0,33.529998779296875,449183778.0,171686,Industrials
MBUU,Malibu Boats Inc. Class A Common Stock,22.78,22.899999618530273,23.450000762939453,22.639999389648438,22.760000228881836,448248347.0,294054,Industrials
XRN,Chiron Real Estate Inc. Common Stock,33.81,33.75,34.47999954223633,33.75,34.279998779296875,447571032.0,127659,Real Estate
ASIX,AdvanSix Inc. Common Stock ,16.48,16.59000015258789,16.809999465942383,16.450000762939453,16.700000762939453,444979545.0,261490,Industrials
FRBA,First Bank Common Stock,17.69,17.760000228881836,17.8799991607666,17.649999618530273,17.649999618530273,444627589.0,117876,Finance
AHRT,AH Realty Trust Inc. Common Stock,5.96,6.010000228881836,6.059999942779541,5.980000019073486,6.039999961853027,444574232.0,806436,Finance
BMRC,Bank of Marin Bancorp Common Stock,27.42,27.549999237060547,27.739999771118164,27.31999969482422,27.399999618530273,444046280.0,85958,Finance
MRAM,Everspin Technologies Inc. Common Stock,18.22,18.31999969482422,18.5,17.700000762939453,17.760000228881836,443657164.0,787674,Technology
RBB,RBB Bancorp Common Stock,26.22,26.290000915527344,26.40999984741211,26.0049991607666,26.100000381469727,443536576.0,74083,Finance
SPIR,Spire Global Inc. Class A Common Stock,10.89,10.800000190734863,11.180000305175781,10.699999809265137,10.979999542236328,442377620.0,641663,Consumer Discretionary
IDR,Idaho Strategic Resources Inc. Common Stock,27.87,27.75,28.01300048828125,27.270000457763672,27.59000015258789,441075358.0,281933,Basic Materials
ACIC,American Coastal Insurance Corporation Common Stock,9.28,9.319999694824219,9.4399995803833,9.25,9.420000076293945,438682564.0,261153,Finance
LOCO,El Pollo Loco Holdings Inc. Common Stock,14.4,14.420000076293945,14.520000457763672,14.329999923706055,14.390000343322754,438234293.0,212911,Consumer Discretionary
MYGN,Myriad Genetics Inc. Common Stock,4.58,4.619999885559082,4.829999923706055,4.21999979019165,4.28000020980835,438075374.0,2759940,Health Care
AVBC,Avidia Bancorp Inc. Common Stock,21.93,21.989999771118164,22.325000762939453,21.979999542236328,22.200000762939453,437948811.0,121478,Finance
TRC,Tejon Ranch Co Common Stock,16.18,16.200000762939453,16.469999313354492,16.170000076293945,16.329999923706055,437206964.0,80082,Finance
VRRM,Verra Mobility Corporation Class A Common Stock,2.87,2.890000104904175,2.9000000953674316,2.7699999809265137,2.819999933242798,436190647.0,7650791,Consumer Discretionary
HVT,Haverty Furniture Companies Inc. Common Stock,27.89,27.950000762939453,28.049999237060547,27.6299991607666,27.920000076293945,434906229.0,116496,Consumer Discretionary
RLGT,Radiant Logistics Inc. Common Stock,9.25,9.34000015258789,9.550000190734863,9.149999618530273,9.3100004196167,433771998.0,156393,Industrials
NGS,Natural Gas Services Group Inc. Common Stock,33.58,33.720001220703125,34.11000061035156,32.970001220703125,34.060001373291016,433124410.0,159545,Energy
CBAN,Colony Bankcorp Inc. Common Stock,20.41,20.520000457763672,20.670000076293945,20.3700008392334,20.43000030517578,433119896.0,112631,Finance
ATNI,ATN International Inc. Common Stock,28.1,28.18000030517578,28.770000457763672,27.959999084472656,28.34000015258789,432834332.0,96555,Telecommunications
RWT,Redwood Trust Inc. Common Stock,3.44,3.490000009536743,3.5299999713897705,3.430000066757202,3.440000057220459,432106766.0,2749245,Real Estate
GLAD,Gladstone Capital Corporation Common Stock,19.12,19.139999389648438,19.15999984741211,18.81999969482422,18.850000381469727,431979479.0,161525,Consumer Discretionary
AMSF,AMERISAFE Inc. Common Stock,23.28,23.229999542236328,23.690000534057617,23.219999313354492,23.600000381469727,431519430.0,475627,Finance
PBFS,Pioneer Bancorp Inc. Common Stock,17.37,17.399999618530273,17.790000915527344,17.329999923706055,17.53499984741211,431499686.0,32879,Finance
PLBC,Plumas Bancorp,61.76,61.86000061035156,62.310001373291016,59.970001220703125,61.70000076293945,429788828.0,32366,Finance
CBK,Commercial Bancgroup Inc. Common Stock,31.275,31.260000228881836,31.674999237060547,31.040000915527344,31.43000030517578,428507219.0,32826,Finance
EDIT,Editas Medicine Inc. Common Stock,2.79,2.8499999046325684,2.8949999809265137,2.7149999141693115,2.7300000190734863,428488298.0,3019236,Health Care
RILYL,BRC Group Holdings Inc. Depositary Shares each representing 1/1000th in a share of 7.375% Series B Cumulative Perpetual Preferred Stock par value $0.0001,10.63,10.524999618530273,10.524999618530273,9.5,9.600000381469727,427323396.0,760,Finance
FOSL,Fossil Group Inc. Common Stock,7.22,7.170000076293945,7.300000190734863,7.039999961853027,7.059999942779541,426976735.0,1613971,Consumer Discretionary
SPRY,ARS Pharmaceuticals Inc. Common Stock,4.29,4.309999942779541,4.309999942779541,4.079999923706055,4.295000076293945,426629101.0,1621634,Health Care
MNRO,Monro Inc. Common Stock,13.64,13.550000190734863,13.949999809265137,13.529999732971191,13.670000076293945,426441778.0,817800,Consumer Discretionary
SRTA,Strata Critical Medical Inc. Class A Common Stock,4.81,4.840000152587891,4.855000019073486,4.71999979019165,4.75,425525337.0,1160896,Health Care
EVGO,EVgo Inc. Class A Common Stock,1.35,1.3600000143051147,1.3600000143051147,1.3200000524520874,1.3200000524520874,424596222.0,3024986,Consumer Discretionary
PRTA,Prothena Corporation plc Ordinary Shares,8.27,8.279999732971191,8.279999732971191,7.800000190734863,8.020000457763672,424556775.0,714541,Health Care
GNE,Genie Energy Ltd. Class B Common Stock Stock,16.11,16.239999771118164,16.549999237060547,16.239999771118164,16.420000076293945,424009127.0,125338,Utilities
VCV,Invesco California Value Municipal Income Trust Common Stock,8.84,8.800000190734863,8.989999771118164,8.770000457763672,8.949999809265137,423352241.0,316219,Finance
SGU,Star Group L.P. Common Stock,12.9,12.9399995803833,13.020000457763672,12.880000114440918,12.9399995803833,423264686.0,20146,Consumer Discretionary
SERV,Serve Robotics Inc. Common Stock,4.88,4.889999866485596,4.920000076293945,4.730000019073486,4.769999980926514,423132634.0,2687728,Industrials
CAL,Caleres Inc. Common Stock,12.25,12.350000381469727,12.539999961853027,12.0600004196167,12.460000038146973,422685968.0,380911,Consumer Discretionary
GUT,Gabelli Utility Trust (The) Common Stock,5.72,5.78000020980835,5.909999847412109,5.730000019073486,5.800000190734863,419842446.0,191569,Finance
ACTG,Acacia Research Corporation (Acacia Tech) Common Stock,4.3,4.300000190734863,4.380000114440918,4.239999771118164,4.369999885559082,419623262.0,101620,Miscellaneous
RZLT,Rezolute Inc. Common Stock (NV),4.33,4.639999866485596,4.639999866485596,4.150000095367432,4.320000171661377,418807702.0,4197572,Health Care
CTEV,Claritev Corporation Class A Common Stock,24.68,25.049999237060547,25.049999237060547,23.010000228881836,24.09000015258789,418263387.0,223346,Consumer Discretionary
MAGN,Magnera Corporation Common Stock,11.68,11.779999732971191,11.819999694824219,11.569999694824219,11.710000038146973,418144000.0,457588,Basic Materials
MEC,Mayville Engineering Company Inc. Common Stock,16.39,16.600000381469727,17.200000762939453,16.299999237060547,16.459999084472656,417950425.0,431282,Industrials
VHI,Valhi Inc. Common Stock,14.75,14.630000114440918,15.119999885559082,14.630000114440918,15.119999885559082,417737597.0,11571,Basic Materials
CARL,Carlsmed Inc. Common Stock,15.3,15.430000305175781,15.430000305175781,14.555000305175781,14.640000343322754,417731968.0,130674,Health Care
LAND,Gladstone Land Corporation Common Stock,9.68,9.680000305175781,9.84000015258789,9.600000381469727,9.65999984741211,417562027.0,553998,Real Estate
TWIN,Twin Disc Incorporated Common Stock,28.72,29.09000015258789,29.139999389648438,28.489999771118164,28.559999465942383,417557668.0,89227,Industrials
BLW,Blackrock Limited Duration Income Trust,11.68,11.739999771118164,11.850000381469727,11.6899995803833,11.8100004196167,417107435.0,482841,Consumer Discretionary
NATH,Nathan's Famous Inc. Common Stock,101.52,101.5,101.94000244140625,101.5,101.83999633789062,415994545.0,26294,Consumer Discretionary
USCB,USCB Financial Holdings Inc. Class A Common Stock,22.44,22.540000915527344,22.68000030517578,22.260000228881836,22.299999237060547,414567107.0,85845,Finance
MNTK,Montauk Renewables Inc. Common Stock,2.91,2.940000057220459,2.9800000190734863,2.609999895095825,2.6600000858306885,414212714.0,1811791,Utilities
AVIR,Atea Pharmaceuticals Inc. Common Stock,5.13,5.159999847412109,5.190000057220459,4.980000019073486,5.070000171661377,411450106.0,293617,Health Care
RCEL,Avita Medical Inc. Common Stock,13.25,13.380000114440918,13.5,12.390000343322754,12.989999771118164,409780723.0,420822,Health Care
RILYP,BRC Group Holdings Inc. Depositary Shares each representing a 1/1000th fractional interest in a share of Series A Cumulative Perpetual Preferred Stock,10.1899,10.1899995803833,10.1899995803833,9.0,9.25,409631483.0,638,Finance
EIKN,Eikon Therapeutics Inc. Common Stock,7.54,7.670000076293945,7.840000152587891,7.429999828338623,7.510000228881836,408404326.0,485367,Health Care
EVH,Evolent Health Inc Class A Common Stock,3.61,3.6600000858306885,3.869999885559082,3.630000114440918,3.8399999141693115,408144199.0,1341873,Consumer Discretionary
SI,Shoulder Innovations Inc. Common Stock,19.6,19.559999465942383,19.90999984741211,19.030000686645508,19.139999389648438,408051557.0,148107,Health Care
USDE,StablecoinX Inc. Class A Common Stock,14.96,13.949999809265137,15.109999656677246,13.899999618530273,14.329999923706055,406719450.0,4776585,Finance
ISTR,Investar Holding Corporation Common Stock,29.36,29.350000381469727,29.674999237060547,29.290000915527344,29.299999237060547,404493483.0,69770,Finance
MGRD,Affiliated Managers Group Inc. 4.200% Junior Subordinated Notes due 2061,14.1916,14.130000114440918,14.274999618530273,14.0600004196167,14.0600004196167,403212633.0,10079,Finance
ACCO,Acco Brands Corporation Common Stock,4.34,4.360000133514404,4.440000057220459,4.360000133514404,4.369999885559082,400614845.0,538421,Consumer Discretionary
BNED,Barnes & Noble Education Inc Common Stock,11.54,11.539999961853027,11.729999542236328,11.53499984741211,11.640000343322754,400033869.0,147881,Consumer Discretionary
HCMA,HCM III Acquisition Corp. Class A Ordinary Share,10.3,10.300000190734863,10.300000190734863,10.300000190734863,10.300000190734863,399768750.0,10217,Consumer Discretionary
CTRN,Citi Trends Inc. Common Stock,47.86,48.16999816894531,49.7400016784668,47.7599983215332,49.189998626708984,399125933.0,77013,Consumer Discretionary
TCI,Transcontinental Realty Investors Inc. Common Stock,45.46,44.5,45.93000030517578,44.5,45.119998931884766,398864449.0,18274,Real Estate
BOC,Boston Omaha Corporation Class A Common Stock,13.22,13.289999961853027,13.289999961853027,12.949999809265137,13.020000457763672,398273203.0,211077,Finance
GREEL,Vulcan Infrastructure and Power Inc. 8.50% Senior Notes due 2026,25.38,25.364999771118164,25.3799991607666,25.360000610351562,25.360000610351562,397791323.0,9691,Finance
IMSR,Terrestrial Energy Inc. Common Stock  ,3.75,3.799999952316284,4.090000152587891,3.799999952316284,3.930000066757202,397257203.0,1197120,Industrials
VITL,Vital Farms Inc. Common Stock,9.25,9.25,9.590999603271484,9.111000061035156,9.399999618530273,397116579.0,1777523,Consumer Staples
XRX,Xerox Holdings Corporation Common Stock,3.02,3.0399999618530273,3.059999942779541,2.9100000858306885,2.930000066757202,396569823.0,3016971,Technology
FVR,FrontView REIT Inc. Common Stock,16.2,16.280000686645508,16.739999771118164,16.1200008392334,16.40999984741211,396186439.0,235070,Real Estate
SAZ,Saratoga Investment Corp 8.50% Notes due 2028,25.27,25.299999237060547,25.329999923706055,25.25,25.280000686645508,395933670.0,9355,Finance
SAJ,Saratoga Investment Corp 8.00% Notes due 2027,25.24,25.26099967956543,25.26099967956543,25.26099967956543,25.26099967956543,395463626.0,116,Finance
CHMG,Chemung Financial Corp Common Stock,81.91,82.26000213623047,82.80000305175781,81.44999694824219,81.62000274658203,394926772.0,97095,Finance
SAY,Saratoga Investment Corp 8.125% Notes due 2027,25.2034,25.239999771118164,25.264999389648438,25.200000762939453,25.264999389648438,394890173.0,4453,Finance
OPTX,Syntec Optics Holdings Inc. Class A Common Stock,9.8,9.869999885559082,10.100000381469727,9.734999656677246,9.819999694824219,394742804.0,1002484,Technology
STRZ,Starz Entertainment Corp. Common Shares,23.03,23.280000686645508,23.489999771118164,22.8799991607666,23.18000030517578,394369658.0,133562,Consumer Discretionary
AGEN,Agenus Inc. Common Stock,8.73,8.489999771118164,8.489999771118164,7.46999979019165,7.489999771118164,394263527.0,956492,Health Care
IIIV,i3 Verticals Inc. Class A Common Stock,14.97,15.029999732971191,15.109999656677246,14.6899995803833,14.960000038146973,394040475.0,380983,Technology
PCB,PCB Bancorp Common Stock,28.03,28.149999618530273,28.5,28.020000457763672,28.100000381469727,393670194.0,31575,Finance
CPS,Cooper-Standard Holdings Inc. Common Stock,22.03,22.239999771118164,22.469999313354492,21.979999542236328,22.190000534057617,391455652.0,167587,Consumer Discretionary
KYTX,Kyverna Therapeutics Inc. Common Stock,6.32,6.380000114440918,6.449999809265137,6.130000114440918,6.159999847412109,390850566.0,813501,Health Care
RMNI,Rimini Street Inc. (DE) Common Stock,4.18,4.269999980926514,4.275000095367432,4.090000152587891,4.110000133514404,390228080.0,322566,Consumer Discretionary
CYH,Community Health Systems Inc. Common Stock,2.76,2.7899999618530273,2.819999933242798,2.7300000190734863,2.740000009536743,389185825.0,1168612,Health Care
FSTR,L.B. Foster Company Common Stock,36.95,37.13999938964844,37.29999923706055,35.939998626708984,36.099998474121094,388705243.0,121139,Industrials
MVBF,MVB Financial Corp. Common Stock,29.92,30.049999237060547,30.190000534057617,29.649999618530273,29.84000015258789,387987809.0,71456,Finance
RR,Richtech Robotics Inc. Class B Common Stock,1.72,1.7400000095367432,1.75,1.659999966621399,1.6699999570846558,387175342.0,4518888,Industrials
FNLC,First Bancorp Inc  (ME) Common Stock,34.21,33.9900016784668,34.119998931884766,33.5,33.75,385968851.0,76146,Finance
GCO,Genesco Inc. Common Stock,35.66,35.7599983215332,36.349998474121094,35.40999984741211,36.13999938964844,385846620.0,142204,Consumer Discretionary
OPRT,Oportun Financial Corporation Common Stock,8.38,8.460000038146973,8.5,8.199999809265137,8.319999694824219,385373180.0,844907,Finance
PKBK,Parke Bancorp Inc. Common Stock,32.76,32.849998474121094,33.4900016784668,32.560001373291016,32.779998779296875,385305757.0,40278,Finance
FRST,Primis Financial Corp. Common Stock,15.51,15.529999732971191,15.710000038146973,15.100000381469727,15.479999542236328,384633607.0,92729,Finance
FRPH,FRP Holdings Inc. Common Stock,20.03,20.040000915527344,20.31999969482422,20.0,20.25,384541969.0,116249,Finance
CHCT,Community Healthcare Trust Incorporated Common Stock,13.36,13.399999618530273,13.640000343322754,13.399999618530273,13.630000114440918,382815329.0,593945,Real Estate
ATLCL,Atlanticus Holdings Corporation 6.125% Senior Notes due 2026,25.306,25.30500030517578,25.31999969482422,25.299999237060547,25.30500030517578,382764612.0,3335,Finance
CZFS,Citizens Financial Services Inc. Common Stock,79.52,79.73999786376953,81.0,78.88999938964844,79.6500015258789,382479670.0,27645,Finance
KPLT,Katapult Holdings Inc. Common Stock,4.5,4.458000183105469,4.514999866485596,4.239999771118164,4.289999961853027,381820748.0,182883,Consumer Discretionary
TACO,Berto Acquisition Corp. Ordinary Shares,10.46,10.460000038146973,10.46500015258789,10.460000038146973,10.460000038146973,381185747.0,34992,Finance
VGZ,Vista Gold Corp Common Stock,2.61,2.619999885559082,2.700000047683716,2.549999952316284,2.680000066757202,380985213.0,4130267,Basic Materials
VALU,Value Line Inc. Common Stock,40.6,40.0,41.0,40.0,41.0,380913179.0,2070,Finance
GLOO,Gloo Holdings Inc. Class A Common Stock,4.16,4.195000171661377,4.210000038146973,3.9700000286102295,3.990000009536743,380769131.0,718361,Technology
ATLCZ,Atlanticus Holdings Corporation 9.25% Senior Notes due 2029,25.14,25.139999389648438,25.209999084472656,25.1299991607666,25.1299991607666,380253788.0,15341,Finance
OXM,Oxford Industries Inc. Common Stock,25.38,25.690000534057617,26.059999465942383,24.93000030517578,25.489999771118164,380148594.0,925908,Industrials
AIOT,PowerFleet Inc. Common Stock,2.82,2.8399999141693115,2.8399999141693115,2.700000047683716,2.7100000381469727,378517089.0,1358135,Telecommunications
DIN,Dine Brands Global Inc. Common Stock,29.86,29.920000076293945,30.530000686645508,29.40999984741211,29.520000457763672,378002219.0,1051748,Consumer Discretionary
GALT,Galectin Therapeutics Inc. Common Stock,3.73,3.75,3.7899999618530273,3.569999933242798,3.759999990463257,376905847.0,280848,Health Care
SVIA,Silvia Inc. Common Stock,4.47,4.449999809265137,4.489999771118164,4.090000152587891,4.179999828338623,376867667.0,2633233,Finance
SOR,Source Capital Inc. Cmn Shs of BI,44.96,45.970001220703125,45.970001220703125,44.54999923706055,45.0099983215332,375167956.0,10397,Finance
ORN,Orion Group Holdings Inc. Common,9.26,9.380000114440918,9.640000343322754,9.300000190734863,9.359999656677246,374986385.0,323877,Industrials
RNGR,Ranger Energy Services Inc. Class A Common Stock,15.99,16.0,16.0,15.579999923706055,15.649999618530273,374198348.0,155934,Energy
SLP,Simulations Plus Inc. Common Stock,18.5,18.5,18.5,18.5,18.5,374159503.0,625332,Technology
FENC,Fennec Pharmaceuticals Inc. Common Stock,10.62,10.640000343322754,10.65999984741211,10.149999618530273,10.350000381469727,372061080.0,118034,Health Care
EBS,Emergent BioSolutions Inc. Common Stock,7.24,7.159999847412109,7.269999980926514,6.75,6.949999809265137,371218953.0,2347665,Health Care
RLMD,Relmada Therapeutics Inc. Common Stock,3.48,3.5,3.5,3.265000104904175,3.2799999713897705,371211064.0,1282555,Health Care
TTRX,Turn Therapeutics Inc. Common Stock,12.36,12.350000381469727,12.420000076293945,11.569999694824219,11.640000343322754,368180174.0,111354,Health Care
NWFL,Norwood Financial Corp. Common Stock,33.76,33.849998474121094,34.36000061035156,33.849998474121094,34.06999969482422,368054018.0,31417,Finance
CCCC,C4 Therapeutics Inc. Common Stock,2.99,3.0199999809265137,3.0299999713897705,2.7899999618530273,2.880000114440918,367845157.0,1463604,Health Care
NUAIW,New Era Energy & Digital Inc. Warrants,3.45,3.434999942779541,3.5250000953674316,3.2950000762939453,3.2950000762939453,367629720.0,1437,Energy
ENTA,Enanta Pharmaceuticals Inc. Common Stock,12.6,12.65999984741211,12.65999984741211,11.970000267028809,12.170000076293945,366980065.0,218891,Health Care
JILL,J. Jill Inc. Common Stock,24.62,24.760000228881836,25.03499984741211,24.110000610351562,24.760000228881836,365926494.0,466742,Consumer Discretionary
NECB,NorthEast Community Bancorp Inc. Common Stock,26.51,26.549999237060547,27.139999389648438,26.549999237060547,26.780000686645508,364938224.0,32549,Finance
MCI,Barings Corporate Investors Common Stock,18.0,18.06999969482422,18.440000534057617,17.719999313354492,17.950000762939453,364710942.0,17230,Finance
IRD,Opus Genetics Inc. Common Stock,4.38,4.46999979019165,4.480000019073486,4.190000057220459,4.380000114440918,364397705.0,2537874,Health Care
SUJA,Suja Life Inc. Class A Common Stock,9.43,9.470000267028809,10.270000457763672,9.369999885559082,10.25,364233863.0,236875,Consumer Staples
OBIO,Orchestra BioMed Holdings Inc. Ordinary Shares,6.03,6.050000190734863,6.119999885559082,5.820000171661377,5.840000152587891,362433445.0,284809,Health Care
CRNC,Cerence Inc. Common Stock,8.0,8.079999923706055,8.15999984741211,8.0,8.069999694824219,361842056.0,856701,Technology
FLXS,Flexsteel Industries Inc. Common Stock,88.05,88.05000305175781,88.83000183105469,84.4800033569336,87.80999755859375,360277795.0,49969,Consumer Discretionary
EVN,Eaton Vance Municipal Income Trust Common Stock,9.07,9.09000015258789,9.239999771118164,9.039999961853027,9.170000076293945,359781168.0,277346,Finance
GBLI,Global Indemnity Group LLC Class A Common Stock ,24.515,24.280000686645508,24.280000686645508,24.030000686645508,24.030000686645508,358914652.0,8013,Finance
MOVE,Corvex Inc. Common Stock,11.35,11.350000381469727,11.449999809265137,10.520000457763672,10.59000015258789,358118321.0,93232,Technology
SFIX,Stitch Fix Inc. Class A Common Stock,2.68,2.690000057220459,2.7049999237060547,2.615000009536743,2.6700000762939453,358057881.0,3590171,Consumer Discretionary
WSBF,Waterstone Financial Inc. Common Stock (MD),19.9,19.889999389648438,20.020000457763672,19.670000076293945,19.8700008392334,357742857.0,66990,Finance
ATLCP,Atlanticus Holdings Corporation 7.625% Series B Cumulative Perpetual Preferred Stock no par value per share,23.532,23.600000381469727,23.725000381469727,23.5,23.5,356981334.0,4576,Finance
KREF,KKR Real Estate Finance Trust Inc. Common Stock,6.08,6.079999923706055,6.269999980926514,6.025000095367432,6.260000228881836,356153924.0,810400,Real Estate
IMXI,International Money Express Inc. Common Stock,11.78,11.859999656677246,12.234999656677246,11.774999618530273,12.09000015258789,355892966.0,686502,Consumer Discretionary
BCBP,BCB Bancorp Inc. (NJ) Common Stock,8.46,8.5,8.520000457763672,8.3100004196167,8.3100004196167,353220414.0,529872,Finance
OCGN,Ocugen Inc. Common Stock,1.04,1.0499999523162842,1.1200000047683716,1.0399999618530273,1.0399999618530273,352674817.0,5495798,Health Care
CABA,Cabaletta Bio Inc. Common Stock,2.08,2.0999999046325684,2.138000011444092,1.9600000381469727,2.0199999809265137,352654526.0,5407247,Health Care
BRBS,Blue Ridge Bankshares Inc. Common Stock,3.93,3.950000047683716,4.050000190734863,3.9149999618530273,3.9200000762939453,352477192.0,1623429,Finance
VMD,Viemed Healthcare Inc. Common Shares,9.24,9.289999961853027,9.399999618530273,9.199999809265137,9.329999923706055,351935227.0,217819,Health Care
CLPT,ClearPoint Neuro Inc. Common Stock,11.52,11.600000381469727,11.739999771118164,10.630000114440918,11.010000228881836,351408695.0,760012,Health Care
TSBK,Timberland Bancorp Inc. Common Stock,45.17,45.34000015258789,45.72999954223633,45.04999923706055,45.650001525878906,351226924.0,28805,Finance
ADV,Advantage Solutions Inc. Class A Common Stock,27.37,27.25,27.81999969482422,26.61199951171875,27.25,350944435.0,68058,Consumer Discretionary
RPAY,Repay Holdings Corporation Class A Common Stock,3.9,3.930000066757202,3.930000066757202,3.825000047683716,3.8299999237060547,350456523.0,276138,Consumer Discretionary
CV,CapsoVision Inc. Common Stock,6.585,6.599999904632568,6.599999904632568,6.349999904632568,6.5,350292973.0,90371,Health Care
NNBR,NN Inc. Common Stock,4.24,4.239999771118164,4.289999961853027,3.9600000381469727,4.039999961853027,350142863.0,3192606,Industrials
FSBW,FS Bancorp Inc. Common Stock,44.43,44.290000915527344,44.779998779296875,43.95000076293945,44.11000061035156,349315236.0,31811,Finance
REI,Ring Energy Inc. Common Stock,1.34,1.340000033378601,1.3600000143051147,1.309999942779541,1.340000033378601,349123073.0,1811531,Energy
ERII,Energy Recovery Inc. Common Stock,6.83,6.900000095367432,7.150000095367432,6.869999885559082,7.079999923706055,348636496.0,872178,Technology
ARTV,Artiva Biotherapeutics Inc. Common Stock,7.13,7.119999885559082,7.380000114440918,6.920000076293945,7.269999980926514,348586563.0,473212,Health Care
SHOE,Shoe Station Group Inc. Common Stock,12.82,12.720000267028809,13.050000190734863,12.470000267028809,13.039999961853027,348496508.0,810579,Consumer Discretionary
KDK,Kodiak AI Inc. Common Stock ,1.73,1.7999999523162842,1.8300000429153442,1.6399999856948853,1.7200000286102295,347069434.0,9276002,Technology
BRCB,Black Rock Coffee Bar Inc. Class A Common Stock,6.92,6.980000019073486,7.429999828338623,6.815000057220459,7.389999866485596,346502939.0,334091,Consumer Discretionary
CUB,Lionheart Holdings Class A Ordinary Shares,10.89,10.890000343322754,10.899999618530273,10.890000343322754,10.899999618530273,345959793.0,53292,Industrials
RCKY,Rocky Brands Inc. Common Stock,46.14,46.11000061035156,46.61000061035156,45.599998474121094,46.560001373291016,345676774.0,39027,Consumer Discretionary
ARTNA,Artesian Resources Corporation Class A Common Stock,33.44,33.689998626708984,34.06999969482422,33.5,33.689998626708984,345338926.0,38325,Utilities
AVBH,Avidbank Holdings Inc. Common stock,31.34,31.40999984741211,31.610000610351562,31.350000381469727,31.420000076293945,344222263.0,48859,Finance
TREE,LendingTree Inc. Common Stock,24.51,24.670000076293945,25.209999084472656,24.440000534057617,24.700000762939453,344109640.0,261375,Finance
CLNE,Clean Energy Fuels Corp. Common Stock,1.56,1.5399999618530273,1.5800000429153442,1.5299999713897705,1.559999942779541,343894223.0,664917,Utilities
NL,NLI Holdings Inc. Common Stock,7.01,7.0,7.019999980926514,6.889999866485596,6.949999809265137,342780125.0,13389,Basic Materials
SRZN,Surrozen Inc. Common Stock,29.13,29.260000228881836,29.260000228881836,26.18000030517578,26.3700008392334,342381145.0,439219,Health Care
IA,Innovative Solutions and Support Inc. Common Stock,19.12,19.3700008392334,19.969999313354492,18.850000381469727,19.770000457763672,342232188.0,177960,Technology
CYPH,Cypherpunk Technologies Inc. Common Stock,3.17,3.1700000762939453,3.4049999713897705,3.0899999141693115,3.259999990463257,341613091.0,14389935,Health Care
BKKT,Bakkt Inc. Class A Common Stock,7.57,7.65500020980835,7.809999942779541,7.315000057220459,7.349999904632568,341175797.0,921912,Finance
CION,CION Investment Corporation Common Stock,6.93,6.960000038146973,6.989999771118164,6.875,6.949999809265137,340974739.0,303168,Finance
LEO,BNY Mellon Strategic Municipals Inc. Common Stock,5.47,5.460000038146973,5.550000190734863,5.449999809265137,5.539999961853027,340730971.0,306265,Finance
FNKO,Funko Inc. Class A Common Stock,6.07,6.110000133514404,6.300000190734863,6.074999809265137,6.110000133514404,339894300.0,762422,Consumer Discretionary
PACK,Ranpak Holdings Corp Class A Common Stock,3.96,4.03000020980835,4.079999923706055,3.940000057220459,3.9700000286102295,339602824.0,464636,Consumer Discretionary
BCML,BayCom Corp Common Stock,31.01,31.1299991607666,31.280000686645508,30.809999465942383,30.969999313354492,338632828.0,51323,Finance
OPI,Office Properties Income Trust Common shares of beneficial interest,15.4,15.289999961853027,16.139999389648438,15.289999961853027,15.869999885559082,338085086.0,62460,Finance
BMBL,Bumble Inc. Class A Common Stock,2.55,2.569999933242798,2.5799999237060547,2.490000009536743,2.509999990463257,336519201.0,1760880,Technology
VKI,Invesco Advantage Municipal Income Trust II Common Shares of Beneficial Interest (DE),7.57,7.619999885559082,7.800000190734863,7.579999923706055,7.800000190734863,336153571.0,412854,Finance
INDP,Indaptus Therapeutics Inc. Common Stock,2.51,2.509999990463257,2.609999895095825,2.390000104904175,2.5899999141693115,334438233.0,361501,Health Care
LTRX,Lantronix Inc. Common Stock,7.13,7.159999847412109,7.489999771118164,7.130000114440918,7.329999923706055,334250122.0,615938,Telecommunications
TCPC,BlackRock TCP Capital Corp. Common Stock,3.98,4.0,4.03000020980835,3.9600000381469727,3.990000009536743,333933045.0,990712,Finance
EMBC,Embecta Corp. Common Stock,5.88,5.900000095367432,6.144999980926514,5.800000190734863,5.949999809265137,333158442.0,1044813,Health Care
CCAP,Crescent Capital BDC Inc. Common stock,9.02,9.029999732971191,9.175000190734863,9.013999938964844,9.074999809265137,332350487.0,315616,Finance
PNRG,PrimeEnergy Resources Corporation Common Stock,209.67,207.3000030517578,212.6999969482422,206.75,210.25,331823742.0,56006,Energy
TLS,Telos Corporation Common Stock,4.43,4.420000076293945,4.559999942779541,4.309999942779541,4.340000152587891,331083975.0,1100459,Technology
MPTI,M-tron Industries Inc. Common Stock,75.94,76.93000030517578,76.95999908447266,75.72000122070312,76.37000274658203,330071387.0,119961,Technology
PESI,Perma-Fix Environmental Services Inc. Common Stock,15.49,15.489999771118164,15.779999732971191,15.289999961853027,15.470000267028809,328672257.0,169968,Industrials
RDIB,Reading International Inc Class B Common Stock,14.29,14.25,14.25,13.449999809265137,13.65999984741211,327099915.0,10434,Consumer Discretionary
PPT,Franklin Premier Income Trust Shares of Beneficial Interest,3.27,3.2699999809265137,3.309999942779541,3.259999990463257,3.2799999713897705,325457420.0,180011,Finance
CLW,Clearwater Paper Corporation Common Stock,20.14,20.270000457763672,20.309999465942383,19.799999237060547,19.81999969482422,324813167.0,133360,Basic Materials
JMSB,John Marshall Bancorp Inc. Common Stock,23.0,23.100000381469727,23.190000534057617,22.90999984741211,22.90999984741211,324579082.0,69097,Finance
EGHT,8x8 Inc Common Stock,2.24,2.2699999809265137,2.2699999809265137,2.130000114440918,2.1700000762939453,323535522.0,975723,Technology
CFFI,C&F Financial Corporation Common Stock,99.46,99.94000244140625,102.30000305175781,99.04000091552734,102.20999908447266,323413187.0,81040,Finance
COSO,CoastalSouth Bancshares Inc. Common Stock,26.95,26.81999969482422,27.229999542236328,26.81999969482422,27.0,322172320.0,162651,Finance
NEWT,NewtekOne Inc. Common Stock,11.15,11.229999542236328,11.260000228881836,11.130000114440918,11.1899995803833,322064751.0,174648,Finance
BNTC,Benitec Biopharma Inc. Common Stock,9.23,9.319999694824219,9.5649995803833,8.619999885559082,9.0,321967561.0,584258,Health Care
SMTI,Sanara MedTech Inc. Common Stock,35.0,35.09000015258789,35.09000015258789,34.95000076293945,35.0,321581225.0,228602,Health Care
OFSSH,OFS Capital Corporation 4.95% Notes due 2028,23.98,23.979999542236328,23.979999542236328,23.979999542236328,23.979999542236328,321285910.0,2,Finance
HTZWW,Hertz Global Holdings Inc Warrant,0.9,2.9000000953674316,0.9994999766349792,0.8659999966621399,0.9700000286102295,320806254.0,30886,Consumer Discretionary
BBW,Build-A-Bear Workshop Inc. Common Stock,26.0,26.040000915527344,26.399999618530273,25.579999923706055,25.639999389648438,320302710.0,295335,Consumer Discretionary
FIP,FTAI Infrastructure Inc. Common Stock ,2.71,2.75,2.7699999809265137,2.634999990463257,2.6700000762939453,320272507.0,821598,Industrials
CHSCP,CHS Inc. 8%  Cumulative Redeemable Preferred Stock,26.09,26.030000686645508,26.270000457763672,25.950000762939453,26.030000686645508,320176558.0,15910,Industrials
FDBC,Fidelity D & D Bancorp Inc. Common Stock,55.1,55.209999084472656,55.7599983215332,55.209999084472656,55.459999084472656,320048791.0,14469,Finance
MOBI,Mobia Medical Inc. Common Stock,9.59,9.600000381469727,9.75,8.720000267028809,8.800000190734863,319261611.0,159891,Health Care
FVCB,FVCBankcorp Inc. Common Stock,17.7,17.760000228881836,17.899999618530273,17.579999923706055,17.600000381469727,319205429.0,53527,Finance
GEVO,Gevo Inc. Common Stock,1.29,1.2899999618530273,1.309999942779541,1.2699999809265137,1.2799999713897705,318935864.0,2465578,Industrials
PRHIZ,Presurance Holdings Inc. 9.75% Senior Unsecured Notes due 2028,26.04,22.899999618530273,26.040000915527344,22.899999618530273,26.040000915527344,318283821.0,1973,Finance
PPHC,Public Policy Holding Company Inc. Common Stock,10.64,10.640000343322754,11.069999694824219,10.569999694824219,10.850000381469727,318085875.0,100713,Uncategorized
JAKK,JAKKS Pacific Inc. Common Stock,27.78,27.790000915527344,27.84000015258789,27.280000686645508,27.43000030517578,317942433.0,102616,Consumer Discretionary
KTF,DWS Municipal Income Trust,8.04,8.020000457763672,8.140000343322754,8.020000457763672,8.09000015258789,317587542.0,758052,Finance
LWAY,Lifeway Foods Inc. Common Stock,21.0,21.079999923706055,21.09000015258789,20.270000457763672,20.459999084472656,317241687.0,154810,Consumer Staples
FISN,Deep Fission Inc. Common Stock,5.375,5.400000095367432,5.849999904632568,5.400000095367432,5.46999979019165,316619417.0,198152,Utilities
CHSCO,CHS Inc. Class B Cumulative Redeemable Preferred Stock,25.65,25.649999618530273,25.799999237060547,25.649999618530273,25.649999618530273,314776877.0,42888,Industrials
PINE,Alpine Income Property Trust Inc. Common Stock,17.55,17.549999237060547,17.850000381469727,17.549999237060547,17.75,314766393.0,164355,Real Estate
LE,Lands' End Inc. Common Stock,10.63,10.630000114440918,10.704999923706055,10.3100004196167,10.529999732971191,314054357.0,202109,Consumer Discretionary
ELA,Envela Corporation Common Stock,12.05,12.0600004196167,12.199999809265137,11.960000038146973,12.149999618530273,312859886.0,72643,Consumer Discretionary
ASYS,Amtech Systems Inc. Common Stock,17.83,18.079999923706055,18.25,17.549999237060547,17.760000228881836,312169441.0,223140,Technology
MLP,Maui Land & Pineapple Company Inc. Common Stock,15.69,15.770000457763672,15.770000457763672,15.550000190734863,15.640000343322754,311590142.0,9597,Finance
OPAL,OPAL Fuels Inc. Class A Common Stock,1.78,1.7899999618530273,1.8200000524520874,1.7400000095367432,1.7899999618530273,310948200.0,257334,Utilities
MKTW,MarketWise Inc. Class A Common Stock,19.69,19.7450008392334,20.21500015258789,19.7450008392334,19.795000076293945,310599610.0,20666,Technology
SES,SES AI Corporation Class A Common Stock,0.8358,0.8370000123977661,0.871999979019165,0.7599999904632568,0.7900000214576721,310322009.0,20091567,Miscellaneous
ABAT,American Battery Technology Company Common Stock,2.17,2.190000057220459,2.240000009536743,2.1500000953674316,2.1500000953674316,309393735.0,2640994,Industrials
CHAD,DeFi Development Corp. Variable Rate Series C Perpetual Preferred Stock,9.46,9.489999771118164,9.789999961853027,9.460000038146973,9.699999809265137,308592673.0,42581,Finance
CBNA,Chain Bridge Bancorp Inc. Class A Common Stock,47.02,47.939998626708984,50.9900016784668,47.86000061035156,49.41999816894531,308536635.0,5570,Finance
PMO,Franklin Municipal Opportunities Trust Shares of Beneficial Interest,9.07,9.079999923706055,9.34000015258789,9.069999694824219,9.300000190734863,308212813.0,202664,Finance
CHSCL,CHS Inc Class B Cumulative Redeemable Preferred Stock Series 4,25.11,25.18000030517578,25.219999313354492,25.1200008392334,25.149999618530273,308149995.0,22051,Industrials
VELO,Velo3D Inc. Common stock,9.57,9.770000457763672,10.0,9.260000228881836,9.569999694824219,307667059.0,7554946,Technology
HRZN,Horizon Technology Finance Corporation Common Stock,4.58,4.590000152587891,4.630000114440918,4.550000190734863,4.579999923706055,307015303.0,389396,Finance
SCTX,Scribe Therapeutics Inc. Common Stock,16.21,16.1200008392334,17.170000076293945,15.369999885559082,16.329999923706055,306882533.0,1107830,Health Care
BDSX,Biodesix Inc. Common Stock,29.06,29.299999237060547,29.989999771118164,27.520999908447266,27.959999084472656,306615489.0,181236,Health Care
FCCO,First Community Corporation Common Stock,32.58,32.68000030517578,32.970001220703125,32.5,32.59000015258789,306243236.0,39058,Finance
EFT,Eaton Vance Floating Rate Income Trust Common Shares of Beneficial Interest,10.52,10.600000381469727,10.6899995803833,10.539999961853027,10.65999984741211,306031166.0,122662,Finance
FTW,Presidio Production Company Class A Common Stock,9.71,9.65999984741211,9.819999694824219,9.5600004196167,9.739999771118164,305857591.0,134525,Energy
NODK,NI Holdings Inc. Common Stock,14.96,14.84000015258789,15.010000228881836,14.770000457763672,14.770000457763672,305254656.0,37922,Finance
DBI,Designer Brands Inc. Class A Common Stock,5.97,5.960000038146973,6.119999885559082,5.869999885559082,5.940000057220459,305206722.0,636354,Consumer Discretionary
SWKHL,SWK Holdings Corporation 9.00% Senior Notes due 2027,25.06,25.05500030517578,25.099000930786133,25.040000915527344,25.075000762939453,304413618.0,8896,Uncategorized
FRD,Friedman Industries Inc. Common Stock,42.2,42.20000076293945,42.689998626708984,41.150001525878906,42.279998779296875,304379780.0,36866,Industrials
RBBN,Ribbon Communications Inc. Common Stock,1.7,1.7300000190734863,1.7799999713897705,1.7000000476837158,1.7699999809265137,303999698.0,3948809,Technology
RM,Regional Management Corp. Common Stock,32.77,33.029998779296875,33.209999084472656,32.56999969482422,32.79999923706055,302329269.0,130137,Finance
CDZI,CADIZ Inc. Common Stock,3.57,3.5999999046325684,3.5999999046325684,3.3399999141693115,3.5,302297158.0,777233,Utilities
LVWR,LiveWire Group Inc. Common Stock,1.47,1.4800000190734863,1.6749999523162842,1.4800000190734863,1.6299999952316284,301956312.0,120864,Consumer Discretionary
SVCO,Silvaco Group Inc. Common Stock,8.89,8.970000267028809,9.079999923706055,8.600000381469727,8.640000343322754,301244389.0,273140,Technology
PRLD,Prelude Therapeutics Incorporated Common Stock,3.77,3.7799999713897705,3.819999933242798,3.680000066757202,3.809999942779541,300859138.0,325285,Health Care
LAB,Standard BioTools Inc. Common Stock,0.763,0.7699999809265137,0.800000011920929,0.7200000286102295,0.7200000286102295,299537631.0,1178437,Industrials
CHSCN,CHS Inc Preferred Class B Series 2 Reset Rate,24.35,24.424999237060547,24.549999237060547,24.30900001525879,24.31999969482422,298823273.0,38082,Industrials
LRMR,Larimar Therapeutics Inc. Common Stock,2.86,2.880000114440918,2.9000000953674316,2.740000009536743,2.7799999713897705,297105200.0,886159,Health Care
ZIP,ZipRecruiter Inc. Class A Common Stock,3.61,3.6500000953674316,3.7149999141693115,3.5899999141693115,3.680000066757202,296836448.0,615392,Technology
BPRN,Princeton Bancorp Inc. Common Stock (PA),43.44,43.56999969482422,44.42499923706055,43.31999969482422,43.31999969482422,295965451.0,26577,Finance
RCMT,RCM Technologies Inc. Common Stock,41.59,41.599998474121094,42.0,41.189998626708984,41.310001373291016,295736467.0,42358,Consumer Discretionary
MTRX,Matrix Service Company Common Stock,10.42,10.479999542236328,10.84000015258789,10.369999885559082,10.75,294801817.0,369588,Consumer Discretionary
ALTO,Alto Ingredients Inc. Common Stock,3.79,3.809999942779541,3.8399999141693115,3.75,3.75,293981068.0,1094160,Industrials
CATX,Perspective Therapeutics Inc. Common Stock,2.57,2.5899999141693115,2.5999999046325684,2.299999952316284,2.359999895095825,293369774.0,3560793,Health Care
MYFW,First Western Financial Inc. Common Stock,30.01,30.110000610351562,30.239999771118164,29.90999984741211,30.190000534057617,293051521.0,22779,Finance
ABEO,Abeona Therapeutics Inc. Common Stock,5.11,5.159999847412109,5.159999847412109,4.889999866485596,5.010000228881836,292210327.0,1403683,Health Care
BIOA,BioAge Labs Inc. Common Stock,6.36,6.440000057220459,6.449999809265137,6.0,6.289999961853027,291904341.0,783375,Health Care
NREF,NexPoint Real Estate Finance Inc. Common Stock,15.47,15.40999984741211,15.869999885559082,15.40999984741211,15.460000038146973,291579009.0,53167,Real Estate
CHSCM,CHS Inc Class B Reset Rate Cumulative Redeemable Preferred Stock Series 3,23.75,23.850000381469727,23.920000076293945,23.700000762939453,23.729999542236328,291460071.0,41774,Industrials
TMCI,Treace Medical Concepts Inc. Common Stock,4.48,4.53000020980835,4.53000020980835,3.9800000190734863,4.0,291354793.0,210751,Health Care
FATE,Fate Therapeutics Inc. Common Stock,2.43,2.430000066757202,2.490000009536743,2.2899999618530273,2.2899999618530273,291163849.0,3381462,Health Care
FNRN,First Northern Community Bancorp Common stock,17.73,17.700000762939453,17.90999984741211,17.649999618530273,17.649999618530273,290688722.0,76393,Finance
OCCIN,OFS Credit Company Inc. 5.25% Series E Term Preferred Stock Due 2026,25.0,24.93000030517578,24.93000030517578,24.920000076293945,24.93000030517578,290412750.0,2585,Finance
NPWR,NET Power Inc. Class A Common Stock,1.29,1.2899999618530273,1.340000033378601,1.2899999618530273,1.309999942779541,290067544.0,689581,Energy
GOGO,Gogo Inc. Common Stock,2.14,2.180000066757202,2.315000057220459,2.125,2.299999952316284,289986825.0,4006991,Consumer Discretionary
DUOT,Duos Technologies Group Inc. Common Stock,9.19,9.229999542236328,9.663999557495117,9.119999885559082,9.229999542236328,289232266.0,545483,Technology
ISBA,Isabella Bank Corporation Common stock,37.87,37.970001220703125,38.75,37.5,38.34000015258789,288905421.0,53123,Finance
BBOT,BridgeBio Oncology Therapeutics Inc. Common Stock  ,3.6,3.5999999046325684,3.7200000286102295,3.4800000190734863,3.5,288627361.0,481669,Health Care
OVLY,Oak Valley Bancorp (CA) Common Stock,34.28,34.349998474121094,34.529998779296875,33.900001525878906,34.529998779296875,288387630.0,29954,Finance
SEG,Seaport Entertainment Group Inc. Common Stock,22.5,22.610000610351562,22.790000915527344,22.405000686645508,22.549999237060547,288214560.0,168844,Consumer Discretionary
XFOR,X4 Pharmaceuticals Inc. Common Stock,2.9,2.9000000953674316,2.9000000953674316,2.700000047683716,2.7699999809265137,287525555.0,698117,Health Care
FUND,Sprott Focus Trust Inc. Common Stock,9.68,9.65999984741211,9.850000381469727,9.65999984741211,9.770000457763672,286852832.0,12802,Finance
RCKT,Rocket Pharmaceuticals Inc. Common Stock,2.61,2.609999895095825,2.619999885559082,2.4600000381469727,2.4800000190734863,286511698.0,1659102,Health Care
BKTI,BK Technologies Corporation Common Stock,75.94,75.70999908447266,77.61000061035156,75.70999908447266,77.30999755859375,286247401.0,28932,Technology
PMTS,CPI Card Group Inc. Common Stock,24.69,24.8799991607666,24.899999618530273,24.645000457763672,24.860000610351562,286206036.0,115031,Consumer Discretionary
TDUP,ThredUp Inc. Class A Common Stock,2.17,2.1700000762939453,2.1700000762939453,2.115000009536743,2.1600000858306885,284994021.0,1380808,Consumer Discretionary
ALCO,Alico Inc. Common Stock,38.39,38.41999816894531,38.540000915527344,38.08000183105469,38.27000045776367,284798557.0,19279,Consumer Staples
AIRJ,AirJoule Technologies Corporation Class A Common Stock,3.78,3.819999933242798,3.869999885559082,3.7799999713897705,3.819999933242798,284282074.0,845894,Industrials
FGBIP,First Guaranty Bancshares Inc. 6.75% Series A Fixed-Rate Non-Cumulative Perpetual Preferred Stock,17.183,17.200000762939453,17.204999923706055,17.020000457763672,17.100000381469727,284191252.0,20248,Finance
TSSI,TSS Inc. Common Stock,10.05,10.510000228881836,10.65999984741211,10.15999984741211,10.390000343322754,283601654.0,555801,Consumer Discretionary
OSUR,OraSure Technologies Inc. Common Stock,4.11,4.110000133514404,4.130000114440918,3.7699999809265137,3.7699999809265137,283461057.0,423182,Health Care
FRAF,Franklin Financial Services Corporation Common Stock,62.96,63.0,63.7599983215332,62.810001373291016,63.54999923706055,283293683.0,40333,Finance
ATLO,Ames National Corporation Common Stock,31.98,32.099998474121094,32.29999923706055,32.02000045776367,32.27000045776367,283253896.0,26474,Finance
FULC,Fulcrum Therapeutics Inc. Common Stock,3.71,3.7200000286102295,3.7249999046325684,3.680000066757202,3.690000057220459,283062823.0,1062220,Health Care
SABS,SAB Biotherapeutics Inc. Common Stock,3.1,3.119999885559082,3.1600000858306885,2.9149999618530273,2.930000066757202,282057741.0,866280,Health Care
III,Information Services Group Inc. Common Stock,5.82,5.829999923706055,5.829999923706055,5.670000076293945,5.710000038146973,281766349.0,422457,Consumer Discretionary
METCB,Ramaco Resources Inc. Class B Common Stock,4.42,4.5,4.545000076293945,4.329999923706055,4.46999979019165,281480071.0,37281,Energy
GPRO,GoPro Inc. Class A Common Stock,1.36,1.3600000143051147,1.3799999952316284,1.309999942779541,1.3200000524520874,280644655.0,10309101,Consumer Discretionary
HWBK,Hawthorn Bancshares Inc. Common Stock,38.35,38.45000076293945,38.75,37.70000076293945,38.540000915527344,280483425.0,24034,Finance
QSI,Quantum-Si Incorporated Class A Common Stock,1.28,1.2899999618530273,1.409999966621399,1.190000057220459,1.2200000286102295,280171407.0,19185138,Industrials
FUNC,First United Corporation Common Stock,43.37,43.56999969482422,43.88999938964844,42.97999954223633,43.63999938964844,279902867.0,22443,Finance
LXEO,Lexeo Therapeutics Inc. Common Stock,3.41,3.430000066757202,3.430000066757202,3.1700000762939453,3.299999952316284,279777730.0,1858579,Health Care
GBAB,Guggenheim Taxable Municipal Bond & Investment Grade Debt Trust Common Shares of Beneficial Interest,12.47,12.449999809265137,12.529999732971191,12.420000076293945,12.470000267028809,279289405.0,164073,Finance
RELL,Richardson Electronics Ltd. Common Stock,18.78,19.010000228881836,19.200000762939453,18.790000915527344,19.049999237060547,279150014.0,285365,Technology
IKT,Inhibikase Therapeutics Inc. Common Stock,2.0,1.9700000286102295,2.0399999618530273,1.9500000476837158,1.9800000190734863,279071800.0,407496,Health Care
HLLY,Holley Inc. Common Stock,2.29,2.299999952316284,2.3450000286102295,2.265000104904175,2.319999933242798,277626187.0,823994,Consumer Discretionary
WNEB,Western New England Bancorp Inc. Common Stock,13.84,13.890000343322754,13.979999542236328,13.800000190734863,13.819999694824219,277434868.0,42271,Finance
NC,NACCO Industries Inc. Common Stock,36.7,37.0099983215332,37.27000045776367,36.40999984741211,36.40999984741211,276963707.0,26100,Energy
VNDA,Vanda Pharmaceuticals Inc. Common Stock,4.58,4.599999904632568,4.599999904632568,4.429999828338623,4.519999980926514,276919106.0,726814,Health Care
USNA,USANA Health Sciences Inc. Common Stock,14.85,14.90999984741211,15.0600004196167,14.819999694824219,14.829999923706055,274376530.0,163747,Health Care
IHRT,iHeartMedia Inc. Class A Common Stock,2.05,2.059999942779541,2.0799999237060547,1.9850000143051147,2.009999990463257,274083210.0,1124198,Consumer Discretionary
NXDT,NexPoint Diversified Real Estate Trust Common Stock,5.16,5.230000019073486,5.360000133514404,5.139999866485596,5.179999828338623,274027099.0,139470,Real Estate
NKSH,National Bankshares Inc. Common Stock,42.97,43.130001068115234,43.5,42.83000183105469,43.18000030517578,273745541.0,48052,Finance
MGPI,MGP Ingredients Inc.,12.77,12.829999923706055,13.239999771118164,12.829999923706055,13.020000457763672,273457751.0,389541,Consumer Staples
AIV,Apartment Investment and Management Company Common Stock,1.88,1.8799999952316284,1.909999966621399,1.8700000047683716,1.8700000047683716,273045368.0,1928525,Real Estate
QNBC,QNB Corp. Common Stock,45.11,45.38999938964844,45.59000015258789,45.099998474121094,45.560001373291016,272851850.0,45903,Finance
FBLA,FB Bancorp Inc. Common Stock,17.07,17.100000381469727,17.360000610351562,17.06999969482422,17.290000915527344,272235398.0,68180,Finance
EYPT,EyePoint Inc. Common Stock,3.15,3.180000066757202,3.2899999618530273,3.0799999237060547,3.1700000762939453,271568235.0,2763951,Industrials
LAW,CS Disco Inc. Common Stock,4.18,4.210000038146973,4.25,4.179999828338623,4.199999809265137,271364618.0,156512,Technology
MFIN,Medallion Financial Corp. Common Stock,11.81,11.859999656677246,11.979999542236328,11.8100004196167,11.8100004196167,271160541.0,113446,Finance
TBI,TrueBlue Inc. Common Stock,8.9,9.010000228881836,9.109999656677246,8.960000038146973,8.970000267028809,270954662.0,167984,Consumer Discretionary
FXNC,First National Corporation Common Stock,29.96,30.049999237060547,30.309999465942383,29.969999313354492,30.049999237060547,270917165.0,19595,Finance
SOUNW,SoundHound AI Inc. Warrant,0.5631,7.860000133514404,0.589900016784668,0.5472000241279602,0.5898000001907349,270853737.0,9273,Technology
RWAY,Runway Growth Finance Corp. Common Stock,6.44,6.454999923706055,6.46999979019165,6.309999942779541,6.375,269899782.0,404015,Finance
LCNB,LCNB Corporation Common Stock,18.92,18.979999542236328,19.350000381469727,18.739999771118164,18.829999923706055,269704373.0,30336,Finance
TLSI,TriSalus Life Sciences Inc. Common Stock,4.38,4.389999866485596,4.510000228881836,4.25,4.269999980926514,269696748.0,132718,Health Care
PTLO,Portillo's Inc. Class A Common Stock,3.55,3.5299999713897705,3.809999942779541,3.509999990463257,3.7799999713897705,269598445.0,1157111,Consumer Discretionary
HCKT,Hackett Group Inc (The). Common Stock,10.82,10.829999923706055,10.890000343322754,10.579999923706055,10.729999542236328,269178586.0,152444,Consumer Discretionary
INFU,InfuSystems Holdings Inc. Common Stock,13.49,13.510000228881836,13.75,13.210000038146973,13.270000457763672,268682772.0,137760,Health Care
KINS,Kingstone Companies Inc. Common Stock,18.55,18.6200008392334,18.781999588012695,18.459999084472656,18.489999771118164,268532267.0,75895,Finance
IPSC,Century Therapeutics Inc. Common Stock,1.48,1.4800000190734863,1.5,1.2899999618530273,1.3200000524520874,267991475.0,773858,Health Care
SAR,Saratoga Investment Corp New,16.61,16.360000610351562,16.360000610351562,15.6899995803833,15.8100004196167,267104015.0,251764,Finance
PYXS,Pyxis Oncology Inc. Common Stock,2.24,2.2200000286102295,2.2200000286102295,2.0,2.0199999809265137,266745938.0,1516959,Health Care
PMM,Franklin Managed Municipal Income Trust Shares of Beneficial Interest,5.47,5.449999809265137,5.630000114440918,5.449999809265137,5.599999904632568,266601285.0,304760,Finance
CMRC,Commerce.com Inc. Series 1 Common Stock,3.21,3.2300000190734863,3.2980000972747803,3.181999921798706,3.2100000381469727,265977361.0,517438,Technology
UPB,Upstream Bio Inc. Common Stock,4.85,4.840000152587891,4.864999771118164,4.53000020980835,4.590000152587891,265639549.0,1010599,Health Care
HQI,HireQuest Inc. Common Stock (DE),19.07,19.139999389648438,19.450000762939453,18.639999389648438,18.829999923706055,265073000.0,21146,Consumer Discretionary
XPER,Xperi Inc. Common Stock ,5.43,5.460000038146973,5.465000152587891,5.269999980926514,5.28000020980835,264830993.0,427392,Technology
OIA,Invesco Municipal Income Opportunities Trust Common Stock,5.56,5.619999885559082,5.78000020980835,5.570000171661377,5.739999771118164,264687075.0,272027,Finance
AVNW,Aviat Networks Inc. Common Stock,20.54,20.760000228881836,21.25,20.579999923706055,21.100000381469727,264116281.0,99073,Technology
ANIK,Anika Therapeutics Inc. Common Stock,19.73,19.729999542236328,19.799999237060547,19.049999237060547,19.1200008392334,264045919.0,122293,Health Care
TTGT,TechTarget Inc. Common Stock,3.65,3.640000104904175,3.640000104904175,3.4700000286102295,3.609999895095825,264014209.0,661714,Telecommunications
ZNTL,Zentalis Pharmaceuticals Inc. Common Stock,2.78,2.809999942779541,2.819999933242798,2.6500000953674316,2.6700000762939453,263178619.0,2994973,Health Care
STRT,STRATTEC SECURITY CORPORATION Common Stock,65.92,66.52999877929688,66.79000091552734,65.52999877929688,65.93000030517578,262692057.0,42552,Consumer Discretionary
PPIH,Perma-Pipe International Holdings Inc. Common Stock,32.02,32.31999969482422,32.58000183105469,31.979999542236328,32.43000030517578,262409632.0,63673,Industrials
MIN,Aberdeen Intermediate Income Fund Common Shares of Beneficial Interest,2.28,2.2799999713897705,2.309999942779541,2.2799999713897705,2.309999942779541,261966918.0,284235,Finance
PCYO,Pure Cycle Corporation Common Stock,10.86,10.890000343322754,10.994999885559082,10.854999542236328,10.989999771118164,261697438.0,103753,Utilities
ESCA,Escalade Incorporated Common Stock,19.0,18.989999771118164,18.989999771118164,18.479999542236328,18.649999618530273,261555406.0,53111,Consumer Discretionary
IMRX,Immuneering Corporation Class A Common Stock,4.04,4.059999942779541,4.090000152587891,3.809999942779541,3.8299999237060547,261377504.0,482788,Health Care
POWW,Outdoor Holding Company Common Stock,2.24,2.259999990463257,2.259999990463257,2.1500000953674316,2.1600000858306885,259976485.0,707583,Industrials
ARDC,Ares Dynamic Credit Allocation Fund Inc. Common Shares,11.33,11.390000343322754,11.4399995803833,11.359999656677246,11.420000076293945,259626259.0,216176,Finance
GENC,Gencor Industries Inc. Common Stock,17.68,17.829999923706055,18.329999923706055,17.68000030517578,18.139999389648438,259148171.0,78426,Industrials
OFLX,Omega Flex Inc. Common Stock,25.64,26.030000686645508,26.59000015258789,25.850000381469727,26.399999618530273,258818416.0,33273,Industrials
VABK,Virginia National Bankshares Corporation Common Stock,47.45,47.5099983215332,48.18000030517578,47.5099983215332,48.150001525878906,257429631.0,8491,Finance
FCNCN,First Citizens BancShares Inc. Depositary Shares each representing a 1/40th interest in a share of 6.625% Non-Cumulative Perpetual Preferred Stock Series E,22.76,22.68000030517578,22.979999542236328,22.68000030517578,22.8799991607666,257031411.0,87093,Finance
RMBI,Richmond Mutual Bancorporation Inc. Common Stock,15.32,15.300000190734863,15.479999542236328,15.270000457763672,15.279999732971191,256748585.0,65395,Finance
GBFH,GBank Financial Holdings Inc. Common Stock,17.66,17.65999984741211,17.940000534057617,17.549999237060547,17.635000228881836,256360631.0,42854,Finance
CNDT,Conduent Incorporated Common Stock ,1.64,1.649999976158142,1.6699999570846558,1.6200000047683716,1.6200000047683716,255054112.0,850283,Consumer Discretionary
VOGX,Vogenx Inc Common Stock,17.15,17.100000381469727,17.100000381469727,16.0,16.389999389648438,254764742.0,60974,Health Care
ARL,American Realty Investors Inc. Common Stock,15.77,16.110000610351562,16.110000610351562,15.229999542236328,15.850000381469727,254717718.0,4112,Finance
PALI,Palisade Bio Inc. Common Stock,1.46,1.5099999904632568,1.5499999523162842,1.4700000286102295,1.4900000095367432,254435015.0,1600948,Health Care
SLNH,Soluna Holdings Inc. Common Stock,1.03,1.0700000524520874,1.0800000429153442,1.0399999618530273,1.0499999523162842,254103108.0,9120214,Technology
VPV,Invesco Pennsylvania Value Municipal Income Trust Common Stock (DE),10.66,10.739999771118164,10.9399995803833,10.649999618530273,10.9399995803833,254022939.0,20921,Finance
ALMU,Aeluma Inc. Common Stock,13.08,13.239999771118164,13.6899995803833,13.0,13.119999885559082,252639193.0,459483,Technology
PDYN,Palladyne AI Corp. Common Stock,5.12,5.199999809265137,5.409999847412109,5.139999866485596,5.360000133514404,252613171.0,1246682,Technology
AKBA,Akebia Therapeutics Inc. Common Stock,0.9105,0.9020000100135803,0.9089999794960022,0.875,0.8790000081062317,252305236.0,7505310,Health Care
SSP,E.W. Scripps Company (The) Class A Common Stock,2.72,2.759999990463257,2.9600000381469727,2.759999990463257,2.9200000762939453,252059656.0,714821,Industrials
PAMT,PAMT CORP Common Stock,12.02,11.850000381469727,11.899999618530273,11.079999923706055,11.550000190734863,251725929.0,10902,Industrials
CAMP,CAMP4 Therapeutics Corporation Common Stock,4.01,4.03000020980835,4.03000020980835,3.75,3.9600000381469727,251640332.0,381165,Health Care
VUZI,Vuzix Corporation Common Stock,2.98,3.0299999713897705,3.0899999141693115,2.9200000762939453,2.930000066757202,251554405.0,950292,Technology
REFI,Chicago Atlantic Real Estate Finance Inc. Common Stock,9.81,9.859999656677246,9.920000076293945,9.788999557495117,9.800000190734863,251343442.0,237816,Real Estate
SWMR,Swarmer Inc Common Stock,15.68,15.539999961853027,15.670000076293945,14.84000015258789,14.880000114440918,250954308.0,711566,Technology
STRO,Sutro Biopharma Inc. Common Stock,15.13,15.140000343322754,15.470000267028809,14.369999885559082,14.449999809265137,250873117.0,160495,Health Care
MMT,Aberdeen Multi-Market Income Fund Common Shares of Beneficial Interest,4.21,4.21999979019165,4.239999771118164,4.199999809265137,4.239999771118164,250698364.0,325689,Finance
ACV,Virtus Diversified Income & Convertible Fund Common Shares of Beneficial Interest,24.14,24.479999542236328,24.690000534057617,24.29599952697754,24.639999389648438,250161710.0,36810,Finance
SIGA,SIGA Technologies Inc. Common Stock,3.48,3.4800000190734863,3.490000009536743,3.2300000190734863,3.2899999618530273,250037012.0,964054,Health Care
SNFCA,Security National Financial Corporation Class A Common Stock,9.13,9.130000114440918,9.15999984741211,8.920000076293945,9.039999961853027,249954649.0,34813,Finance
BNC,BNB Standard Corporation Common Stock,6.07,5.960000038146973,6.03000020980835,5.829999923706055,5.849999904632568,249925270.0,702683,Consumer Staples
BRT,BRT Apartments Corp. (MD) Common Stock,13.29,13.329999923706055,13.739999771118164,13.329999923706055,13.640000343322754,249762651.0,89112,Real Estate
QTTB,Q32 Bio Inc. Common Stock,8.37,8.319999694824219,8.359999656677246,7.800000190734863,8.109999656677246,249170430.0,955801,Health Care
MSB,Mesabi Trust Common Stock,18.97,18.790000915527344,19.100000381469727,18.510000228881836,18.6299991607666,248886590.0,26312,Industrials
TBCH,Turtle Beach Corporation Common Stock,13.86,13.920000076293945,13.994999885559082,13.479999542236328,13.510000228881836,248228594.0,289537,Telecommunications
GLSI,Greenwich LifeSciences Inc. Common Stock,16.91,17.020000457763672,17.31999969482422,15.399999618530273,15.789999961853027,248208497.0,98743,Health Care
IVVD,Invivyd Inc. Common Stock,0.8392,0.8519999980926514,0.8539999723434448,0.800000011920929,0.8059999942779541,247361540.0,5425544,Health Care
LFCR,Lifecore Biomedical Inc. Common Stock,6.52,6.510000228881836,6.539999961853027,6.440000057220459,6.449999809265137,246801951.0,840600,Health Care
EVI,EVI Industries Inc.  Common Stock,19.15,19.170000076293945,19.469999313354492,19.059999465942383,19.209999084472656,246623888.0,67126,Consumer Discretionary
EFSI,Eagle Financial Services Inc Common Stock,45.55,45.720001220703125,46.0099983215332,45.5,45.7599983215332,246499063.0,35871,Finance
CPZ,Calamos Long/Short Equity & Dynamic Income Trust Common Stock,12.55,12.550000190734863,12.593999862670898,12.479999542236328,12.5,246384035.0,107997,Finance
BLND,Blend Labs Inc. Class A Common Stock,1.04,1.0499999523162842,1.0499999523162842,1.0099999904632568,1.0199999809265137,245973852.0,1532631,Technology
ANGI,Angi Inc. Class A Common Stock,6.06,6.079999923706055,6.079999923706055,5.789999961853027,5.960000038146973,245770881.0,778202,Consumer Discretionary
CURV,Torrid Holdings Inc. Common Stock,2.46,2.4700000286102295,2.509999990463257,2.4489998817443848,2.490000009536743,245309810.0,176158,Consumer Discretionary
AIAI,AIAI Holdings Corporation Class A Common Stock,3.46,3.4700000286102295,3.6600000858306885,3.4700000286102295,3.619999885559082,245126080.0,251288,Technology
TG,Tredegar Corporation Common Stock,7.0,7.050000190734863,7.099999904632568,7.010000228881836,7.03000020980835,244609148.0,148392,Industrials
ACU,Acme United Corporation. Common Stock,63.7,63.77000045776367,63.95000076293945,62.75,63.130001068115234,244214525.0,38311,Consumer Discretionary
IMMR,Immersion Corporation Common Stock,7.27,7.269999980926514,7.289999961853027,7.130000114440918,7.170000076293945,241407918.0,261801,Technology
EVMN,Evommune Inc. Common Stock,6.65,6.670000076293945,6.670000076293945,6.079999923706055,6.610000133514404,241342551.0,1365188,Health Care
MGNX,MacroGenics Inc. Common Stock,3.77,3.7899999618530273,3.7899999618530273,3.549999952316284,3.640000104904175,240149705.0,605954,Health Care
CHPT,ChargePoint Holdings Inc. Common Stock,8.93,9.010000228881836,9.095000267028809,8.600000381469727,8.670000076293945,239773393.0,841336,Miscellaneous
GWRS,Global Water Resources Inc. Common Stock,8.01,8.039999961853027,8.180000305175781,8.039999961853027,8.09000015258789,239701621.0,39870,Utilities
AENT,Alliance Entertainment Holding Corporation Class A Common Stock,4.69,4.610000133514404,4.769999980926514,4.579999923706055,4.599999904632568,239094465.0,34277,Consumer Discretionary
LTBR,Lightbridge Corporation Common Stock,6.36,6.519999980926514,7.039999961853027,6.480000019073486,6.840000152587891,238233459.0,563511,Basic Materials
EOT,Eaton Vance Municipal Income Trust EATON VANCE NATIONAL MUNICIPAL OPPORTUNITIES TRUST,15.24,15.239999771118164,15.5600004196167,15.119999885559082,15.399999618530273,238123796.0,65097,Finance
PEBK,Peoples Bancorp of North Carolina Inc. Common Stock,43.58,43.689998626708984,44.33000183105469,43.38999938964844,44.029998779296875,238011734.0,10383,Finance
NAUT,Nautilus Biotechnology Inc. Common Stock,1.87,1.8899999856948853,2.0899999141693115,1.725000023841858,1.7699999809265137,237967267.0,29556130,Industrials
JACK,Jack In The Box Inc. Common Stock,12.36,12.430000305175781,12.710000038146973,12.180000305175781,12.279999732971191,237056519.0,359266,Consumer Discretionary
MVST,Microvast Holdings Inc. Common Stock,0.6156,0.6230000257492065,0.6299999952316284,0.6100000143051147,0.6119999885559082,236719430.0,3000037,Miscellaneous
BRCC,BRC Inc. Class A Common Stock,9.45,9.520000457763672,9.562999725341797,9.350000381469727,9.4399995803833,236521650.0,83419,Consumer Staples
ASLE,AerSale Corporation Common Stock,4.95,4.96999979019165,5.099999904632568,4.949999809265137,4.96999979019165,236247477.0,932445,Consumer Discretionary
USAU,U.S. Gold Corp. Common Stock,14.28,14.270000457763672,14.600000381469727,14.0,14.300000190734863,236029308.0,154496,Basic Materials
SMHI,SEACOR Marine Holdings Inc. Common Stock ,8.69,8.819999694824219,8.819999694824219,8.350000381469727,8.380000114440918,235784258.0,86148,Consumer Discretionary
CMTV,Community Bancorp. Common Stock,42.06,42.150001525878906,42.72999954223633,41.959999084472656,42.72999954223633,235573938.0,16513,Finance
PLAY,Dave & Buster's Entertainment Inc. Common Stock,6.76,6.829999923706055,7.099999904632568,6.800000190734863,6.860000133514404,235455153.0,2604463,Consumer Discretionary
ALIT,Alight Inc. Class A Common Stock,8.74,8.770000457763672,9.350000381469727,8.649999618530273,9.0600004196167,235447673.0,414418,Consumer Discretionary
ELMD,Electromed Inc. Common Stock,28.32,28.399999618530273,28.43000030517578,27.670000076293945,28.270000457763672,234690247.0,69580,Health Care
LCTX,Lineage Cell Therapeutics Inc. Common Stock,0.9274,0.9399999976158142,0.9700000286102295,0.9300000071525574,0.9399999976158142,234546382.0,1386604,Health Care
INBK,First Internet Bancorp Common Stock,26.83,26.959999084472656,27.030000686645508,26.729999542236328,26.729999542236328,234321790.0,28673,Finance
FOA,Finance of America Companies Inc. Class A Common Stock,13.51,13.59000015258789,13.649999618530273,12.729999542236328,12.989999771118164,233816084.0,49193,Finance
UTMD,Utah Medical Products Inc. Common Stock,73.31,73.5,74.18000030517578,73.5,73.83000183105469,233405698.0,33866,Health Care
KGEI,Kolibri Global Energy Inc. Common stock,6.42,6.5,6.5,6.230000019073486,6.360000133514404,230808598.0,207259,Energy
EAF,GrafTech International Ltd. Common Stock,8.82,8.920000076293945,10.0,8.850000381469727,9.399999618530273,230132886.0,375284,Energy
SMRT,SmartRent Inc. Class A Common Stock,1.2,1.2000000476837158,1.2300000190734863,1.2000000476837158,1.2000000476837158,229934159.0,487824,Technology
ONIT,Onity Group Inc. Common Stock,27.5,27.65999984741211,28.1200008392334,27.049999237060547,27.770000457763672,229749300.0,134025,Finance
SPOK,Spok Holdings Inc. Common Stock,10.97,10.970000267028809,11.029999732971191,10.899999618530273,10.960000038146973,229471963.0,210978,Telecommunications
XPOF,Xponential Fitness Inc. Class A Common Stock,4.64,4.710000038146973,4.909999847412109,4.639999866485596,4.829999923706055,228863360.0,947884,Consumer Discretionary
KROS,Keros Therapeutics Inc. Common Stock,11.52,11.5600004196167,11.630000114440918,10.949999809265137,11.010000228881836,228409206.0,132420,Health Care
MBI,MBIA Inc. Common Stock,4.47,4.46999979019165,4.550000190734863,4.28000020980835,4.449999809265137,228043505.0,301730,Finance
ASUR,Asure Software Inc Common Stock,7.89,7.889999866485596,7.940000057220459,7.440000057220459,7.460000038146973,227857898.0,128956,Technology
OPBK,OP Bancorp Common Stock,15.2,15.199999809265137,15.369999885559082,15.130000114440918,15.229999542236328,226975748.0,53524,Finance
SND,Smart Sand Inc. Common Stock,5.35,5.349999904632568,5.394999980926514,5.163000106811523,5.320000171661377,226834976.0,194258,Industrials
RGCO,RGC Resources Inc. Common Stock,21.64,21.760000228881836,21.81999969482422,21.309999465942383,21.6200008392334,225479192.0,15357,Utilities
NUS,Nu Skin Enterprises Inc. Common Stock,4.63,4.670000076293945,4.800000190734863,4.639999866485596,4.739999771118164,225372815.0,458945,Health Care
MRBK,Meridian Corporation Common Stock,18.88,18.959999084472656,19.225000381469727,18.809999465942383,18.809999465942383,225220426.0,61972,Finance
FF,FutureFuel Corp.  Common shares,5.1,5.110000133514404,5.170000076293945,5.03000020980835,5.159999847412109,223702922.0,189053,Industrials
EICA,Eagle Point Income Company 5.00% Series A Term Preferred Shares due 2026,25.0,24.979999542236328,25.0,24.979999542236328,24.989999771118164,222702700.0,1912,Finance
LYEL,Lyell Immunopharma Inc. Common Stock,9.07,9.130000114440918,9.130000114440918,8.585000038146973,8.609999656677246,222261629.0,129467,Health Care
ALEC,Alector Inc. Common Stock,1.99,2.0799999237060547,2.2300000190734863,1.75,1.809999942779541,222197269.0,89984877,Health Care
RAIL,FreightCar America Inc. Common Stock,6.76,6.809999942779541,6.820000171661377,6.550000190734863,6.599999904632568,221669053.0,107334,Industrials
CFBK,CF Bankshares Inc. Common Stock,34.55,34.540000915527344,34.689998626708984,34.400001525878906,34.599998474121094,221655940.0,28044,Finance
BMEZ,BlackRock Health Sciences Term Trust Common Shares of Beneficial Interest,16.54,16.649999618530273,16.68000030517578,16.350000381469727,16.3799991607666,220528118.0,134827,Finance
INBKZ,First Internet Bancorp 6.0% Fixed-to-Floating Rate Subordinated Notes Due 2029,25.205,25.277999877929688,25.277999877929688,25.224000930786133,25.224000930786133,219613534.0,126,Finance
HDSN,Hudson Technologies Inc. Common Stock,5.215,5.239999771118164,5.409999847412109,5.230000019073486,5.309999942779541,219491773.0,303718,Consumer Discretionary
SION,Sionna Therapeutics Inc. Common Stock,4.85,4.880000114440918,4.880000114440918,4.519999980926514,4.75,219280135.0,1097431,Health Care
LIEN,Chicago Atlantic BDC Inc. Common Stock,9.57,9.600000381469727,9.635000228881836,9.460000038146973,9.489999771118164,218393046.0,77338,Finance
NATR,Nature's Sunshine Products Inc. Common Stock,12.4,12.449999809265137,12.670000076293945,12.350000381469727,12.539999961853027,218184448.0,126940,Health Care
LMNR,Limoneira Co Common Stock,11.98,12.0,12.319999694824219,11.989999771118164,12.180000305175781,217221444.0,193711,Consumer Staples
GSIT,GSI Technology Common Stock,5.64,5.71999979019165,5.760000228881836,5.559999942779541,5.579999923706055,216759808.0,378462,Technology
AMWL,American Well Corporation Class A Common Stock,12.72,12.760000228881836,12.829999923706055,12.180000305175781,12.270000457763672,216351402.0,82269,Consumer Discretionary
RNAC,Cartesian Therapeutics Inc. Common Stock,7.14,7.150000095367432,7.230000019073486,6.75,6.75,216023213.0,226273,Health Care
FTF,Franklin Limited Duration Income Trust Common Shares of Beneficial Interest,5.32,5.320000171661377,5.369999885559082,5.309999942779541,5.349999904632568,214956590.0,277758,Finance
KLC,KinderCare Learning Companies Inc. Common Stock,1.81,1.8700000047683716,2.0,1.8300000429153442,2.0,214515830.0,942005,Consumer Discretionary
FCNCO,First Citizens BancShares Inc. 5.625% Non-Cumulative Perpetual Preferred Stock Series C,18.9845,18.8700008392334,19.01099967956543,18.709999084472656,18.75,214394237.0,16599,Finance
EXFY,Expensify Inc. Class A Common Stock,2.35,2.359999895095825,2.390000104904175,2.2130000591278076,2.2300000190734863,214288660.0,514369,Technology
AMOD,Alpha Modus Holdings Inc. Class A Common Stock,3.78,3.2100000381469727,3.3499999046325684,2.4200000762939453,2.5,213977575.0,28692346,Miscellaneous
LOVE,The Lovesac Company Common Stock,14.83,14.84000015258789,15.015000343322754,14.59000015258789,14.760000228881836,213899511.0,214058,Consumer Discretionary
FORR,Forrester Research Inc. Common Stock,11.23,11.239999771118164,11.399999618530273,11.15999984741211,11.229999542236328,213807970.0,88650,Industrials
QUIK,QuickLogic Corporation Common Stock,11.65,11.760000228881836,11.760000228881836,11.380000114440918,11.489999771118164,213401683.0,185513,Technology
TRDA,Entrada Therapeutics Inc. Common Stock,5.48,5.519999980926514,5.519999980926514,5.25,5.420000076293945,213372946.0,463822,Health Care
FCAP,First Capital Inc. Common Stock,63.74,63.5099983215332,65.12999725341797,62.72999954223633,64.58999633789062,213186398.0,15181,Finance
NAGE,Niagen Bioscience Inc. Common Stock,2.68,2.6700000762939453,2.7100000381469727,2.6600000858306885,2.690000057220459,212057685.0,865153,Health Care
ZSQR,Z Squared Inc. Common Stock,4.0,3.9100000858306885,4.53000020980835,3.8499999046325684,4.360000133514404,212001588.0,360712,Finance
ANTX,AN2 Therapeutics Inc. Common Stock,5.61,5.389999866485596,5.599999904632568,5.005000114440918,5.070000171661377,211700290.0,299959,Health Care
WHWK,Whitehawk Therapeutics Inc. Common Stock,3.7,3.7200000286102295,3.7200000286102295,3.549999952316284,3.609999895095825,210933337.0,289144,Health Care
PNNT,PennantPark Investment Corporation Common Stock,3.23,3.25,3.259999990463257,3.2100000381469727,3.2100000381469727,210906384.0,605414,Finance
ALTG,Alta Equipment Group Inc. Class A Common Stock,6.45,6.519999980926514,6.795000076293945,6.5,6.739999771118164,210701324.0,216549,Industrials
OVBC,Ohio Valley Banc Corp. Common Stock,44.72,44.86000061035156,45.83000183105469,44.810001373291016,45.650001525878906,210675965.0,12696,Finance
ZUMZ,Zumiez Inc. Common Stock,13.73,13.729999542236328,14.100000381469727,13.420000076293945,14.100000381469727,210489316.0,300597,Consumer Discretionary
USBC,USBC Inc. Common Stock,0.54,0.5400000214576721,0.5600000023841858,0.5400000214576721,0.550000011920929,209597992.0,245749,Finance
PDEX,Pro-Dex Inc. Common Stock,65.405,65.04000091552734,66.8499984741211,64.02999877929688,64.91999816894531,209514060.0,45166,Health Care
AOUT,American Outdoor Brands Inc. Common Stock ,16.6,16.68000030517578,16.68000030517578,15.949999809265137,16.09000015258789,209512335.0,139015,Consumer Discretionary
SCM,Stellus Capital Investment Corporation Common Stock,7.35,7.429999828338623,7.429999828338623,7.269999980926514,7.300000190734863,209327537.0,107900,Finance
BAFN,BayFirst Financial Corp. Common Stock,7.75,7.534999847412109,7.534999847412109,7.099999904632568,7.260000228881836,208961816.0,126584,Finance
FIRY,Firy Inc. Class A Common Stock,12.57,12.510000228881836,12.789999961853027,12.390000343322754,12.479999542236328,208941770.0,121711,Technology
DHX,DHI Group Inc. Common Stock,4.81,4.809999942779541,4.889999866485596,4.71999979019165,4.739999771118164,208870354.0,181463,Consumer Discretionary
LCUT,Lifetime Brands Inc. Common Stock,9.06,9.069999694824219,9.329999923706055,8.859999656677246,9.15999984741211,208278854.0,261252,Consumer Discretionary
CMT,Core Molding Technologies Inc Common Stock,23.5,23.6299991607666,23.860000610351562,23.31999969482422,23.520000457763672,207952299.0,32128,Industrials
EU,enCore Energy Corp. Common Shares,1.07,1.0800000429153442,1.1799999475479126,1.0800000429153442,1.1399999856948853,207880639.0,1802214,Basic Materials
OSS,One Stop Systems Inc. Common Stock,8.33,8.489999771118164,8.510000228881836,8.260000228881836,8.34000015258789,207751283.0,1002016,Technology
SGC,Superior Group of Companies Inc. Common Stock,13.0,13.0,13.149999618530273,12.869999885559082,13.050000190734863,207287613.0,29725,Consumer Discretionary
EXOD,Exodus Movement Inc. Class A Common Stock,6.85,6.960000038146973,7.074999809265137,6.690000057220459,6.860000133514404,206892317.0,80090,Finance
RBKB,Rhinebeck Bancorp Inc. Common Stock,13.23,13.229999542236328,13.28499984741211,13.130000114440918,13.220000267028809,206863830.0,89970,Finance
ECC,Eagle Point Credit Company Common Share of Beneficial Interest,3.41,3.4200000762939453,3.430000066757202,3.2149999141693115,3.2899999618530273,206859207.0,563010,Finance
BGS,B&G Foods Inc. Common Stock,2.54,2.549999952316284,2.549999952316284,2.4000000953674316,2.440000057220459,206440204.0,4301384,Consumer Staples
OSG,Octave Specialty Group Inc. Common Stock,4.58,4.590000152587891,4.639999866485596,4.519999980926514,4.619999885559082,206335806.0,493206,Finance
QMLS,QumulusAI Inc. Common Stock,6.16,6.150000095367432,6.260000228881836,6.050000190734863,6.159999847412109,206104452.0,298289,Technology
CZWI,Citizens Community Bancorp Inc. Common Stock,21.31,21.299999237060547,21.579999923706055,21.15999984741211,21.459999084472656,205646423.0,24853,Finance
ACRE,Ares Commercial Real Estate Corporation Common Stock,3.7,3.700000047683716,3.799999952316284,3.700000047683716,3.75,205280118.0,1084748,Real Estate
ESOA,Energy Services of America Corporation Common Stock,11.0,11.0600004196167,11.329999923706055,11.0600004196167,11.3100004196167,205250991.0,69403,Industrials
XGN,Exagen Inc. Common Stock,8.46,8.529999732971191,8.699999809265137,8.09000015258789,8.1899995803833,204946368.0,291783,Health Care
LDI,loanDepot Inc. Class A Common Stock,0.6058,0.6200000047683716,0.6230000257492065,0.6000000238418579,0.6179999709129333,204854461.0,2348764,Finance
AIRO,AIRO Group Holdings Inc. Common Stock,6.49,6.519999980926514,6.670000076293945,6.5,6.53000020980835,204797901.0,368205,Industrials
SDEV,Stablecoin Development Corporation Common Stock,3.94,3.4800000190734863,4.429999828338623,3.0399999618530273,3.25,203900354.0,87543099,Health Care
FCNCP,First Citizens BancShares Inc. Depositary Shares,18.031,18.06999969482422,18.170000076293945,17.93899917602539,18.09000015258789,203626247.0,9471,Finance
ELDN,Eledon Pharmaceuticals Inc. Common Stock,2.5,2.5299999713897705,2.559999942779541,2.4200000762939453,2.450000047683716,203152880.0,725934,Health Care
KLTR,Kaltura Inc. Common Stock,1.32,1.3300000429153442,1.3300000429153442,1.2799999713897705,1.2799999713897705,201367614.0,163338,Technology
NCMI,National CineMedia Inc. Common Stock,2.14,2.1500000953674316,2.190000057220459,2.0999999046325684,2.1600000858306885,201310748.0,1898717,Consumer Discretionary
MPAA,Motorcar Parts  of America Inc. Common Stock,10.62,10.65999984741211,10.739999771118164,10.5,10.680000305175781,201070658.0,79960,Consumer Discretionary
CXDO,Crexendo Inc. Common Stock,6.02,6.099999904632568,6.130000114440918,5.900000095367432,5.960000038146973,200187816.0,217682,Telecommunications
AP,Ampco-Pittsburgh Corporation Common Stock,9.65,9.770000457763672,9.779999732971191,9.390000343322754,9.420000076293945,199355693.0,90085,Industrials
RICK,RCI Hospitality Holdings Inc. Common Stock,26.03,26.040000915527344,26.329999923706055,25.729999542236328,26.110000610351562,198986335.0,30535,Consumer Discretionary
NSLR,Neostellar Capital Corp. Common Stock,7.5,7.5,7.579999923706055,7.449999809265137,7.5,198549165.0,288988,Finance
APC,ARKO Petroleum Corp. Class A Common Stock,15.77,15.760000228881836,16.3799991607666,15.510000228881836,16.31999969482422,198232417.0,266290,Energy
RXST,RxSight Inc. Common Stock,4.76,4.760000228881836,4.760000228881836,4.599999904632568,4.650000095367432,197983899.0,483765,Health Care
TONX,TON Strategy Company Common Stock,3.59,3.619999885559082,3.634999990463257,3.5260000228881836,3.5799999237060547,197708441.0,162289,Finance
CPSS,Consumer Portfolio Services Inc. Common Stock,9.01,9.029999732971191,9.119999885559082,9.0,9.010000228881836,197365717.0,31179,Finance
CHCI,Comstock Holding Companies Inc. Class A Common Stock,19.17,19.170000076293945,19.399999618530273,18.56999969482422,18.75,197105020.0,32640,Finance
MFM,Aberdeen Municipal Income Fund Common Shares of Beneficial Interest,4.78,4.789999961853027,4.980000019073486,4.789999961853027,4.940000057220459,196876876.0,689692,Finance
NXH,Neighborhood Intelligence Inc. Common Stock,2.06,2.049999952316284,2.049999952316284,1.7400000095367432,1.8300000429153442,196725227.0,11797481,Consumer Discretionary
TPVG,TriplePoint Venture Growth BDC Corp. Common Stock,4.83,4.800000190734863,4.869999885559082,4.769999980926514,4.809999942779541,196627962.0,187110,Consumer Discretionary
RILY,BRC Group Holdings Inc. Common Stock,4.88,4.940000057220459,5.059999942779541,4.900000095367432,4.96999979019165,196174804.0,798389,Finance
FC,Franklin Covey Company Common Stock,17.35,17.530000686645508,17.809999465942383,17.200000762939453,17.450000762939453,195948697.0,40114,Consumer Discretionary
FEAM,5E Advanced Materials Inc. Common Stock,3.92,3.9700000286102295,4.09499979019165,3.740000009536743,3.759999990463257,194568694.0,1184518,Industrials
RDNW,RideNow Group Inc. Class B Common Stock,4.95,4.949999809265137,4.949999809265137,4.699999809265137,4.880000114440918,193104886.0,116106,Technology
INTT,inTest Corporation Common Stock,15.04,15.039999961853027,15.399999618530273,14.470000267028809,14.470000267028809,192899821.0,386630,Industrials
GCTS,GCT Semiconductor Holding Inc. Common Stock,2.09,2.130000114440918,2.2100000381469727,2.0999999046325684,2.119999885559082,192216727.0,1270196,Technology
LARK,Landmark Bancorp Inc. Common Stock,31.26,31.350000381469727,31.350000381469727,30.969999313354492,31.270000457763672,190702693.0,7035,Finance
TAYD,Taylor Devices Inc. Common Stock,58.57,58.75,60.810001373291016,58.75,60.290000915527344,189173193.0,57984,Industrials
YARW,Yarrow Bioscience Inc. Common Stock,20.3,20.139999389648438,21.084999084472656,18.530000686645508,18.729999542236328,188878528.0,102530,Health Care
DERM,Journey Medical Corporation Common Stock,6.69,6.690000057220459,6.730000019073486,6.130000114440918,6.159999847412109,188821203.0,88747,Health Care
CBFV,CB Financial Services Inc. Common Stock,37.01,37.18000030517578,37.279998779296875,37.18000030517578,37.279998779296875,188069424.0,5595,Finance
ESP,Espey Mfg. & Electronics Corp. Common Stock,61.91,62.040000915527344,64.72000122070312,61.65999984741211,62.29999923706055,188012746.0,45123,Technology
AUC,ATIF Holdings Limited Ordinary Shares,8.45,8.489999771118164,8.710000038146973,8.329999923706055,8.710000038146973,186984794.0,778,Consumer Discretionary
SRI,Stoneridge Inc. Common Stock,6.53,6.710000038146973,6.710000038146973,6.409999847412109,6.5,186254367.0,147523,Consumer Discretionary
AREC,American Resources Corporation Class A Common Stock,1.74,1.7599999904632568,1.7699999809265137,1.7000000476837158,1.7000000476837158,186130013.0,1700119,Energy
CNTN,Canton Strategic Holdings Inc. Common Stock,2.33,2.3399999141693115,2.450000047683716,2.299999952316284,2.3399999141693115,185657571.0,739362,Health Care
NUCL,Eagle Nuclear Energy Corp. Common stock,6.25,6.199999809265137,6.5,6.199999809265137,6.289999961853027,184873738.0,139464,Basic Materials
AMPY,Amplify Energy Corp. Common Stock,4.43,4.389999866485596,4.539999961853027,4.360000133514404,4.480000019073486,183652074.0,522504,Energy
STRW,Strawberry Fields REIT Inc. Common Stock,12.97,13.039999961853027,13.300000190734863,12.970000267028809,13.100000381469727,183620648.0,41443,Real Estate
VTN,Invesco Trust for Investment Grade New York Municipals Common Stock,9.42,9.350000381469727,9.649999618530273,9.34000015258789,9.569999694824219,183557922.0,28259,Finance
EPSN,Epsilon Energy Ltd. Common Share,6.06,6.03000020980835,6.090000152587891,5.920000076293945,5.96999979019165,183519701.0,125596,Energy
ECBK,ECB Bancorp Inc. Common Stock,20.95,20.979999542236328,20.979999542236328,20.6200008392334,20.6200008392334,183054857.0,10511,Finance
BVFL,BV Financial Inc. Common Stock,21.47,21.450000762939453,21.510000228881836,21.399999618530273,21.510000228881836,181863868.0,21696,Finance
RC,Ready Capital Corporation Common Stock,1.1,1.1299999952316284,1.159999966621399,1.100000023841858,1.1200000047683716,181710091.0,1628729,Real Estate
WHG,Westwood Holdings Group Inc Common Stock,19.03,19.15999984741211,19.15999984741211,18.5,19.010000228881836,181606183.0,14264,Finance
FNWD,Finward Bancorp Common Stock,41.9,41.79999923706055,42.220001220703125,41.70000076293945,41.70000076293945,181552784.0,17132,Finance
SBFG,SB Financial Group Inc. Common Stock,29.01,29.139999389648438,29.90999984741211,29.049999237060547,29.479999542236328,181399298.0,16487,Finance
NKTX,Nkarta Inc. Common Stock,2.53,2.549999952316284,2.549999952316284,2.2950000762939453,2.309999942779541,181210721.0,522114,Health Care
HNVR,Hanover Bancorp Inc. Common Stock,25.68,25.639999389648438,25.78499984741211,25.31999969482422,25.40999984741211,181183288.0,38097,Finance
BSET,Bassett Furniture Industries Incorporated Common Stock,20.94,20.989999771118164,21.219999313354492,20.600000381469727,21.1200008392334,181159499.0,48450,Consumer Discretionary
ATOM,Atomera Incorporated Common Stock,4.62,4.659999847412109,4.730000019073486,4.460000038146973,4.460000038146973,180291074.0,480992,Technology
CIA,Citizens Inc. Class A Common Stock ($1.00 Par),3.56,3.5999999046325684,3.680000066757202,3.4700000286102295,3.5199999809265137,180289464.0,106365,Finance
QTRX,Quanterix Corporation Common Stock,3.81,3.8299999237060547,3.9800000190734863,3.4200000762939453,3.440000057220459,180186578.0,1032206,Industrials
ANNA,AleAnna Inc. Class A Common Stock,2.69,2.7100000381469727,2.7750000953674316,2.630000114440918,2.7300000190734863,180053536.0,122784,Energy
NAKA,Nakamoto Inc. Common Stock,10.05,10.180000305175781,10.315999984741211,9.449999809265137,9.569999694824219,179844177.0,289382,Health Care
MITT,TPG Mortgage Investment Trust Inc. Common Stock,5.63,5.659999847412109,5.739999771118164,5.610000133514404,5.670000076293945,179053564.0,434889,Real Estate
DFDV,DeFi Development Corp. Common Stock,5.47,5.650000095367432,5.710000038146973,4.949999809265137,4.980000019073486,178435721.0,1554309,Finance
GPJA,Georgia Power Company Series 2017A 5.00% Junior Subordinated Notes due October 1 2077,19.2,19.219999313354492,19.25,18.90999984741211,18.90999984741211,177820800.0,19574,Utilities
PAAC,Proem Acquisition Corp I Ordinary Shares,10.01,10.010000228881836,10.020000457763672,10.010000228881836,10.010000228881836,177410563.0,208767,Finance
SIDU,Sidus Space Inc. Class A Common Stock,1.75,1.7599999904632568,1.8200000524520874,1.7400000095367432,1.7400000095367432,177144321.0,4475479,Telecommunications
MNSB,MainStreet Bancshares Inc. Common Stock,24.86,24.950000762939453,25.110000610351562,24.700000762939453,24.860000610351562,177029949.0,57668,Finance
CUE,Cue Biopharma Inc. Common Stock,24.36,24.219999313354492,24.889999389648438,22.920000076293945,23.139999389648438,176961125.0,272697,Health Care
MNSBP,MainStreet Bancshares Inc. Depositary Shares,24.82,24.81999969482422,24.81999969482422,24.81999969482422,24.81999969482422,176745106.0,980,Finance
FT,Franklin Universal Trust Common Stock,7.03,7.019999980926514,7.139999866485596,7.019999980926514,7.110000133514404,176677215.0,91670,Finance
NEOV,NeoVolta Inc. Common Stock,2.96,2.9700000286102295,3.0299999713897705,2.8299999237060547,2.8499999046325684,174679211.0,1458385,Miscellaneous
DTIL,Precision BioSciences Inc. Common Stock,6.31,6.360000133514404,6.400000095367432,6.105000019073486,6.199999809265137,174165806.0,219048,Health Care
CURI,CuriosityStream Inc. Class A Common Stock,2.92,2.930000066757202,2.950000047683716,2.9049999713897705,2.940000057220459,173267042.0,269128,Consumer Discretionary
LODE,Comstock Inc. Common Stock,2.28,2.2699999809265137,2.299999952316284,2.2300000190734863,2.259999990463257,173264147.0,1441691,Industrials
CHRS,Coherus Oncology Inc. Common Stock,1.12,1.1299999952316284,1.1299999952316284,1.0099999904632568,1.0299999713897705,173041082.0,2009502,Health Care
CMPX,Compass Therapeutics Inc. Common Stock,0.9606,0.9900000095367432,1.0199999809265137,0.9399999976158142,0.9980000257492065,172992451.0,15831999,Health Care
MPV,Barings Participation Investors Common Stock,16.25,16.100000381469727,16.5,16.06999969482422,16.350000381469727,172277625.0,11781,Finance
SJT,San Juan Basin Royalty Trust Common Stock,3.69,3.619999885559082,3.8299999237060547,3.619999885559082,3.7899999618530273,171986457.0,394913,Energy
PED,Pedevco Corp. Common Stock,12.93,12.970000267028809,13.359999656677246,12.930000305175781,13.239999771118164,171865728.0,7514,Energy
HSDT,Solana Company Class A Common Stock (DE),2.65,2.6600000858306885,2.7300000190734863,2.630000114440918,2.6600000858306885,171794356.0,296085,Health Care
SITC,SITE Centers Corp. Common Stock,3.24,3.2300000190734863,3.4100000858306885,3.184999942779541,3.200000047683716,170020098.0,1521262,Real Estate
UIS,Unisys Corporation New Common Stock,2.32,2.3399999141693115,2.390000104904175,2.309999942779541,2.309999942779541,169165016.0,1208271,Technology
AOMR,Angel Oak Mortgage REIT Inc. Common Stock,7.25,7.28000020980835,7.429999828338623,7.250999927520752,7.380000114440918,168307858.0,113037,Finance
STIM,Neuronetics Inc. Common Stock,2.2,2.2200000286102295,2.2799999713897705,2.190000057220459,2.2100000381469727,167633888.0,812080,Health Care
ALXO,ALX Oncology Holdings Inc. Common Stock,1.21,1.190000057220459,1.2100000381469727,1.090000033378601,1.1100000143051147,167315166.0,1788744,Health Care
EBMT,Eagle Bancorp Montana Inc. Common Stock,20.91,20.979999542236328,21.40999984741211,20.68000030517578,21.049999237060547,166557162.0,28020,Finance
CMTG,Claros Mortgage Trust Inc. Common Stock,1.18,1.2100000381469727,1.2300000190734863,1.1749999523162842,1.2100000381469727,166479363.0,2504262,Finance
ORGO,Organogenesis Holdings Inc. Class A Common Stock,1.29,1.2999999523162842,1.350000023841858,1.2899999618530273,1.340000033378601,165990167.0,1834563,Health Care
ATER,Aterian Inc. Common Stock,0.6356,0.6359999775886536,0.6990000009536743,0.6349999904632568,0.6430000066757202,165147236.0,195518,Consumer Discretionary
DMRC,Digimarc Corporation Common Stock,6.1,6.150000095367432,6.639999866485596,6.070000171661377,6.179999828338623,164995551.0,208846,Technology
OPRX,OptimizeRx Corporation Common Stock,8.72,8.819999694824219,9.180000305175781,8.789999961853027,8.8100004196167,164249493.0,166715,Consumer Discretionary
PEPG,PepGen Inc. Common Stock,2.36,2.380000114440918,2.384999990463257,2.259999990463257,2.309999942779541,163452460.0,607439,Health Care
FLWS,1-800-FLOWERS.COM Inc. Common Stock,2.54,2.559999942779541,2.640000104904175,2.5,2.5899999141693115,163030144.0,354092,Consumer Discretionary
GLND,Greenland Energy Company Common Stock,3.71,3.4800000190734863,3.5299999713897705,2.950000047683716,3.0,162239020.0,4564740,Energy
ONEW,OneWater Marine Inc. Class A Common Stock,9.67,9.720000267028809,10.010000228881836,9.579999923706055,9.720000267028809,161156536.0,68285,Consumer Discretionary
GRX,The Gabelli Healthcare & Wellness Trust Common Shares of Beneficial Interest,9.39,9.329999923706055,9.489999771118164,9.329999923706055,9.420000076293945,160503016.0,7107,Finance
MRLN,Merlin Inc. Common Stock,1.57,1.5800000429153442,1.6200000047683716,1.5299999713897705,1.559999942779541,158676421.0,3184278,Technology
NERV,Minerva Neurosciences Inc Common Stock,3.32,3.380000114440918,3.490000009536743,3.2799999713897705,3.430000066757202,158521896.0,72364,Health Care
INGN,Inogen Inc Common Stock,5.94,5.940000057220459,5.980000019073486,5.764999866485596,5.769999980926514,157637722.0,348992,Health Care
LEE,Lee Enterprises Incorporated Common Stock,7.07,7.099999904632568,7.230000019073486,7.0,7.070000171661377,157604751.0,25949,Consumer Discretionary
GNT,GAMCO Natural Resources Gold & Income Trust,8.53,8.5,8.600000381469727,8.489999771118164,8.550000190734863,157595495.0,71072,Finance
EGAN,eGain Corporation Common Stock,5.97,5.989999771118164,6.03000020980835,5.25,5.289999961853027,156243658.0,705328,Technology
DLTH,Duluth Holdings Inc. Class B Common Stock,4.1,4.099999904632568,4.139999866485596,4.03000020980835,4.059999942779541,155820504.0,133319,Consumer Discretionary
SKYX,SKYX Platforms Corp. Common Stock,1.15,1.159999966621399,1.190000057220459,1.1299999952316284,1.1299999952316284,155745643.0,322220,Consumer Discretionary
ELME,Elme Communities Common Stock,1.75,1.75,1.7599999904632568,1.75,1.75,155501295.0,2991775,Real Estate
TARA,Protara Therapeutics Inc.  Common Stock,2.63,2.630000114440918,2.700000047683716,2.5299999713897705,2.555000066757202,155421133.0,1397610,Health Care
SEVN,Seven Hills Realty Trust Common Stock,6.84,6.840000152587891,6.949999809265137,6.769999980926514,6.900000095367432,154971185.0,304107,Real Estate
ABOS,Acumen Pharmaceuticals Inc. Common Stock,2.13,2.130000114440918,2.140000104904175,2.0,2.0299999713897705,154035817.0,713998,Health Care
FINW,FinWise Bancorp Common Stock,11.02,11.020000457763672,11.0649995803833,10.829999923706055,10.869999885559082,152987134.0,26379,Finance
JELD,JELD-WEN Holding Inc. Common Stock,1.76,1.75,1.8700000047683716,1.7400000095367432,1.8200000524520874,152703552.0,1272095,Basic Materials
AVXL,Anavex Life Sciences Corp. Common Stock,1.645,1.659999966621399,1.7100000381469727,1.559999942779541,1.600000023841858,152486305.0,2031628,Health Care
CDXS,Codexis Inc. Common Stock,1.39,1.399999976158142,1.4500000476837158,1.3600000143051147,1.3600000143051147,152213013.0,894346,Industrials
RRGB,Red Robin Gourmet Burgers Inc. Common Stock,8.05,8.170000076293945,8.479999542236328,8.130000114440918,8.359999656677246,152175204.0,246741,Consumer Discretionary
DVLT,Datavault AI Inc. Common Stock,0.16,0.1599999964237213,0.1599999964237213,0.15000000596046448,0.15000000596046448,151956577.0,18944754,Consumer Discretionary
WHF,WhiteHorse Finance Inc. Common Stock,7.07,7.059999942779541,7.21999979019165,6.940000057220459,7.0,151838650.0,159464,Finance
VYGR,Voyager Therapeutics Inc. Common Stock,2.46,2.4600000381469727,2.5,2.4100000858306885,2.4600000381469727,151580152.0,1391976,Health Care
AGPU,Axe Compute Inc. Common Stock,12.99,13.119999885559082,13.119999885559082,11.9399995803833,12.289999961853027,150568701.0,340157,Health Care
TRAK,ReposiTrak Inc. Common Stock,8.08,8.119999885559082,8.149999618530273,7.829999923706055,8.010000228881836,150313557.0,69967,Technology
OCC,Optical Cable Corporation Common Stock,16.99,17.15999984741211,17.520000457763672,16.530000686645508,16.729999542236328,150225988.0,181637,Industrials
HUCK,Huckleberry.ai Inc. Class B Common Stock,3.19,3.2100000381469727,3.25,3.0899999141693115,3.119999885559082,150045354.0,707289,Technology
COOK,Traeger Inc. Common Stock,53.44,53.689998626708984,53.689998626708984,51.060001373291016,51.060001373291016,149537091.0,36820,Consumer Discretionary
PIM,Franklin Master Intermediate Income Trust Shares of Beneficial Interest,2.97,2.9800000190734863,3.009999990463257,2.9800000190734863,3.0,149252580.0,347024,Finance
EML,Eastern Company (The) Common Stock,24.79,25.0,25.600000381469727,24.229999542236328,25.040000915527344,149175263.0,9254,Consumer Discretionary
WW,WW International Inc.  Common Stock,14.87,14.869999885559082,16.149999618530273,14.529999732971191,15.680000305175781,148681561.0,88732,Consumer Discretionary
SSTK,Shutterstock Inc. Common Stock,4.01,4.070000171661377,4.130000114440918,3.9600000381469727,4.079999923706055,148160213.0,904057,Technology
VNCE,Vince Holding Corp. Common Stock,11.435,11.5,13.109999656677246,11.430000305175781,12.239999771118164,148023205.0,332067,Consumer Discretionary
OWLT,Owlet Inc. Class A Common Stock,5.06,5.139999866485596,5.239999771118164,4.840000152587891,4.889999866485596,147861686.0,163668,Industrials
SRBK,SR Bancorp Inc. Common stock,18.56,18.56999969482422,18.860000610351562,18.489999771118164,18.489999771118164,147206710.0,29910,Finance
KRRO,Korro Bio Inc. Common Stock,9.97,10.199999809265137,10.350000381469727,9.470000267028809,9.760000228881836,146814691.0,112235,Health Care
MRDN,Meridian Holdings Inc. Common Stock,11.55,11.619999885559082,11.619999885559082,11.029999732971191,11.170000076293945,146471706.0,48621,Technology
NXG,NXG NextGen Infrastructure Income Fund Common Shares of Beneficial Interest,56.01,56.52000045776367,57.9900016784668,56.31999969482422,57.9900016784668,145722001.0,60420,Uncategorized
OTLK,Outlook Therapeutics Inc. Common Stock,0.5955,0.6000000238418579,0.6200000047683716,0.5720000267028809,0.5720000267028809,144973018.0,4687761,Health Care
HURC,Hurco Companies Inc. Common Stock,22.37,22.540000915527344,22.739999771118164,22.06999969482422,22.06999969482422,144875323.0,13830,Industrials
KLXE,KLX Energy Services Holdings Inc. Common Stock,1.37,1.3799999952316284,1.4199999570846558,1.3600000143051147,1.3600000143051147,144777720.0,469091,Energy
VRA,Vera Bradley Inc. Common Stock,5.02,5.039999961853027,5.21999979019165,4.849999904632568,5.079999923706055,144017093.0,413034,Consumer Discretionary
FGBI,First Guaranty Bancshares Inc. Common Stock,8.7,8.789999961853027,8.789999961853027,8.359999656677246,8.5,143890118.0,57273,Finance
SIF,SIFCO Industries Inc. Common Stock,23.0,23.270000457763672,23.780000686645508,22.84000015258789,23.010000228881836,143844944.0,41139,Industrials
BANX,ArrowMark Financial Corp. Common Stock,20.17,20.209999084472656,20.450000762939453,19.959999084472656,19.959999084472656,143259966.0,30432,Finance
EPM,Evolution Petroleum Corporation Inc. Common Stock,3.56,3.549999952316284,3.6500000953674316,3.5199999809265137,3.640000104904175,143013125.0,346182,Energy
DH,Definitive Healthcare Corp. Class A Common Stock,0.9862,0.9760000109672546,1.0,0.9760000109672546,0.9879999756813049,142969459.0,164481,Technology
BRLT,Brilliant Earth Group Inc. Class A Common Stock,1.4,1.3899999856948853,1.4299999475479126,1.3300000429153442,1.4299999475479126,142551913.0,67115,Consumer Discretionary
LSBK,Lake Shore Bancorp Inc. Common Stock,18.07,18.770000457763672,18.770000457763672,17.989999771118164,17.989999771118164,141917949.0,36329,Finance
DOUG,Douglas Elliman Inc. Common Stock,1.56,1.559999942779541,1.559999942779541,1.4900000095367432,1.5,141789138.0,732621,Finance
NLOP,Net Lease Office Properties Common Shares of Beneficial Interest,9.57,9.569999694824219,9.710000038146973,9.569999694824219,9.65999984741211,141770698.0,206723,Real Estate
TLYS,Tilly's Inc. Common Stock,4.61,4.619999885559082,4.690000057220459,4.380000114440918,4.420000076293945,141007292.0,233487,Consumer Discretionary
HOFT,Hooker Furnishings Corporation Common Stock,13.01,13.010000228881836,13.149999618530273,12.84000015258789,12.90999984741211,139105483.0,34135,Consumer Discretionary
KRMD,KORU Medical Systems Inc. Common Stock (DE),3.01,3.0199999809265137,3.0199999809265137,2.950000047683716,3.0,138977425.0,206412,Health Care
HUMA,Humacyte Inc. Common Stock,0.5,0.5009999871253967,0.5099999904632568,0.47200000286102295,0.4779999852180481,138899053.0,6449418,Health Care
PCTTW,PureCycle Technologies Inc. Warrant,0.69,3.3889999389648438,0.6600000262260437,0.6600000262260437,0.6600000262260437,138624319.0,35,Industrials
BYND,Beyond Meat Inc. Common Stock,8.06,8.119999885559082,8.199999809265137,7.940000057220459,7.989999771118164,138583366.0,836215,Consumer Staples
TNXP,Tonix Pharmaceuticals Holding Corp. Common Stock,8.07,8.149999618530273,8.329999923706055,7.690000057220459,7.699999809265137,138408764.0,1143068,Health Care
AIRS,AirSculpt Technologies Inc. Common Stock,1.91,1.9500000476837158,2.0250000953674316,1.8450000286102295,1.8600000143051147,137701849.0,832391,Health Care
EARN,Ellington Credit Company Common Shares of Beneficial Interest,3.66,3.700000047683716,3.7699999809265137,3.4200000762939453,3.569999933242798,137466654.0,1008636,Real Estate
OXSQ,Oxford Square Capital Corp. Common Stock,1.27,1.2799999713897705,1.2799999713897705,1.2699999809265137,1.2799999713897705,136788874.0,738111,Finance
TUSK,Mammoth Energy Services Inc. Common Stock,2.84,2.859999895095825,2.930000066757202,2.809999942779541,2.9100000858306885,136682341.0,79352,Energy
RNA,Atrium Therapeutics Inc. Common Stock,7.97,8.0,8.069999694824219,7.78000020980835,7.989999771118164,136331975.0,268299,Health Care
ARMP,Armata Pharmaceuticals Inc. Common Stock,3.66,3.690000057220459,3.930000066757202,3.6600000858306885,3.8499999046325684,136086043.0,56688,Health Care
NEN,New England Realty Associates Limited Partnership Class A Depositary Receipts Evidencing Units of Limited Partnership,49.01,48.0099983215332,49.75,48.0099983215332,49.75,135966189.0,69,Real Estate
DIBS,1stdibs.com Inc. Common Stock,4.03,4.059999942779541,4.139999866485596,4.025000095367432,4.119999885559082,135469631.0,101920,Consumer Discretionary
CEPL,Capstone Energy Plus Inc. Common Stock,4.15,4.190000057220459,4.389999866485596,4.03000020980835,4.349999904632568,135338094.0,403780,Industrials
ONL,Orion Properties Inc. Common Stock,2.36,2.390000104904175,2.4049999713897705,2.325000047683716,2.3299999237060547,134625525.0,342814,Real Estate
PMVP,PMV Pharmaceuticals Inc. Common Stock,1.78,1.7799999713897705,1.809999942779541,1.590999960899353,1.6100000143051147,134417469.0,1185476,Health Care
HYNE,Hoyne Bancorp Inc. Common Stock,16.58,16.600000381469727,16.600000381469727,16.559999465942383,16.600000381469727,134247232.0,5258,Finance
RTB,RTB Digital Inc. Common Stock,8.89,8.930000305175781,9.180000305175781,8.579999923706055,8.729999542236328,132982612.0,51940,Consumer Discretionary
HCAT,Health Catalyst Inc Common Stock,1.76,1.7699999809265137,1.8200000524520874,1.75,1.7699999809265137,132451231.0,230266,Technology
CLAR,Clarus Corporation Common Stock,3.45,3.4700000286102295,3.509999990463257,3.430000066757202,3.430000066757202,132094135.0,71578,Consumer Discretionary
LFMD,LifeMD Inc. Common Stock,2.72,2.75,2.809999942779541,2.7100000381469727,2.7300000190734863,131106277.0,802530,Health Care
SPRB,Spruce Biosciences Inc. Common Stock,45.42,45.599998474121094,46.720001220703125,42.5,42.78499984741211,130537670.0,65108,Health Care
MED,MEDIFAST INC Common Stock,11.67,11.710000038146973,11.859999656677246,11.510000228881836,11.510000228881836,130478804.0,65800,Consumer Staples
TISI,Team Inc. Common Stock,28.38,28.40999984741211,29.219999313354492,27.1200008392334,27.610000610351562,130071471.0,27286,Consumer Discretionary
RGP,Resources Connection Inc. Common Stock,3.74,3.759999990463257,3.8399999141693115,3.680000066757202,3.690000057220459,129782869.0,279196,Consumer Discretionary
SUIG,Sui Group Holdings Limited Common Stock,1.68,1.6799999475479126,1.725000023841858,1.5800000429153442,1.600000023841858,129028825.0,1201257,Finance
SEER,Seer Inc. Class A Common Stock,2.33,2.3399999141693115,2.369999885559082,2.174999952316284,2.190000057220459,129016795.0,595891,Industrials
SHIM,Shimmick Corporation Common Stock,3.11,3.109999895095825,3.2300000190734863,3.0799999237060547,3.180000066757202,128554410.0,45317,Industrials
CBUS,Cibus Inc. Class A Common Stock,1.68,1.6699999570846558,1.7300000190734863,1.559999942779541,1.5700000524520874,128400660.0,231409,Industrials
CRBU,Caribou Biosciences Inc. Common Stock,1.19,1.190000057220459,1.215000033378601,1.1299999952316284,1.1349999904632568,127576940.0,1546900,Health Care
AMTX,Aemetis Inc. (DE) Common Stock,1.76,1.75,1.7999999523162842,1.7400000095367432,1.7899999618530273,127018485.0,556200,Industrials
TNYA,Tenaya Therapeutics Inc. Common Stock,0.5641,0.5699999928474426,0.5770000219345093,0.5419999957084656,0.546999990940094,126488150.0,2869390,Health Care
KVHI,KVH Industries Inc. Common Stock,6.96,6.960000038146973,7.03000020980835,6.78000020980835,6.860000133514404,126261096.0,71087,Consumer Discretionary
SAFX,XCF Global Inc. Class A Common Stock,0.3004,0.30000001192092896,0.3190000057220459,0.28600001335144043,0.30300000309944153,124755188.0,4111426,Industrials
SAMG,Silvercrest Asset Management Group Inc. Class A Common Stock,10.52,10.510000228881836,10.569999694824219,10.260000228881836,10.460000038146973,124638509.0,80099,Finance
NRXP,NRX Pharmaceuticals Inc. Common Stock,2.87,2.890000104904175,2.9749999046325684,2.825000047683716,2.940000057220459,124258851.0,680846,Health Care
BOTJ,Bank of the James Financial Group Inc. Common Stock,27.34,27.420000076293945,27.799999237060547,26.850000381469727,27.270000457763672,124214861.0,57905,Finance
GHI,Greystone Housing Impact Investors LP Beneficial Unit Certificates representing assignments of limited partnership interests,5.24,5.260000228881836,5.329999923706055,5.170000076293945,5.230000019073486,123467552.0,90309,Finance
PLBY,Playboy Inc. Common Stock,1.03,1.0299999713897705,1.0399999618530273,1.0299999713897705,1.0399999618530273,123401919.0,343608,Consumer Discretionary
ACNT,Ascent Industries Co. Common Stock,13.68,13.75,13.90999984741211,13.739999771118164,13.859999656677246,123249317.0,22459,Industrials
OESX,Orion Energy Systems Inc. Common Stock,30.05,30.010000228881836,30.139999389648438,28.1299991607666,28.399999618530273,122883044.0,43818,Consumer Discretionary
CODA,Coda Octopus Group Inc. Common stock,10.88,10.9399995803833,10.9399995803833,10.760000228881836,10.859999656677246,122760139.0,37087,Industrials
CVGI,Commercial Vehicle Group Inc. Common Stock,3.0,3.009999990463257,3.0999999046325684,2.940000057220459,2.950000047683716,121898046.0,213587,Consumer Discretionary
MGYR,Magyar Bancorp Inc. Common Stock,18.75,18.670000076293945,19.3700008392334,18.670000076293945,19.3700008392334,121038431.0,3746,Finance
RVSB,Riverview Bancorp Inc Common Stock,5.99,6.0,6.119999885559082,5.849999904632568,5.860000133514404,120762072.0,71613,Finance
USDEW,StablecoinX Inc. Warrants,4.44,4.21999979019165,4.75,4.019999980926514,4.059999942779541,120710853.0,369909,Finance
LUCD,Lucid Diagnostics Inc. Common Stock,0.5933,0.6000000238418579,0.6110000014305115,0.5799999833106995,0.6000000238418579,120584647.0,1833016,Health Care
IMDX,Insight Molecular Diagnostics Inc. Common Stock,3.67,3.7300000190734863,3.756999969482422,3.190000057220459,3.380000114440918,120098122.0,408375,Health Care
WSBK,Winchester Bancorp Inc. Common Stock,12.92,12.970000267028809,12.979999542236328,12.859999656677246,12.90999984741211,120096258.0,12614,Finance
JHS,John Hancock Income Securities Trust Common Stock,10.3,10.270000457763672,10.300000190734863,10.15999984741211,10.229999542236328,119959826.0,8704,Finance
BOOM,DMC Global Inc. Common Stock,5.84,5.909999847412109,6.050000190734863,5.739999771118164,5.980000019073486,119959142.0,152276,Industrials
VTVT,vTv Therapeutics Inc. Class A Common Stock,30.33,30.5,30.5,29.549999237060547,30.030000686645508,119922636.0,14862,Health Care
IMSRW,Terrestrial Energy Inc. Warrant,1.13,1.3450000286102295,1.3450000286102295,1.309999942779541,1.3200000524520874,119706837.0,1370,Industrials
UFI,Unifi Inc. New Common Stock,6.42,6.449999809265137,6.590000152587891,6.400000095367432,6.559999942779541,119340334.0,76393,Consumer Discretionary
HURA,TuHURA Biosciences Inc. Common Stock,1.87,1.899999976158142,1.9800000190734863,1.8700000047683716,1.9500000476837158,119168774.0,335559,Health Care
INO,Inovio Pharmaceuticals Inc. Common Stock,1.15,1.149999976158142,1.1699999570846558,1.1200000047683716,1.1299999952316284,118907146.0,2960320,Health Care
FHTX,Foghorn Therapeutics Inc. Common Stock,2.0,2.0,2.0199999809265137,1.8350000381469727,1.9700000286102295,118770630.0,988036,Health Care
BEEP,Mobile Infrastructure Corporation Common Stock,2.87,2.8499999046325684,2.940000057220459,2.8350000381469727,2.8499999046325684,118531000.0,128818,Finance
SRFM,Surf Air Mobility Inc. Common Stock,0.8906,0.9369999766349792,1.0800000429153442,0.9200000166893005,1.0099999904632568,118315079.0,7508408,Consumer Discretionary
STXS,Stereotaxis Inc. Common Stock,1.18,1.1799999475479126,1.2100000381469727,1.1299999952316284,1.149999976158142,118238570.0,505246,Health Care
KULR,KULR Technology Group Inc. Common Stock,2.55,2.569999933242798,2.619999885559082,2.5299999713897705,2.5899999141693115,118014821.0,708867,Technology
GNLX,Genelux Corporation Common Stock,2.6,2.5799999237060547,2.630000114440918,2.5199999809265137,2.5399999618530273,117637871.0,317355,Health Care
LAKE,Lakeland Industries Inc. Common Stock,11.77,11.770000457763672,11.770000457763672,10.75,10.829999923706055,116891942.0,320974,Health Care
UNCY,Unicycive Therapeutics Inc. Common Stock,4.19,4.199999809265137,4.294000148773193,4.150000095367432,4.230000019073486,116713527.0,681411,Health Care
OPENW,Opendoor Technologies Inc  Series K Warrants each whole warrant exercisable to purchase one share of Common Stock at an exercise price of $9.00 per warrant,0.12,0.12200000137090683,0.1289999932050705,0.11500000208616257,0.11599999666213989,116530926.0,155588,Finance
SMID,Smith-Midland Corporation Common Stock,21.95,22.1299991607666,22.670000076293945,21.979999542236328,22.34000015258789,116436102.0,20551,Industrials
BSBK,Bogota Financial Corp. Common Stock,9.08,9.170000076293945,9.170000076293945,9.027000427246094,9.0600004196167,115872722.0,5659,Finance
FGCPP,FG Communities Holdings Inc. 8.00% Cumulative Preferred Stock,24.5,23.719999313354492,23.719999313354492,23.719999313354492,23.719999313354492,115336568.0,332,Finance
AARD,Aardvark Therapeutics Inc. Common Stock,5.22,5.28000020980835,5.449999809265137,4.659999847412109,5.039999961853027,114238896.0,62266,Health Care
COYA,Coya Therapeutics Inc. Common Stock,4.85,4.860000133514404,5.03000020980835,4.739999771118164,4.849999904632568,113770568.0,117257,Health Care
PROV,Provident Financial Holdings Inc. Common Stock,18.23,18.299999237060547,18.790000915527344,18.299999237060547,18.360000610351562,113645054.0,11861,Finance
UNB,Union Bankshares Inc. Common Stock,22.93,23.25,23.25,22.899999618530273,22.899999618530273,113408753.0,4509,Finance
CRBP,Corbus Pharmaceuticals Holdings Inc. Common Stock,5.85,5.869999885559082,5.994999885559082,5.650000095367432,5.78000020980835,113146564.0,793539,Health Care
LENZ,LENZ Therapeutics Inc. Common Stock,3.59,3.5999999046325684,3.8399999141693115,3.5999999046325684,3.7899999618530273,112799031.0,777441,Health Care
AXR,AMREP Corporation Common Stock,21.18,20.989999771118164,21.139999389648438,20.6299991607666,21.139999389648438,112780302.0,6031,Real Estate
BXBL,BOXABL Inc. Common stock,3.25,3.25,3.3499999046325684,3.25,3.2750000953674316,112440744.0,75046,Consumer Discretionary
EP,Empire Petroleum Corporation Common Stock,2.68,2.6700000762939453,2.799999952316284,2.6700000762939453,2.7799999713897705,111494274.0,50464,Energy
MXCT,MaxCyte Inc. Common Stock,1.08,1.090000033378601,1.1050000190734863,1.0499999523162842,1.090000033378601,111462702.0,194913,Health Care
BDTX,Black Diamond Therapeutics Inc. Common Stock,1.94,1.940000057220459,1.9600000381469727,1.7949999570846558,1.7999999523162842,111460269.0,839154,Health Care
SFBC,Sound Financial Bancorp Inc. Common Stock,43.05,44.0,45.189998626708984,43.0099983215332,43.04999923706055,110554251.0,3337,Finance
SSTI,SoundThinking Inc. Common Stock,8.32,8.319999694824219,8.390000343322754,8.319999694824219,8.34000015258789,110161060.0,69906,Technology
IMUX,Immunic Inc. Common Stock,8.07,8.130000114440918,8.170000076293945,7.769999980926514,7.820000171661377,110110849.0,491290,Health Care
VANI,Vivani Medical Inc. Common Stock (DE),1.22,1.2400000095367432,1.2599999904632568,1.2200000286102295,1.2400000095367432,110048094.0,95591,Health Care
GGT,Gabelli Multi-Media Trust Inc. (The) Common Stock,3.99,4.0,4.010000228881836,3.990000009536743,4.0,109867646.0,192115,Finance
PNBK,Patriot National Bancorp Inc. Common Stock,0.925,0.9399999976158142,0.9399999976158142,0.9300000071525574,0.9300000071525574,109836535.0,52049,Finance
APYX,Apyx Medical Corporation Common Stock,2.6,2.630000114440918,2.630000114440918,2.5299999713897705,2.5450000762939453,109522460.0,68397,Health Care
HOVR,New Horizon Aircraft Ltd. Class A Ordinary Share,1.63,1.649999976158142,1.684999942779541,1.600000023841858,1.600000023841858,109412024.0,568907,Industrials
OPHC,OptimumBank Holdings Inc. Common Stock,8.6,8.6899995803833,9.100000381469727,8.600000381469727,8.8100004196167,108553242.0,104896,Finance
RANI,Rani Therapeutics Holdings Inc. Class A Common Stock,0.7749,0.796999990940094,0.8299999833106995,0.7799999713897705,0.8289999961853027,108017433.0,582542,Health Care
BYFC,Broadway Financial Corporation Class A Common Stock,11.61,11.779999732971191,11.779999732971191,11.649999618530273,11.649999618530273,107723907.0,4636,Finance
ULBI,Ultralife Corporation Common Stock,6.43,6.46999979019165,6.599999904632568,6.429999828338623,6.539999961853027,107144820.0,21232,Miscellaneous
VIRC,Virco Manufacturing Corporation Common Stock,6.79,6.849999904632568,6.860000133514404,6.570000171661377,6.599999904632568,107036304.0,38090,Consumer Discretionary
SOTK,Sono-Tek Corporation Common Stock,6.81,7.119999885559082,7.309999942779541,6.690000057220459,6.739999771118164,107030884.0,269220,Technology
HOVNP,Hovnanian Enterprises Inc Dep Shr Srs A Pfd,17.9488,18.06999969482422,18.170000076293945,18.06999969482422,18.100000381469727,106972874.0,5851,Consumer Discretionary
OKUR,OnKure Therapeutics Inc. Class A Common Stock,2.63,2.6500000953674316,2.6500000953674316,2.4100000858306885,2.4600000381469727,106505293.0,632348,Health Care
BHR,Braemar Hotels & Resorts Inc. Common Stock,1.55,1.5499999523162842,1.559999942779541,1.5199999809265137,1.5199999809265137,106452943.0,420293,Real Estate
CPIX,Cumberland Pharmaceuticals Inc. Common Stock,7.09,7.059999942779541,7.28000020980835,7.019999980926514,7.139999866485596,106230229.0,57065,Health Care
STHO,Star Holdings Shares of Beneficial Interest,8.77,8.789999961853027,8.890000343322754,8.635000228881836,8.800000190734863,105953290.0,95987,Real Estate
GLU,Gabelli Global Utility Common Shares of Beneficial Ownership,17.66,17.579999923706055,17.709999084472656,17.579999923706055,17.709999084472656,105410968.0,13178,Finance
JHI,John Hancock Investors Trust Common Stock,12.01,12.010000228881836,12.079999923706055,11.949999809265137,12.079999923706055,105022009.0,40580,Finance
INSE,Inspired Entertainment Inc. Common Stock,3.98,3.990000009536743,4.03000020980835,3.8499999046325684,3.9700000286102295,104906321.0,737214,Technology
BZFD,BuzzFeed Inc. Class A Common Stock,1.16,1.1699999570846558,1.1799999475479126,1.1200000047683716,1.1699999570846558,103628290.0,681797,Consumer Discretionary
PLYX,Polaryx Therapeutics Inc. Common Stock,2.07,2.069999933242798,2.140000104904175,2.069999933242798,2.0999999046325684,103181206.0,40076,Health Care
ANIX,Anixa Biosciences Inc. Common Stock,2.95,2.950000047683716,3.109999895095825,2.869999885559082,3.0199999809265137,102553216.0,369487,Health Care
ILLU,Illumination Acquisition Corp I Class A Ordinary Shares,9.98,9.979999542236328,9.979999542236328,9.979999542236328,9.979999542236328,102442145.0,50,Finance
JYNT,The Joint Corp. Common Stock,7.185,7.239999771118164,7.244999885559082,7.045000076293945,7.110000133514404,101618561.0,141860,Miscellaneous
VATE,INNOVATE Corp. Common Stock,7.44,7.320000171661377,7.400000095367432,7.039999961853027,7.190000057220459,101495483.0,57664,Industrials
UPXI,Upexi Inc. Common Stock,1.15,1.190000057220459,1.190000057220459,1.1299999952316284,1.1399999856948853,101405226.0,2169851,Finance
RDZN,Roadzen Inc. Ordinary Shares,1.19,1.2100000381469727,1.2799999713897705,1.1799999475479126,1.2200000286102295,101346425.0,239551,Finance
PAL,Proficient Auto Logistics Inc. Common Stock,3.59,3.609999895095825,3.634999990463257,3.4100000858306885,3.4200000762939453,100709994.0,475064,Consumer Discretionary
PARK,Park Dental Partners Inc. Common Stock,21.09,21.190000534057617,21.389999389648438,20.530000686645508,20.530000686645508,100288897.0,13509,Health Care
GFUZW,General Fusion Group Ltd. Warrant,1.57,1.5,1.590000033378601,1.3300000429153442,1.5,99771492.0,34995,Utilities
SPWR,SunPower Inc. Common Stock,0.3113,0.3199999928474426,0.33000001311302185,0.2980000078678131,0.30000001192092896,99709497.0,3095174,Technology
PZG,Paramount Gold Nevada Corp. Common Stock,1.15,1.159999966621399,1.2000000476837158,1.1449999809265137,1.190000057220459,99147688.0,194144,Basic Materials
NMRA,Neumora Therapeutics Inc. Common Stock,0.5253,0.5249999761581421,0.5389999747276306,0.4699999988079071,0.47099998593330383,98701723.0,2989641,Health Care
OPTXW,Syntec Optics Holdings Inc. Warrant,2.45,0.29249998927116394,2.5999999046325684,2.440000057220459,2.490000009536743,98685701.0,71490,Technology
SRG,Seritage Growth Properties Class A Common Stock,1.75,1.7300000190734863,1.7649999856948853,1.7100000381469727,1.7200000286102295,98568062.0,125963,Finance
BWEN,Broadwind Inc. Common Stock,4.16,4.230000019073486,4.389999866485596,4.230000019073486,4.25,98414672.0,102511,Telecommunications
GRML,Greenland Mines Ltd. Common Stock,7.34,7.489999771118164,7.539999961853027,6.050000190734863,6.380000114440918,97967949.0,4742020,Health Care
KEQU,Kewaunee Scientific Corporation Common Stock,33.82,34.33000183105469,34.33000183105469,33.65999984741211,33.720001220703125,97920636.0,7586,Industrials
NFE,New Fortress Energy Inc. Class A Common Stock,5.87,5.900000095367432,6.090000152587891,5.449999809265137,5.510000228881836,95807880.0,988605,Utilities
ATRA,Atara Biotherapeutics Inc. Common Stock,9.4,9.40999984741211,9.789999961853027,9.050000190734863,9.75,94354474.0,39338,Health Care
BMEA,Biomea Fusion Inc. Common Stock,1.3,1.2799999713897705,1.309999942779541,1.2400000095367432,1.25,94229008.0,1044395,Health Care
LINK,Interlink Electronics Inc. Common Stock,5.98,6.010000228881836,6.010000228881836,5.550000190734863,5.625,94205386.0,37201,Technology
FNWB,First Northwest Bancorp Common Stock,9.845,9.989999771118164,9.989999771118164,9.65999984741211,9.710000038146973,93641850.0,46574,Finance
WRAP,Wrap Technologies Inc. Common Stock,1.45,1.4900000095367432,1.6200000047683716,1.4730000495910645,1.5499999523162842,93636029.0,498007,Industrials
HYPR,Hyperfine Inc. Class A Common Stock,0.8829,0.8989999890327454,0.9440000057220459,0.8600000143051147,0.8700000047683716,93630370.0,897815,Health Care
ZVIA,Zevia PBC Class A Common Stock,1.21,1.2200000286102295,1.2300000190734863,1.190000057220459,1.2000000476837158,93587935.0,292732,Consumer Staples
SLNG,Stabilis Solutions Inc. Common Stock,5.01,5.110000133514404,5.440000057220459,4.980000019073486,5.340000152587891,93167468.0,16154,Utilities
USGO,U.S. GoldMining Inc. Common stock,6.58,6.590000152587891,6.75,6.429999828338623,6.570000171661377,92355143.0,85337,Basic Materials
SIEB,Siebert Financial Corp. Common Stock,2.24,2.240000009536743,2.259999990463257,2.2100000381469727,2.2200000286102295,92066097.0,65325,Finance
EQ,Equillium Inc. Common Stock,1.45,1.3899999856948853,1.4700000286102295,1.3700000047683716,1.4199999570846558,91941719.0,795627,Health Care
GRWG,GrowGeneration Corp. Common Stock,1.56,1.5499999523162842,1.5700000524520874,1.5399999618530273,1.5499999523162842,91915900.0,206706,Consumer Discretionary
NIOBW,NioCorp Developments Ltd. Warrant,0.6299,3.180000066757202,0.7601000070571899,0.7601000070571899,0.7601000070571899,91870682.0,32110,Basic Materials
AUBN,Auburn National Bancorporation Inc. Common Stock,26.36,26.940000534057617,26.940000534057617,26.940000534057617,26.940000534057617,91845937.0,6177,Finance
RFIL,RF Industries Ltd. Common Stock,8.42,8.520000457763672,8.760000228881836,8.449999809265137,8.65999984741211,91338148.0,119467,Technology
ECOR,electroCore Inc. Common Stock,10.13,10.25,10.449999809265137,9.890000343322754,9.920000076293945,91330915.0,32002,Health Care
NTRB,Nutriband Inc. Common Stock,7.47,7.440000057220459,7.440000057220459,6.545000076293945,6.679999828338623,90802952.0,19485,Health Care
FDSB,Fifth District Bancorp Inc. Common Stock,17.33,17.350000381469727,17.469999313354492,17.350000381469727,17.469999313354492,90733953.0,9222,Finance
NRXS,Neuraxis Inc. Common Stock,7.15,7.199999809265137,7.309999942779541,6.760000228881836,6.78000020980835,89788020.0,53783,Health Care
FLNT,Fluent Inc. Common Stock,2.84,2.7899999618530273,2.7899999618530273,2.630000114440918,2.6700000762939453,89764124.0,21934,Consumer Discretionary
RLYB,Rallybio Corporation Common Stock,16.9,16.8700008392334,17.079999923706055,16.799999237060547,17.079999923706055,89747433.0,4638,Health Care
AMPG,Amplitech Group Inc. Common Stock,2.97,3.0199999809265137,3.069999933242798,2.9800000190734863,2.990000009536743,89230344.0,1102514,Telecommunications
CGTX,Cognition Therapeutics Inc. Common Stock,0.9381,0.9399999976158142,0.9599999785423279,0.9259999990463257,0.9399999976158142,89207443.0,331813,Health Care
SPAI,Safe Pro Group Inc. Common Stock,4.38,4.389999866485596,4.400000095367432,3.940000057220459,4.099999904632568,89189336.0,43092,Technology
XLAB,Exascale Labs Holdings Inc. Class A Common Stock,1.385,1.3600000143051147,1.371000051498413,1.0199999809265137,1.0800000429153442,89103683.0,116618,Technology
FJET,Starfighters Space Inc. Common Stock,1.62,1.6299999952316284,1.7100000381469727,1.590000033378601,1.6299999952316284,89093551.0,1660017,Consumer Discretionary
HFFG,HF Foods Group Inc. Common Stock,1.6,1.600000023841858,1.6200000047683716,1.5499999523162842,1.6100000143051147,88964506.0,71571,Consumer Discretionary
CRDF,Cardiff Oncology Inc. Common Stock,1.14,1.149999976158142,1.159999966621399,1.059999942779541,1.0700000524520874,88686584.0,451962,Health Care
ICCC,ImmuCell Corporation Common Stock,9.75,9.930000305175781,9.970000267028809,9.930000305175781,9.970000267028809,88551421.0,11265,Health Care
VERI,Veritone Inc. Common Stock,0.7259,0.7699999809265137,0.7730000019073486,0.7300000190734863,0.7459999918937683,88289857.0,20067136,Technology
ARQ,Arq Inc. Common Stock,2.02,2.0299999713897705,2.059999942779541,2.009999990463257,2.049999952316284,88210336.0,218486,Industrials
NRDY,Nerdy Inc. Class A Common Stock,6.89,6.960000038146973,6.960000038146973,6.644999980926514,6.75,88012812.0,16721,Real Estate
CNXU,Conexeu Sciences Inc. Common Stock,3.12,3.3299999237060547,3.740000009536743,3.1500000953674316,3.6600000858306885,88004898.0,171278,Health Care
MGF,Aberdeen Government Markets Income Fund Common Shares of Beneficial Interest,2.69,2.7200000286102295,2.7200000286102295,2.6700000762939453,2.680000066757202,87686987.0,24543,Finance
LGL,LGL Group Inc. (The) Common Stock,6.9,6.880000114440918,6.920000076293945,6.809999942779541,6.920000076293945,87030728.0,13008,Technology
PDSB,PDS Biotechnology Corporation Common Stock,1.2,1.149999976158142,1.2699999809265137,0.9359999895095825,1.0449999570846558,86969050.0,78551244,Health Care
NTHI,NeOnc Technologies Holdings Inc. Common Stock,2.92,2.950000047683716,3.069999933242798,2.9170000553131104,2.990000009536743,86916997.0,197318,Health Care
EMPD,Empery Digital Inc. Common stock,3.09,3.1600000858306885,3.2899999618530273,3.135999917984009,3.180000066757202,86860243.0,55346,Industrials
FUSB,First US Bancshares Inc. Common Stock,15.75,16.25,16.299999237060547,16.149999618530273,16.299999237060547,86699167.0,5193,Finance
CCLD,CareCloud Inc. Common Stock,2.04,2.069999933242798,2.109999895095825,2.0299999713897705,2.069999933242798,86687472.0,132180,Technology
PFX,PhenixFIN Corporation Common Stock,44.87,45.400001525878906,45.400001525878906,45.400001525878906,45.400001525878906,86656220.0,6255,Finance
MDIA,Mediaco Holding Inc. Class A Common Stock ,1.03,1.0800000429153442,1.0800000429153442,1.0299999713897705,1.059999942779541,86540454.0,3564,Consumer Discretionary
BDL,Flanigan's Enterprises Inc. Common Stock,46.5,46.709999084472656,47.75,46.29999923706055,47.0,86427086.0,54331,Consumer Discretionary
MNOV,Medicinova Inc Common Stock,1.755,1.7200000286102295,1.7200000286102295,1.649999976158142,1.649999976158142,86383287.0,216994,Health Care
DWSN,Dawson Geophysical Company Common Stock,2.77,2.8399999141693115,2.950000047683716,2.630000114440918,2.6500000953674316,86024062.0,110851,Energy
HDRN,Hadron Energy Inc. Common Stock  ,1.2,1.2200000286102295,1.2799999713897705,1.2000000476837158,1.25,85798610.0,44975,Utilities
RPT,Rithm Property Trust Inc. Common stock,10.95,10.9399995803833,10.960000038146973,10.850000381469727,10.850000381469727,85109576.0,24409,Real Estate
FTLF,FitLife Brands Inc. Common Stock,9.06,9.300000190734863,9.300000190734863,9.020000457763672,9.020000457763672,85083112.0,9096,Health Care
BCIC,BCP Investment Corporation Common Stock,6.87,6.900000095367432,6.960000038146973,6.75,6.920000076293945,85075689.0,25278,Finance
BYRN,Byrna Technologies Inc. Common Stock,3.63,3.640000104904175,3.7200000286102295,3.619999885559082,3.690000057220459,84959257.0,676580,Miscellaneous
EVF,Eaton Vance Senior Income Trust Common Stock,4.84,4.860000133514404,4.869999885559082,4.840000152587891,4.869999885559082,84888073.0,108753,Finance
ACRV,Acrivon Therapeutics Inc. Common Stock,1.98,2.0,2.069999933242798,1.850000023841858,1.8600000143051147,84849657.0,402190,Health Care
AEYE,AudioEye Inc. Common Stock,6.73,6.840000152587891,6.949999809265137,6.75,6.920000076293945,84593906.0,59983,Technology
FACWW,Factorial Energy Inc. Warrant,0.79,0.8100000023841858,0.8100000023841858,0.7480000257492065,0.7985000014305115,84548364.0,1183,Miscellaneous
VENU,Venu Holding Corporation Common Stock,1.43,1.4500000476837158,1.4600000381469727,1.4199999570846558,1.4299999475479126,84183155.0,295115,Consumer Discretionary
DTI,Drilling Tools International Corporation Common Stock,2.36,2.359999895095825,2.436000108718872,2.359999895095825,2.4100000858306885,83266049.0,64202,Consumer Discretionary
TELO,Telomir Pharmaceuticals Inc. Common Stock,1.21,1.25,1.5800000429153442,1.1699999570846558,1.2000000476837158,83217697.0,134379,Health Care
MHH,Mastech Digital Inc Common Stock,6.92,6.920000076293945,7.389999866485596,6.860000133514404,6.860000133514404,83127061.0,3712,Consumer Discretionary
PBHC,Pathfinder Bancorp Inc. Common Stock (MD),16.89,16.889999389648438,16.889999389648438,16.889999389648438,16.889999389648438,82733300.0,1929,Finance
CPBI,Central Plains Bancshares Inc. Common Stock,19.75,19.799999237060547,20.049999237060547,19.799999237060547,20.000999450683594,82401661.0,9406,Finance
AVAT,Avalanche Treasury Corporation Class A Common Stock,1.88,1.8899999856948853,2.1600000858306885,1.8799999952316284,2.069999933242798,82194435.0,850957,Finance
MMLP,Martin Midstream Partners L.P. Limited Partnership,2.1,2.1700000762939453,2.1700000762939453,1.9299999475479126,1.9600000381469727,82161841.0,13124,Energy
LNSR,LENSAR Inc. Common Stock,6.67,6.659999847412109,6.800000190734863,6.579999923706055,6.699999809265137,81946720.0,51541,Health Care
SSBI,Summit State Bank Common Stock,12.21,12.229999542236328,12.579999923706055,12.229999542236328,12.579999923706055,81478917.0,11564,Finance
CTOR,Citius Oncology Inc. Common Stock,0.8735,0.8579999804496765,0.9200000166893005,0.8119999766349792,0.8500000238418579,81219082.0,85514,Health Care
HNNA,Hennessy Advisors Inc. Common Stock,10.26,10.359999656677246,10.850000381469727,10.34000015258789,10.34000015258789,81099247.0,5775,Finance
AIRT,Air T Inc. Common Stock,30.21,31.06999969482422,31.149999618530273,30.25,30.799999237060547,81015607.0,18859,Consumer Discretionary
TSQ,Townsquare Media Inc. Class A Common Stock,4.44,4.489999771118164,4.574999809265137,4.429999828338623,4.539999961853027,80948477.0,76809,Consumer Discretionary
EIC,Eagle Point Income Company Common Shares of Beneficial Interest,9.08,9.050000190734863,9.187999725341797,9.039999961853027,9.119999885559082,80885621.0,246318,Finance
SKYA,SkyAI Inc. Common Stock,1.87,1.8600000143051147,1.9600000381469727,1.8350000381469727,1.8799999952316284,80872836.0,500920,Health Care
ETS,Elite Express Holding Inc. Class A Common Stock,1.66,1.649999976158142,1.649999976158142,1.5499999523162842,1.6200000047683716,80869676.0,75421,Industrials
CPHC,Canterbury Park Holding Corporation 'New' Common Stock,15.6,15.75,15.75,15.75,15.75,80860946.0,2711,Consumer Discretionary
MAYS,J. W. Mays Inc. Common Stock,40.1,40.099998474121094,40.099998474121094,40.099998474121094,40.099998474121094,80832778.0,362,Real Estate
LUNG,Pulmonx Corporation Common Stock,1.88,1.899999976158142,1.934999942779541,1.7699999809265137,1.7799999713897705,80742746.0,283679,Health Care
UBCP,United Bancorp Inc. Common Stock,14.06,14.140000343322754,14.75,14.109999656677246,14.15999984741211,80641383.0,6684,Finance
SUNS,Sunrise Realty Trust Inc. Common Stock,5.94,6.0,6.090000152587891,5.769999980926514,5.940000057220459,80284155.0,123577,Real Estate
CHGG,Chegg Inc. Common Stock,0.7204,0.75,0.75,0.699999988079071,0.7099999785423279,79984198.0,402879,Real Estate
USIO,Usio Inc. Common Stock,2.8,2.8299999237060547,2.930000066757202,2.7899999618530273,2.8299999237060547,79787159.0,104305,Finance
BLNK,Blink Charging Co. Common Stock,0.55,0.550000011920929,0.5590000152587891,0.5109999775886536,0.5120000243186951,79716294.0,778859,Miscellaneous
OPNW,OpenWorld Inc. Common Stock,5.93,5.900000095367432,6.529900074005127,5.900000095367432,6.199999809265137,79505645.0,116599,Technology
BTCS,BTCS Inc. Common Stock,1.51,1.5099999904632568,1.5299999713897705,1.440000057220459,1.4600000381469727,79232631.0,1188856,Finance
SERA,Sera Prognostics Inc. Class A Common Stock,2.0,2.119999885559082,2.119999885559082,2.0199999809265137,2.049999952316284,78898932.0,22910,Health Care
DTF,DTF Tax-Free Income 2028 Term Fund Inc. Common Stock,11.22,11.260000228881836,11.4399995803833,11.229999542236328,11.319999694824219,78871742.0,15539,Finance
MNTS,Momentus Inc. Class A Common Stock,3.58,3.5799999237060547,3.690000057220459,3.5199999809265137,3.5999999046325684,78628976.0,591590,Industrials
SKIN,SkinHealth Systems Inc. Class A Common Stock,0.6,0.6299999952316284,0.6299999952316284,0.578000009059906,0.5860000252723694,78084458.0,344368,Health Care
GCV,Gabelli Convertible and Income Securities Fund Inc. (The) Common Stock,4.1,4.099999904632568,4.179999828338623,4.099999904632568,4.130000114440918,78064119.0,92580,Finance
NDLS,Noodles & Company Class A Common Stock,13.08,13.09000015258789,13.899999618530273,13.09000015258789,13.869999885559082,78043913.0,28885,Consumer Discretionary
OPENL,Opendoor Technologies Inc  Series A Warrants each whole warrant exercisable to purchase one share of Common Stock at an exercise price of $13.00 per warrant,0.08,0.07000000029802322,0.0820000022649765,0.07000000029802322,0.0729999989271164,77687284.0,396675,Finance
FATN,FatPipe Inc. Common Stock,5.48,5.480000019073486,5.605000019073486,5.230000019073486,5.239999771118164,77424005.0,30410,Technology
LNZA,LanzaTech Global Inc. Common Stock,5.91,5.860000133514404,5.96999979019165,5.815000057220459,5.860000133514404,77356953.0,84169,Industrials
ATLX,Atlas Lithium Corporation Common Stock,2.57,2.6500000953674316,2.700000047683716,2.490000009536743,2.490000009536743,77356499.0,248150,Industrials
OM,Outset Medical Inc. Common Stock,4.1,4.289999961853027,4.340000152587891,4.050000190734863,4.139999866485596,77068372.0,203100,Health Care
ACR,ACRES Commercial Realty Corp. Common Stock,10.29,10.369999885559082,10.569999694824219,10.09000015258789,10.300000190734863,76953374.0,39204,Real Estate
TGEN,Tecogen Inc. Common Stock,2.54,2.5799999237060547,2.7699999809265137,2.509999990463257,2.680000066757202,76677068.0,105100,Industrials
BSIN,Big Sky Industrial Inc. Common Stock,1.46,1.4500000476837158,1.4800000190734863,1.440000057220459,1.4500000476837158,76640405.0,314006,Energy
JRSH,Jerash Holdings (US) Inc. Common Stock,6.03,6.059999942779541,6.190000057220459,5.989999771118164,6.050000190734863,76580638.0,164292,Consumer Discretionary
RFL,Rafael Holdings Inc. Class B Common Stock,1.47,1.4800000190734863,1.5199999809265137,1.440000057220459,1.4900000095367432,76439994.0,106081,Health Care
NRT,North European Oil Royality Trust Common Stock,8.31,8.300000190734863,8.449999809265137,8.300000190734863,8.3100004196167,76373803.0,29877,Energy
CSPI,CSP Inc. Common Stock,7.54,8.0,8.0,7.630000114440918,7.820000171661377,76008063.0,13771,Technology
LFVN,Lifevantage Corporation Common Stock (Delaware),6.03,6.03000020980835,6.159999847412109,5.980000019073486,6.039999961853027,75914347.0,27856,Health Care
INSG,Inseego Corp. Common Stock,4.62,4.599999904632568,4.840000152587891,4.46999979019165,4.730000019073486,75863135.0,315857,Telecommunications
ROC,Rank One Computing Corporation Common stock,3.96,3.9100000858306885,4.050000190734863,3.7100000381469727,3.7300000190734863,75557303.0,12827,Technology
BLUW,Blue Water Acquisition Corp. III Class A Ordinary Shares,10.39,10.390000343322754,10.390000343322754,10.390000343322754,10.390000343322754,75275550.0,5136,Uncategorized
AFCG,Advanced Flower Capital Inc. Common Stock,3.32,3.3399999141693115,3.3399999141693115,3.26200008392334,3.2799999713897705,75270771.0,39636,Finance
ISPR,Ispire Technology Inc. Common Stock,1.3,1.2999999523162842,1.350000023841858,1.2899999618530273,1.3300000429153442,75080812.0,35185,Health Care
SLQT,SelectQuote Inc. Common Stock,0.4188,0.41499999165534973,0.42399999499320984,0.3799999952316284,0.3799999952316284,75074842.0,627272,Finance
ASRV,AmeriServ Financial Inc. Common Stock,4.42,4.400000095367432,4.489999771118164,4.349999904632568,4.400000095367432,75048360.0,14732,Finance
VRCA,Verrica Pharmaceuticals Inc. Common Stock,4.31,4.360000133514404,4.409999847412109,4.170000076293945,4.210000038146973,74040568.0,35053,Health Care
DTCX,Datacentrex Inc. Common Stock,1.84,1.8200000524520874,1.8899999856948853,1.7999999523162842,1.8200000524520874,73864272.0,123740,Technology
GANX,Gain Therapeutics Inc. Common Stock,1.69,1.7000000476837158,1.75,1.6549999713897705,1.6699999570846558,73757716.0,351063,Health Care
NTWK,NetSol Technologies Inc. Common  Stock,6.17,6.260000228881836,6.320000171661377,6.110000133514404,6.170000076293945,73747345.0,344976,Technology
GLV,Clough Global Dividend and Income Fund Common Shares of beneficial interest,5.8,5.800000190734863,5.840000152587891,5.800000190734863,5.820000171661377,73715581.0,25416,Finance
TENX,Tenax Therapeutics Inc. Common Stock,1.96,1.9600000381469727,1.9950000047683716,1.899999976158142,1.9299999475479126,73350877.0,1468393,Health Care
HFBL,Home Federal Bancorp Inc. of Louisiana Common Stock,24.16,24.15999984741211,24.15999984741211,24.15999984741211,24.15999984741211,73219151.0,2039,Finance
RGS,Regis Corporation Common Stock,29.28,29.25,29.75,29.25,29.75,73204597.0,7351,Consumer Discretionary
BARK,BARK Inc. Class A Common Stock,8.1,8.199999809265137,8.210000038146973,8.100000381469727,8.170000076293945,73171002.0,21525,Consumer Discretionary
NTIC,Northern Technologies International Corporation Common Stock,7.7,7.710000038146973,7.809999942779541,7.710000038146973,7.809999942779541,73122580.0,4589,Industrials
GOAI,Eva Live Inc. Common Stock,1.82,1.8300000429153442,1.850000023841858,1.75,1.7999999523162842,72789335.0,36233,Technology
WYY,WidePoint Corporation Common Stock,7.23,7.25,7.409999847412109,7.039999961853027,7.110000133514404,72287384.0,152928,Technology
CEV,Eaton Vance California Municipal Income Trust Shares of Beneficial Interest,10.27,10.279999732971191,10.350000381469727,10.130000114440918,10.239999771118164,72234815.0,61526,Finance
AIRJW,AirJoule Technologies Corporation Warrant,0.96,1.281999945640564,0.9000999927520752,0.8500000238418579,0.8500000238418579,72198622.0,717,Industrials
IBIO,iBio Inc. Common Stock,1.12,1.1200000047683716,1.149999976158142,1.0199999809265137,1.0499999523162842,72024127.0,1126818,Health Care
OPENZ,Opendoor Technologies Inc  Series Z Warrants each whole warrant exercisable to purchase one share of Common Stock at an exercise price of $17.00 per warrant,0.074,0.0729999989271164,0.07999999821186066,0.0729999989271164,0.07599999755620956,71860738.0,193016,Finance
OPXS,Optex Systems Holdings Inc. Common Stock,10.32,10.420000076293945,10.420000076293945,10.199999809265137,10.199999809265137,71825889.0,12326,Technology
RNTX,Rein Therapeutics Inc. Common Stock,0.825,0.824999988079071,0.8339999914169312,0.8090000152587891,0.824999988079071,71170301.0,336297,Health Care
WATT,Energous Corporation Common Stock,12.81,12.9399995803833,13.119999885559082,12.539999961853027,12.630000114440918,70801780.0,100410,Technology
UEIC,Universal Electronics Inc. Common Stock,5.49,5.46999979019165,5.639999866485596,5.400000095367432,5.550000190734863,70738990.0,44970,Consumer Staples
RSSS,Research Solutions Inc Common Stock,2.09,2.0999999046325684,2.1600000858306885,2.009999990463257,2.0399999618530273,70563978.0,33461,Technology
CPSH,CPS Technologies Corp. Common Stock,3.63,3.700000047683716,3.759999990463257,3.6500000953674316,3.680000066757202,70378229.0,301275,Consumer Discretionary
HRTX,Heron Therapeutics Inc. Common Stock,0.37,0.3700000047683716,0.3799999952316284,0.3199999928474426,0.33000001311302185,70245354.0,2935879,Health Care
TMSWW,Teamshares Inc. Warrants,0.95,0.9900000095367432,0.9900000095367432,0.9350000023841858,0.9350000023841858,69977490.0,1020,Uncategorized
FBIO,Fortress Biotech Inc. Common Stock,2.09,2.0899999141693115,2.130000114440918,2.0199999809265137,2.049999952316284,69703575.0,553842,Health Care
AISP,Airship AI Holdings Inc. Class A Common Stock,2.02,2.059999942779541,2.2100000381469727,2.0450000762939453,2.109999895095825,69567915.0,2450426,Technology
CSBR,Champions Oncology Inc. Common Stock,4.97,4.920000076293945,5.010000228881836,4.849999904632568,5.010000228881836,69175288.0,11137,Health Care
GECC,Great Elm Capital Corp. Common Stock,4.98,4.989999771118164,5.059999942779541,4.940000057220459,5.010000228881836,69170955.0,76778,Finance
IOR,Income Opportunity Realty Investors Inc. Common Stock,17.0,17.3700008392334,17.3700008392334,17.3700008392334,17.3700008392334,69125026.0,93,Real Estate
CRT,Cross Timbers Royalty Trust Common Stock,11.52,11.529999732971191,11.579999923706055,11.34000015258789,11.359999656677246,69120000.0,10721,Energy
CING,Cingulate Inc. Common Stock,4.75,4.75,5.0,4.75,4.889999866485596,69073674.0,139946,Health Care
STEX,Streamex Corp. Common Stock,0.5925,0.6100000143051147,0.6200000047683716,0.5090000033378601,0.5170000195503235,69005760.0,856455,Finance
AMCI,AMC Robotics Corporation Common Stock,2.97,3.0,3.055999994277954,2.890000104904175,2.930000066757202,68923076.0,33441,Consumer Discretionary
PRTS,CarParts.com Inc. Common Stock,8.52,8.569999694824219,8.680000305175781,8.40999984741211,8.609999656677246,68717481.0,32281,Consumer Discretionary
PODC,PodcastOne Inc. Common Stock,2.27,2.3399999141693115,2.450000047683716,2.2100000381469727,2.2200000286102295,68673620.0,85478,Technology
TTEC,TTEC Holdings Inc. Common Stock,1.38,1.3899999856948853,1.3899999856948853,1.3200000524520874,1.350000023841858,68028397.0,188566,Consumer Discretionary
CVU,CPI Aerostructures Inc. Common Stock,5.1,5.210000038146973,5.239999771118164,5.150000095367432,5.179999828338623,67573643.0,56379,Industrials
CLST,Catalyst Bancorp Inc. Common Stock,16.75,17.170000076293945,17.2450008392334,16.860000610351562,17.150999069213867,67565999.0,1580,Finance
SPRO,Spero Therapeutics Inc. Common Stock,1.16,1.2100000381469727,1.2359999418258667,1.1799999475479126,1.190000057220459,67552399.0,942730,Health Care
APLM,Apollomics Inc. Class A Ordinary Shares,23.266,23.700000762939453,23.700000762939453,21.899999618530273,22.100000381469727,67379569.0,305,Health Care
KLRS,Kalaris Therapeutics Inc. Common Stock,2.83,2.9000000953674316,2.930000066757202,2.609999895095825,2.6600000858306885,67368096.0,27394,Health Care
GEG,Great Elm Group Inc. Common Stock,2.15,2.1500000953674316,2.1600000858306885,2.1500000953674316,2.1600000858306885,66854014.0,13137,Technology
XBIT,XBiotech Inc. Common Stock,2.18,2.180000066757202,2.190000057220459,2.1600000858306885,2.1600000858306885,66463254.0,32746,Health Care
RNXT,RenovoRx Inc. Common Stock,1.47,1.5099999904632568,1.5700000524520874,1.3700000047683716,1.3899999856948853,66340377.0,618045,Health Care
TYGO,Tigo Energy Inc. Common Stock,0.8627,0.8830000162124634,0.8939999938011169,0.8510000109672546,0.8650000095367432,66232680.0,293375,Technology
THRY,Thryv Holdings Inc. Common Stock,1.49,1.4900000095367432,1.5049999952316284,1.340000033378601,1.3799999952316284,66214275.0,409762,Consumer Discretionary
MYO,Myomo Inc. Common Stock,1.67,1.7300000190734863,1.7799999713897705,1.590000033378601,1.6100000143051147,66145116.0,272928,Health Care
DIT,AMCON Distributing Company Common Stock,67.73,69.0,69.0999984741211,68.72000122070312,68.98999786376953,66106376.0,4672,Consumer Discretionary
SCOR,comScore Inc. Common Stock,4.3,4.300000190734863,4.429999828338623,4.050000190734863,4.230000019073486,65292602.0,34372,Consumer Discretionary
AIFC,AI Financial Corporation Common Stock,0.4667,0.4699999988079071,0.47999998927116394,0.4399999976158142,0.44999998807907104,65261700.0,595590,Finance
GOSS,Gossamer Bio Inc. Common Stock,10.65,10.770000457763672,10.930000305175781,10.5,10.779999732971191,65139564.0,391100,Health Care
GNSS,Genasys Inc. Common Stock,1.43,1.409999966621399,1.4500000476837158,1.409999966621399,1.440000057220459,65125073.0,41650,Consumer Staples
IPWR,Ideal Power Inc. Common Stock,3.95,3.990000009536743,4.14900016784668,3.950000047683716,3.950000047683716,64916887.0,89627,Technology
SEV,Aptera Motors Corp. Class B Common Stock,1.58,1.6100000143051147,1.690000057220459,1.5800000429153442,1.659999966621399,64673347.0,423961,Industrials
NMAD,Nomad Power Solutions Inc. Common Stock,4.015,3.9800000190734863,4.400000095367432,3.9800000190734863,4.349999904632568,64645788.0,177780,Health Care
BOF,BranchOut Food Inc. Common Stock,3.96,3.950000047683716,3.950000047683716,3.549999952316284,3.569999933242798,64388436.0,55261,Consumer Staples
HOUR,Hour Loop Inc. Common Stock,1.82,1.809999942779541,1.8930000066757202,1.75,1.75,64063672.0,18906,Consumer Discretionary
CABO,Cable One Inc. Common Stock,11.25,11.399999618530273,13.050000190734863,10.819999694824219,12.970000267028809,63831656.0,566054,Telecommunications
PLRX,Pliant Therapeutics Inc. Common Stock,1.03,1.0399999618530273,1.0399999618530273,1.0099999904632568,1.0299999713897705,63779554.0,295625,Health Care
WFCF,Where Food Comes From Inc. Common Stock,12.76,12.720000267028809,14.229999542236328,12.720000267028809,13.520000457763672,63540500.0,16698,Technology
BZAI,Blaize Holdings Inc. Common Stock,0.4359,0.33000001311302185,0.3310000002384186,0.2619999945163727,0.28999999165534973,63132286.0,2846350,Technology
ESYN,EnerSyn Global Inc. Common Stock,2.12,2.0799999237060547,2.263000011444092,2.0799999237060547,2.0999999046325684,63019968.0,19478,Health Care
FRMM,Forum Markets Incorporated Common Stock,4.75,4.710000038146973,4.929999828338623,4.690000057220459,4.849999904632568,62695003.0,89188,Finance
INKT,MiNK Therapeutics Inc. Common Stock,12.2,12.109999656677246,12.199999809265137,11.630000114440918,11.699999809265137,62256624.0,28693,Health Care
ELOX,Eloxx Pharmaceuticals Inc. Common Stock,15.41,15.34000015258789,16.020000457763672,14.5,15.130000114440918,62201833.0,26173,Health Care
KDKRW,Kodiak AI Inc. Warrants,0.31,0.3050000071525574,0.4399999976158142,0.3050000071525574,0.3400000035762787,62191633.0,76192,Technology
DXR,Daxor Corporation Common Stock,10.63,10.430000305175781,10.430000305175781,10.300000190734863,10.300000190734863,62060321.0,30318,Health Care
WWR,Westwater Resources Inc. Common Stock,0.48,0.4699999988079071,0.49000000953674316,0.4699999988079071,0.47999998927116394,61711120.0,960826,Basic Materials
CIRC,Circle8 Group Inc. Common Stock,0.5383,0.5989999771118164,0.7059999704360962,0.4320000112056732,0.4959999918937683,61585247.0,1119262,Industrials
GEOS,Geospace Technologies Corporation Common Stock (Texas),4.75,4.710000038146973,4.769999980926514,4.659999847412109,4.690000057220459,61444114.0,202284,Industrials
INTG,Intergroup Corporation (The) Common Stock,28.245,29.829999923706055,29.829999923706055,28.510000228881836,28.790000915527344,60693195.0,36490,Real Estate
ACET,Adicet Bio Inc. Common Stock,6.47,6.519999980926514,6.550000190734863,6.210000038146973,6.25,60568840.0,152788,Health Care
GUTS,Fractyl Health Inc. Common Stock,4.56,4.559999942779541,4.75,4.400000095367432,4.570000171661377,60488341.0,291635,Health Care
TLPH,Talphera Inc. Common Stock,1.16,1.159999966621399,1.1799999475479126,1.100000023841858,1.1100000143051147,60210723.0,587129,Health Care
BATL,Battalion Oil Corporation Common Stock,1.05,1.0399999618530273,1.0399999618530273,1.0199999809265137,1.0299999713897705,60146263.0,2295286,Energy
HYPD,Hyperion DeFi Inc. Common Stock,3.89,3.940000057220459,3.990000009536743,3.759999990463257,3.819999933242798,60071255.0,362747,Health Care
XLO,Xilio Therapeutics Inc. Common Stock,9.11,9.100000381469727,9.319999694824219,8.8100004196167,9.0,59945157.0,7161,Health Care
CAST,FreeCast Inc. Class A Common Stock,1.17,1.1699999570846558,1.190000057220459,1.1100000143051147,1.1299999952316284,59421274.0,553958,Technology
BOLD,Boundless Bio Inc. Common Stock,2.6,2.619999885559082,2.6500000953674316,2.515000104904175,2.569999933242798,59144761.0,55066,Health Care
DLHC,DLH Holdings Corp.,4.08,4.119999885559082,4.210000038146973,4.119999885559082,4.190000057220459,59131583.0,41003,Consumer Discretionary
PVL,Permianville Royalty Trust Units of Beneficial Interest,1.79,1.7999999523162842,1.8300000429153442,1.7899999618530273,1.8200000524520874,59070000.0,79091,Energy
CLSKW,CleanSpark Inc. Warrant,0.23,0.7250000238418579,0.23849999904632568,0.23499999940395355,0.23499999940395355,59067927.0,65968,Finance
IH,iHuman Inc. American depositary shares each representing five Class A ordinary shares,1.15,1.1399999856948853,1.1399999856948853,1.1399999856948853,1.1399999856948853,58779791.0,1349,Real Estate
VIP,Vulcan Infrastructure and Power Inc. Class A Common Stock,1.52,1.5299999713897705,1.5700000524520874,1.4600000381469727,1.4600000381469727,58187343.0,165171,Finance
VOC,VOC Energy Trust Units of Beneficial Interest,3.42,3.4000000953674316,3.4200000762939453,3.4000000953674316,3.4200000762939453,58140000.0,63316,Energy
AUROW,Aurora Innovation Inc. Warrant,0.0286,0.5299999713897705,0.028999999165534973,0.027000000700354576,0.02710000053048134,57318841.0,27472,Technology
SLSN,Solesence Inc. Common Stock,0.8095,0.800000011920929,0.8500000238418579,0.7799999713897705,0.800000011920929,57188783.0,29661,Consumer Discretionary
MYPS,PLAYSTUDIOS Inc.  Class A Common Stock,4.75,4.75,4.849999904632568,4.494999885559082,4.579999923706055,57057656.0,40635,Technology
INVE,INVE Technologies Inc. Common Stock,2.35,2.359999895095825,2.430000066757202,2.2799999713897705,2.4200000762939453,56954020.0,93047,Technology
MCHX,Marchex Inc. Class B Common Stock,1.28,1.309999942779541,1.3700000047683716,1.309999942779541,1.3600000143051147,56752499.0,31722,Technology
OABIW,OmniAb Inc. Warrant,0.39,0.16500000655651093,0.38999998569488525,0.38999998569488525,0.38999998569488525,56702255.0,1,Health Care
GENK,GEN Restaurant Group Inc. Class A Common Stock,1.61,1.6200000047683716,1.659999966621399,1.5499999523162842,1.5700000524520874,56187301.0,20451,Consumer Discretionary
SELF,Global Self Storage Inc. Common Stock,4.9,4.869999885559082,4.940000057220459,4.869999885559082,4.900000095367432,55964958.0,46539,Real Estate
FBDT,First Breach Inc. Common Stock,1.0,1.0299999713897705,1.0700000524520874,0.9300000071525574,0.9700000286102295,55776201.0,260655,Industrials
ALDX,Aldeyra Therapeutics Inc. Common Stock,0.9237,0.949999988079071,0.9900000095367432,0.8619999885559082,0.9160000085830688,55723515.0,7027957,Health Care
CLNN,Clene Inc. Common Stock,3.91,3.9200000762939453,4.039999961853027,3.799999952316284,3.869999885559082,55576666.0,278254,Health Care
TEAD,Teads Holding Co. Common Stock,0.5664,0.5879999995231628,0.6000000238418579,0.5519999861717224,0.5649999976158142,55544108.0,270556,Technology
CELU,Celularity Inc. Class A Common Stock,1.71,1.7000000476837158,1.7690000534057617,1.5399999618530273,1.5800000429153442,55489102.0,282146,Health Care
UAVS,AgEagle Aerial Systems Inc. Common Stock,0.882,0.8899999856948853,0.9200000166893005,0.8799999952316284,0.8999999761581421,55482833.0,1093143,Industrials
ONEN,ONE Nuclear Energy Inc. Common Stock  ,2.13,2.0,2.049999952316284,1.9019999504089355,2.009999990463257,55429699.0,2588312,Utilities
AIRG,Airgain Inc. Common Stock,4.2,4.21999979019165,4.360000133514404,4.099999904632568,4.210000038146973,55020983.0,128935,Technology
TZOO,Travelzoo Common Stock,5.38,5.539999961853027,5.539999961853027,5.210000038146973,5.480000019073486,54888573.0,65799,Consumer Discretionary
XPL,Solitario Resources Corp. Common Stock,0.575,0.5699999928474426,0.5699999928474426,0.5400000214576721,0.5699999928474426,54443566.0,85014,Basic Materials
MDAI,Spectral AI Inc. Class A Common Stock,1.69,1.6699999570846558,1.8049999475479126,1.659999966621399,1.659999966621399,54392528.0,132443,Health Care
TPCS,TechPrecision Corporation Common stock,5.33,5.389999866485596,5.46999979019165,5.25,5.420000076293945,54010281.0,24664,Industrials
INMB,INmune Bio Inc. Common stock,1.94,1.9500000476837158,1.9780000448226929,1.8200000524520874,1.8700000047683716,53842351.0,267263,Health Care
HIT,Health In Tech Inc. Class A Common Stock,0.82,0.8299999833106995,0.8299999833106995,0.7799999713897705,0.8100000023841858,53546648.0,129781,Finance
IMA,ImageneBio Inc. Common Stock,4.7,4.699999809265137,4.71999979019165,4.599999904632568,4.599999904632568,53351843.0,8537,Health Care
SGA,Saga Communications Inc. Class A Common Stock (FL),8.36,8.430000305175781,8.430000305175781,8.329999923706055,8.369999885559082,53152780.0,5376,Consumer Discretionary
EDSA,Edesa Biotech Inc. Common Shares,3.91,3.9100000858306885,4.0,3.7200000286102295,3.7200000286102295,52799557.0,69961,Health Care
LONA,LeonaBio Inc. Common Stock,5.58,5.630000114440918,5.880000114440918,5.25,5.75,52572880.0,296098,Health Care
RENT,Rent the Runway Inc. Class A Common Stock,1.55,1.5499999523162842,1.6950000524520874,1.5499999523162842,1.649999976158142,52349888.0,125924,Consumer Discretionary
SCWO,374Water Inc. Common Stock,2.95,2.950000047683716,2.990000009536743,2.7699999809265137,2.7699999809265137,52268575.0,80301,Consumer Discretionary
SER,Serina Therapeutics Inc. Common Stock,2.04,2.0250000953674316,2.0799999237060547,2.0160000324249268,2.0399999618530273,51816965.0,25281,Health Care
DWTX,Dogwood Therapeutics Inc. Common Stock,1.52,1.5700000524520874,1.6399999856948853,1.4600000381469727,1.5199999809265137,51668681.0,99980,Health Care
FTEK,Fuel Tech Inc. Common Stock,1.65,1.649999976158142,1.75,1.6200000047683716,1.6699999570846558,51507702.0,71104,Industrials
TELA,TELA Bio Inc. Common Stock,1.14,1.1200000047683716,1.2970000505447388,1.090000033378601,1.090000033378601,51463487.0,225680,Health Care
BSEM,BioStem Technologies Inc. Common Stock,2.755,2.759999990463257,2.7899999618530273,2.450000047683716,2.4700000286102295,51441704.0,120989,Health Care
EXOZ,eXoZymes Inc. Common Stock,5.52,5.639999866485596,5.71999979019165,5.519999980926514,5.519999980926514,51361950.0,4455,Health Care
LIDR,AEye Inc. Class A Common Stock,1.1,1.1100000143051147,1.1200000047683716,1.0700000524520874,1.0700000524520874,51339386.0,559689,Consumer Discretionary
SKIL,Skillsoft Corp. Class A Common Stock,5.64,5.650000095367432,5.880000114440918,5.650000095367432,5.760000228881836,51326504.0,18700,Technology
ANVS,Annovis Bio Inc. Common Stock,1.2,1.2000000476837158,1.2400000095367432,1.1699999570846558,1.1799999475479126,51214871.0,657653,Health Care
BGSF,BGSF Inc. Common Stock,4.78,4.75,4.800000190734863,4.699999809265137,4.730000019073486,51049277.0,17451,Consumer Discretionary
DOMH,Dominari Holdings Inc. Common Stock,2.1,2.109999895095825,2.109999895095825,2.0,2.0199999809265137,50911657.0,86071,Finance
AVD,American Vanguard Corporation Common Stock ($0.10 Par Value),1.72,1.75,1.7799999713897705,1.7100000381469727,1.7100000381469727,50741087.0,231020,Industrials
CLPR,Clipper Realty Inc. Common Stock,3.14,3.130000114440918,3.234999895095825,3.119999885559082,3.1500000953674316,50734757.0,40937,Real Estate
PAAI,Paradium.AI Inc. Common Stock,1.06,1.0299999713897705,1.059999942779541,0.9700000286102295,1.0199999809265137,50467292.0,409149,Technology
ELTX,Elicio Therapeutics Inc. Common Stock,1.92,1.899999976158142,1.9600000381469727,1.8600000143051147,1.8799999952316284,50461213.0,202857,Health Care
AIRTP,Air T Inc. Air T Funding Alpha Income Trust Preferred Securities,18.8,18.899999618530273,18.899999618530273,18.899999618530273,18.899999618530273,50416862.0,1215,Consumer Discretionary
COCH,Envoy Medical Inc. Class A Common Stock,0.651,0.6700000166893005,0.6700000166893005,0.6510000228881836,0.6510000228881836,50253681.0,73316,Health Care
FLL,Full House Resorts Inc. Common Stock,1.37,1.3700000047683716,1.399999976158142,1.3300000429153442,1.3600000143051147,50202938.0,196589,Consumer Discretionary
REKR,Rekor Systems Inc. Common Stock,0.364,0.3659999966621399,0.3700000047683716,0.3230000138282776,0.3240000009536743,50099684.0,1471980,Telecommunications
SCYX,SCYNEXIS Inc. Common Stock,5.03,5.099999904632568,5.289999961853027,4.789999961853027,4.840000152587891,50046533.0,356486,Health Care
CRVO,CervoMed Inc. Common Stock,3.31,3.359999895095825,3.440000057220459,3.109999895095825,3.3399999141693115,50044208.0,648773,Health Care
NEOVW,NeoVolta Inc. Warrant,0.8438,1.4299999475479126,1.0,0.9075000286102295,0.9399999976158142,49795378.0,26333,Miscellaneous
RPID,Rapid Micro Biosystems Inc. Class A Common Stock,0.9764,1.0,1.0,0.9430000185966492,0.9430000185966492,48975790.0,444790,Industrials
POCI,Precision Optics Corporation Inc. Common stock,4.46,4.409999847412109,4.539999961853027,4.369999885559082,4.5,48938652.0,34425,Health Care
TCBS,Texas Community Bancshares Inc. Common Stock,17.0,17.0,17.0,17.0,17.0,48836359.0,2408,Finance
STKS,The ONE Group Hospitality Inc. Common Stock,1.54,1.5399999618530273,1.6100000143051147,1.5390000343322754,1.5499999523162842,48801097.0,21593,Consumer Discretionary
VGAS,Verde Clean Fuels Inc. Class A Common Stock,1.09,1.0800000429153442,1.1100000143051147,1.0700000524520874,1.0800000429153442,48559087.0,30909,Industrials
BRID,Bridgford Foods Corporation Common Stock,5.34,5.400000095367432,5.559999942779541,5.400000095367432,5.559999942779541,48470283.0,1745,Consumer Staples
LASE,Laser Photonics Corporation Common Stock,0.797,0.7979999780654907,0.8090000152587891,0.7609999775886536,0.7649999856948853,48360140.0,1234240,Miscellaneous
SOWG,Sow Good Inc. Common Stock,2.4,2.319999933242798,2.3499999046325684,2.2300000190734863,2.3499999046325684,48239743.0,18337,Consumer Staples
CULP,Culp Inc. Common Stock,3.78,3.7799999713897705,3.7899999618530273,3.6500000953674316,3.6500000953674316,48139525.0,70469,Consumer Discretionary
SRTS,Sensus Healthcare Inc. Common Stock,2.92,2.930000066757202,3.015000104904175,2.9000000953674316,2.9700000286102295,48069212.0,16443,Health Care
PFXNZ,PhenixFIN Corporation  5.25% Notes due 2028,23.94,23.934999465942383,23.969999313354492,23.934999465942383,23.969999313354492,47972624.0,717,Finance
WHLRD,Wheeler Real Estate Investment Trust Inc. Series D Cumulative Preferred Stock,36.26,36.5,36.5,36.4900016784668,36.5,47796010.0,2,Real Estate
OFS,OFS Capital Corporation Common Stock,3.56,3.9600000381469727,4.300000190734863,3.930000066757202,4.159999847412109,47697158.0,63689,Finance
CATO,Cato Corporation (The) Class A Common Stock,2.39,2.390000104904175,2.4000000953674316,2.369999885559082,2.390000104904175,47589558.0,50651,Consumer Discretionary
VHC,VirnetX Holding Corp Common Stock,11.32,11.430000305175781,12.010000228881836,11.390000343322754,11.960000038146973,47498822.0,14235,Miscellaneous
STI,Solidion Technology Inc. Common Stock,5.43,5.449999809265137,6.099999904632568,5.440000057220459,5.71999979019165,47386567.0,197727,Miscellaneous
XOS,Xos Inc. Common Stock,3.33,3.3399999141693115,3.440000057220459,3.2209999561309814,3.319999933242798,47345447.0,155944,Consumer Discretionary
VRM,Vroom Inc. Common Stock,9.02,9.170000076293945,9.350000381469727,9.079999923706055,9.350000381469727,47213864.0,13154,Consumer Discretionary
TIL,Instil Bio Inc. Common Stock,6.95,7.21999979019165,7.21999979019165,6.820000171661377,6.885000228881836,47134733.0,12951,Health Care
ACFN,Acorn Energy Inc. Common Stock,18.72,18.75,19.459999084472656,18.5,18.5,46980049.0,16160,Consumer Discretionary
TACT,TransAct Technologies Incorporated Common Stock,4.53,4.75,4.769999980926514,4.550000190734863,4.71999979019165,46769854.0,16541,Technology
HAIN,Hain Celestial Group Inc. (The) Common Stock,0.513,0.5199999809265137,0.550000011920929,0.5099999904632568,0.5199999809265137,46684164.0,1001320,Consumer Staples
CNVS,Cineverse Corp. Class A Common Stock,1.94,1.9500000476837158,2.0,1.9199999570846558,1.9299999475479126,46116491.0,85044,Consumer Discretionary
XTNT,Xtant Medical Holdings Inc. Common Stock,0.3286,0.3400000035762787,0.3400000035762787,0.3199999928474426,0.3199999928474426,46098624.0,180354,Health Care
KFFB,Kentucky First Federal Bancorp Common Stock,5.67,5.739999771118164,5.889999866485596,5.71999979019165,5.75,45851674.0,1683,Finance
IDN,Intellicheck Inc. Common Stock,2.26,2.259999990463257,2.309999942779541,2.259999990463257,2.309999942779541,45802839.0,157178,Technology
SPWH,Sportsman's Warehouse Holdings Inc. Common Stock,1.16,1.159999966621399,1.1660000085830688,1.1299999952316284,1.1399999856948853,45404099.0,263298,Consumer Discretionary
MBBC,Marathon Bancorp Inc. Common Stock,15.08,14.899999618530273,14.90999984741211,14.899999618530273,14.899999618530273,45389337.0,5601,Finance
SVIAW,Silvia Inc. Warrant,0.5369,0.5299999713897705,0.5979999899864197,0.5299999713897705,0.5640000104904175,45266275.0,27823,Finance
HOWL,Werewolf Therapeutics Inc. Common Stock,0.93,0.9399999976158142,0.9399999976158142,0.9100000262260437,0.9200000166893005,45197131.0,239087,Health Care
HGBL,Heritage Global Inc. Common Stock,1.3,1.2899999618530273,1.3200000524520874,1.2899999618530273,1.2899999618530273,45031279.0,59325,Consumer Discretionary
PIII,P3 Health Partners Inc. Class A Common Stock,6.17,6.039999961853027,6.039999961853027,5.329999923706055,5.619999885559082,44800259.0,2308,Health Care
MVIS,MicroVision Inc. Common Stock,1.47,1.5099999904632568,1.6299999952316284,1.4800000190734863,1.5800000429153442,44320540.0,658100,Technology
LOAN,Manhattan Bridge Capital Inc,3.87,3.950000047683716,3.950000047683716,3.8499999046325684,3.859999895095825,44216720.0,29672,Real Estate
YDESW,YD Bio Limited Warrants,0.6203,0.45820000767707825,0.5299999713897705,0.45820000767707825,0.5299999713897705,43936684.0,18115,Health Care
BNAI,Brand Engagement Network Inc. Common Stock,5.84,5.860000133514404,5.994999885559082,5.519999980926514,5.710000038146973,43818595.0,97002,Technology
INV,Innventure Inc. Common Stock,0.5156,0.527999997138977,0.5839999914169312,0.5109999775886536,0.5659999847412109,43626286.0,3585992,Finance
VERU,Veru Inc. Common Stock,2.55,2.5399999618530273,2.75,2.440000057220459,2.4700000286102295,43478316.0,88797,Health Care
XBP,XBP Global Holdings Inc. Common Stock,3.06,3.193000078201294,3.3399999141693115,3.180000066757202,3.180000066757202,43319147.0,9504,Technology
SACH,Sachem Capital Corp. Common Shares,0.9,0.9079999923706055,0.9200000166893005,0.8690000176429749,0.8799999952316284,43159169.0,71116,Real Estate
PROP,Prairie Operating Co. Common Stock,0.3824,0.38199999928474426,0.4009999930858612,0.38199999928474426,0.39500001072883606,43133959.0,664310,Energy
TVGN,Tevogen Inc. Common Stock,6.6,6.559999942779541,6.559999942779541,6.460999965667725,6.489999771118164,42976164.0,3486,Health Care
PRPO,Precipio Inc.  Common Stock,24.0,24.0,24.27199935913086,23.299999237060547,23.450000762939453,42964512.0,43481,Industrials
LITS,Lite Strategy Inc. Common Stock,1.4,1.399999976158142,1.440000057220459,1.3700000047683716,1.409999966621399,42570175.0,435162,Health Care
CVM,Cel-Sci Corporation Common Stock,2.42,2.4200000762939453,2.8299999237060547,2.2899999618530273,2.740000009536743,42565349.0,796322,Health Care
PLCE,Children's Place Inc. (The) Common Stock,1.91,1.899999976158142,1.940000057220459,1.850000023841858,1.909999966621399,42472798.0,273038,Consumer Discretionary
AGIG,Abundia Global Impact Group Inc. Common stock,0.96,0.9599999785423279,1.0399999618530273,0.9399999976158142,0.949999988079071,42384308.0,126892,Energy
RDI,Reading International Inc Class A Common Stock,1.85,1.8300000429153442,1.840000033378601,1.7999999523162842,1.8300000429153442,42346735.0,24040,Consumer Discretionary
VHUB,VenHub Global Inc. Common Stock,0.4346,0.41999998688697815,0.46000000834465027,0.4099999964237213,0.41999998688697815,42342147.0,159385,Technology
IZEA,IZEA Worldwide Inc. Common Stock,2.43,2.430000066757202,2.5880000591278076,2.4100000858306885,2.450000047683716,42321575.0,30270,Consumer Discretionary
FLNA,Filana Therapeutics Inc. Common Stock,0.8698,0.8899999856948853,0.8999999761581421,0.8299999833106995,0.8700000047683716,42018208.0,1034938,Health Care
SYPR,Sypris Solutions Inc. Common Stock,1.82,1.850000023841858,1.9600000381469727,1.8200000524520874,1.940000057220459,41908108.0,30318,Industrials
RYM,RYTHM Inc. Common Stock,19.0,19.6299991607666,20.040000915527344,18.8700008392334,20.040000915527344,41800000.0,4237,Consumer Staples
VTIX,Virtuix Holdings Inc. Class A Common Stock,1.23,1.2300000190734863,1.2799999713897705,1.1649999618530273,1.190000057220459,41784759.0,141018,Technology
CVRX,CVRx Inc. Common Stock,1.56,1.5399999618530273,1.690000057220459,1.5399999618530273,1.6200000047683716,41560891.0,577811,Health Care
PXLW,Pixelworks Inc.  Common Stock,6.82,6.809999942779541,6.860000133514404,6.550000190734863,6.650000095367432,41256860.0,12569,Technology
MIND,MIND Technology Inc. Common Stock (DE),4.53,4.510000228881836,4.659999847412109,4.420000076293945,4.570000171661377,41173419.0,83314,Industrials
SBCWW,SBC Medical Group Holdings Incorporated Warrants,0.4,0.17489999532699585,0.4997999966144562,0.44999998807907104,0.44999998807907104,41138777.0,49342,Health Care
STEM,Stem Inc. Class A Common Stock,4.25,4.309999942779541,4.860000133514404,4.309999942779541,4.769999980926514,40913662.0,102043,Technology
ELWT,Elauwit Connection Inc. Common Stock,6.12,6.300000190734863,6.599999904632568,6.09499979019165,6.25,40513152.0,19004,Consumer Discretionary
SNWV,SANUWAVE Health Inc. Common Stock,4.7,4.767000198364258,5.28000020980835,4.75,5.199999809265137,40430852.0,38510,Health Care
BIRD,Smartbird Inc. Class A Common Stock,3.41,3.4100000858306885,3.430000066757202,3.140000104904175,3.1700000762939453,40269348.0,434861,Consumer Discretionary
BTMD,Biote Corp. Class A Common Stock,1.12,1.1200000047683716,1.25,1.1200000047683716,1.1399999856948853,40238764.0,205208,Health Care
GAME,GameSquare Holdings Inc. Common Stock,3.06,3.069999933242798,3.125,2.9100000858306885,2.930000066757202,39976825.0,193303,Consumer Discretionary
MAMO,Massimo Group Common Stock,0.95,0.9300000071525574,0.9649999737739563,0.9300000071525574,0.9430000185966492,39558903.0,13228,Consumer Discretionary
MLGO,MicroAlgo Inc. Class A Ordinary Shares,3.18,3.2149999141693115,3.2149999141693115,3.075000047683716,3.0899999141693115,39551126.0,18618,Technology
MGX,Metagenomi Therapeutics Inc. Common Stock,1.04,1.0700000524520874,1.0800000429153442,1.024999976158142,1.0299999713897705,39288189.0,163212,Health Care
HCMAW,HCM III Acquisition Corp. Warrants,0.4931,0.5199999809265137,0.5199999809265137,0.5199999809265137,0.5199999809265137,39074661.0,4,Consumer Discretionary
BAER,Bridger Aerospace Group Holdings Inc. Common Stock,0.659,0.6549999713897705,0.6830000281333923,0.5849999785423279,0.5989999771118164,38766426.0,470612,Industrials
HBIO,Harvard Bioscience Inc. Common Stock,8.5,8.510000228881836,8.65999984741211,8.510000228881836,8.5600004196167,38694593.0,22983,Industrials
ATHR,Aether Holdings Inc. Common Stock,3.16,3.200000047683716,3.299999952316284,3.11899995803833,3.11899995803833,38672266.0,8922,Technology
GLNDW,Greenland Energy Company Warrant,0.882,0.7569000124931335,0.8500000238418579,0.6899999976158142,0.7498000264167786,38570031.0,237604,Energy
NEPH,Nephros Inc. Common Stock,3.55,3.569999933242798,3.7899999618530273,3.009999990463257,3.0199999809265137,38553426.0,17845,Health Care
SEAT,Vivid Seats Inc. Class A Common Stock,3.28,3.319999933242798,3.3399999141693115,3.049999952316284,3.069999933242798,38415875.0,200645,Consumer Discretionary
QTI,QT Imaging Holdings Inc. Common Stock,2.61,2.677000045776367,2.7699999809265137,2.572999954223633,2.5799999237060547,38201328.0,33017,Health Care
XRXDW,Xerox Holdings Corporation Warrants,0.2875,0.2800000011920929,0.29499998688697815,0.2502000033855438,0.26080000400543213,37752922.0,42248,Technology
AIFA,All In FutureTech Alliance Inc. Common Stock,5.88,6.704999923706055,8.930000305175781,6.704999923706055,7.670000076293945,37751458.0,688989,Consumer Discretionary
ATNM,Actinium Pharmaceuticals Inc. (Delaware) Common Stock,1.2,1.2000000476837158,1.2200000286102295,1.0199999809265137,1.1100000143051147,37729723.0,115033,Health Care
OMEX,Odyssey Marine Exploration Inc. Common Stock,0.6417,0.6480000019073486,0.699999988079071,0.6480000019073486,0.6759999990463257,37662264.0,280824,Consumer Discretionary
RMCO,Royalty Management Holding Corporation Class A Common Stock,2.48,2.5,2.5,2.5,2.5,37628316.0,7236,Miscellaneous
CMTL,Comtech Telecommunications Corp. Common Stock,1.25,1.2699999809265137,1.2799999713897705,1.25,1.25,37451789.0,471092,Technology
MLCI,Mount Logan Capital Inc. Common Stock,3.33,3.2799999713897705,3.2799999713897705,3.180000066757202,3.180000066757202,37258597.0,17834,Finance
NNVC,NanoViricides Inc. Common Stock,1.45,1.4500000476837158,1.4800000190734863,1.3600000143051147,1.399999976158142,37011250.0,708559,Health Care
KOSS,Koss Corporation Common Stock,3.9,3.880000114440918,3.930000066757202,3.759999990463257,3.8399999141693115,36919108.0,43474,Consumer Staples
BEAT,Heartbeam Inc. Common Stock,0.6542,0.6230000257492065,0.6399999856948853,0.5699999928474426,0.5839999914169312,36863628.0,404235463,Health Care
ELUT,Elutia Inc. Class A Common Stock,0.8216,0.8069999814033508,0.8299999833106995,0.7670000195503235,0.7770000100135803,36388031.0,256246,Health Care
LVO,LiveOne Inc. Common Stock,2.65,2.6700000762939453,2.8499999046325684,2.640000104904175,2.799999952316284,36336241.0,90831,Consumer Discretionary
STRR,Star Equity Holdings Inc. Common Stock,9.8,9.75,10.010000228881836,9.75,10.010000228881836,36156149.0,3827,Consumer Discretionary
DCGO,DocGo Inc. Common Stock,0.365,0.3720000088214874,0.3779999911785126,0.3499999940395355,0.3619999885559082,36108855.0,235327,Health Care
PPSI,Pioneer Power Solutions Inc. Common Stock,3.25,3.2300000190734863,3.390000104904175,3.119999885559082,3.174999952316284,36072615.0,42245,Miscellaneous
ARAY,Accuray Incorporated Common Stock,0.3017,0.30000001192092896,0.3199999928474426,0.25999999046325684,0.25999999046325684,36034839.0,2213147,Health Care
SLND,Southland Holdings Inc. Common Stock,0.66,0.6370000243186951,0.7200000286102295,0.6100000143051147,0.7200000286102295,35927270.0,633521,Industrials
GPMT,Granite Point Mortgage Trust Inc. Common Stock,0.7431,7.434999942779541,7.610000133514404,7.110000133514404,7.599999904632568,35816057.0,334865,Real Estate
GROW,U.S. Global Investors Inc. Class A Common Stock,2.9,2.930000066757202,2.950000047683716,2.890000104904175,2.9200000762939453,35664768.0,13531,Finance
LVLU,Lulu's Fashion Lounge Holdings Inc. Common Stock,12.4,13.010000228881836,13.239999771118164,11.829999923706055,12.9350004196167,35607542.0,28126,Consumer Discretionary
GAIA,Gaia Inc. Class A Common Stock,1.4,1.399999976158142,1.409999966621399,1.3899999856948853,1.409999966621399,35596110.0,55488,Consumer Discretionary
NTIP,Network-1 Technologies Inc. Common Stock,1.55,1.590000033378601,1.6399999856948853,1.5499999523162842,1.6299999952316284,35437931.0,11866,Miscellaneous
AERT,Aeries Technology Inc. Class A Ordinary Share,6.75,7.059999942779541,7.300000190734863,6.909999847412109,7.230000019073486,35423001.0,11677,Consumer Discretionary
HOLO,MicroCloud Hologram Inc. Ordinary Shares,1.54,1.5700000524520874,1.5800000429153442,1.475000023841858,1.4800000190734863,35285034.0,144998,Technology
SDOT,Sadot Group Inc. Common Stock,11.08,11.140000343322754,11.140000343322754,10.600000381469727,10.699999809265137,35070172.0,48709,Consumer Discretionary
BODI,The Beachbody Company Inc. Class A Common Stock,4.82,4.880000114440918,5.041999816894531,4.849999904632568,4.940000057220459,34997933.0,9273,Consumer Discretionary
COSM,Cosmos Health Inc. Common Stock,0.3457,0.3409999907016754,0.3529999852180481,0.31200000643730164,0.3199999928474426,34789095.0,3741824,Health Care
ACH,Accendra Health Inc. Common Stock,0.451,0.46000000834465027,0.5,0.4399999976158142,0.4699999988079071,34684022.0,1558896,Health Care
STRRP,Star Equity Holdings Inc. 10% Series A Cumulative Perpetual Preferred Stock,9.305,9.210000038146973,9.305000305175781,9.1850004196167,9.190999984741211,34329895.0,6045,Consumer Discretionary
TOON,Kartoon Studios Inc. Common Stock,0.5507,0.550000011920929,0.5730000138282776,0.550000011920929,0.5690000057220459,34255801.0,255479,Consumer Discretionary
HHS,Harte Hanks Inc. Common Stock,4.54,4.389999866485596,4.539999961853027,4.389999866485596,4.440000057220459,33842250.0,50217,Consumer Discretionary
ALGS,Aligos Therapeutics Inc. Common Stock,5.4,5.460000038146973,5.53000020980835,5.309999942779541,5.380000114440918,33720613.0,48619,Health Care
CREX,Creative Realities Inc. Common Stock,2.48,2.4600000381469727,2.509999990463257,2.4200000762939453,2.490000009536743,33545735.0,27341,Technology
RMTI,Rockwell Medical Inc. Common Stock,8.23,8.020000457763672,8.239999771118164,7.599999904632568,7.650000095367432,33170727.0,10097,Health Care
TAOX,Tao Synergies Inc. Common Stock,4.43,4.465000152587891,4.639999866485596,4.440000057220459,4.559999942779541,33150762.0,141141,Finance
MLSS,Milestone Scientific Inc. Common Stock,0.362,0.36000001430511475,0.38999998569488525,0.3499999940395355,0.3700000047683716,32813274.0,277476,Health Care
RAVE,Rave Restaurant Group Inc. Common Stock,2.29,2.2799999713897705,2.369999885559082,2.2799999713897705,2.2899999618530273,32544486.0,29984,Consumer Discretionary
SCLX,Scilex Holding Company Common Stock,3.82,3.869999885559082,4.050000190734863,3.7899999618530273,3.9600000381469727,32443260.0,59643,Health Care
FGC,FG Communities Holdings Inc. Common Stock ,6.875,6.920000076293945,7.265999794006348,6.71999979019165,6.960000038146973,32364853.0,11963,Finance
BYSI,BeyondSpring Inc. Ordinary Shares,0.786,0.7620000243186951,0.7699999809265137,0.6919999718666077,0.6919999718666077,32320179.0,94297,Health Care
WKHS,Workhorse Group Inc. Common Stock,2.95,3.0199999809265137,3.059999942779541,2.9200000762939453,2.940000057220459,32239326.0,31714,Industrials
UG,United-Guardian Inc. Common Stock,7.0,7.050000190734863,7.179999828338623,7.050000190734863,7.179999828338623,32160233.0,18551,Consumer Discretionary
VTSI,VirTra Inc. Common Stock,2.84,2.950000047683716,3.0,2.744999885559082,2.759999990463257,32147732.0,41612,Consumer Discretionary
FTCI,FTC Solar Inc. Common Stock,1.94,1.9800000190734863,2.0299999713897705,1.899999976158142,1.9700000286102295,32051508.0,628830,Technology
COHN,Cohen & Company Inc.,9.9,9.899999618530273,10.720000267028809,9.899999618530273,10.720000267028809,31966803.0,9981,Finance
FSP,Franklin Street Properties Corp. Common Stock,0.3033,0.30000001192092896,0.3100000023841858,0.30000001192092896,0.3100000023841858,31546751.0,1260265,Real Estate
NSYS,Nortech Systems Incorporated Common Stock,11.05,11.25,11.369999885559082,11.25,11.279999732971191,31534114.0,2035,Technology
FIEE,FiEE Inc Common Stock,3.69,3.5999999046325684,3.5999999046325684,3.5999999046325684,3.5999999046325684,31470527.0,4782,Utilities
CNTX,Context Therapeutics Inc. Common Stock,0.3365,0.33899998664855957,0.3619999885559082,0.3179999887943268,0.32199999690055847,30917343.0,1001332,Health Care
MIRA,MIRA Pharmaceuticals Inc. Common Stock,0.7355,0.7590000033378601,0.7599999904632568,0.699999988079071,0.7120000123977661,30907245.0,89425,Health Care
FLD,Fold Holdings Inc. Class A Common Stock,0.5619,0.5690000057220459,0.5989999771118164,0.5690000057220459,0.5740000009536743,30831009.0,115229,Finance
DAIO,Data I/O Corporation Common Stock,2.89,2.9800000190734863,3.0,2.890000104904175,2.930000066757202,30043362.0,25308,Industrials
SPRU,Spruce Power Holding Corporation Class A Common Stock,1.56,1.559999942779541,1.628000020980835,1.559999942779541,1.6100000143051147,30033410.0,58866,Utilities
CCEL,Cryo-Cell International Inc. Common Stock,3.71,4.0,4.0,3.4200000762939453,3.880000114440918,29912432.0,13060,Health Care
RNAZ,TransCode Therapeutics Inc. Common Stock,1.76,1.7699999809265137,1.815000057220459,1.7100000381469727,1.7799999713897705,29798101.0,65738,Health Care
CVV,CVD Equipment Corporation Common Stock,4.28,4.269999980926514,4.389999866485596,4.239999771118164,4.309999942779541,29751149.0,29402,Technology
RAND,Rand Capital Corporation Common Stock,9.95,9.949999809265137,9.949999809265137,9.949999809265137,9.949999809265137,29549649.0,723,Finance
QRHC,Quest Resource Holding Corporation Common Stock,1.4,1.4199999570846558,1.4299999475479126,1.3600000143051147,1.3600000143051147,29529998.0,15227,Utilities
IGC,IGC Pharma Inc. Common Stock,0.282,0.2800000011920929,0.28999999165534973,0.2800000011920929,0.2800000011920929,29154290.0,1769563,Health Care
GPUS,Hyperscale Data Inc. Common Stock,0.1647,0.1599999964237213,0.17000000178813934,0.1599999964237213,0.1599999964237213,29144839.0,16150884,Technology
CNTY,Century Casinos Inc. Common Stock,1.03,1.0299999713897705,1.0399999618530273,1.0099999904632568,1.0199999809265137,28981823.0,62691,Consumer Discretionary
NTRP,NextTrip Inc. Common Stock,1.92,1.8899999856948853,2.009999990463257,1.840000033378601,1.8899999856948853,28965314.0,90924,Consumer Discretionary
BBBYW,Neighborhood Intelligence Inc. Warrants,0.3017,0.375,0.3799999952316284,0.17000000178813934,0.17499999701976776,28811651.0,614894,Consumer Discretionary
MCRB,Seres Therapeutics Inc. Common Stock,2.85,2.875,3.0199999809265137,2.799999952316284,2.9000000953674316,28627626.0,63313,Health Care
PETS,PetMed Express Inc. Common Stock,1.32,1.3200000524520874,1.350000023841858,1.2999999523162842,1.309999942779541,28616166.0,66902,Consumer Staples
QNCX,Quince Therapeutics Inc. Common Stock,28.1,27.68000030517578,28.149999618530273,26.809999465942383,26.809999465942383,28579470.0,22107,Health Care
ATYR,aTyr Pharma Inc. Common Stock,0.29,0.28999999165534973,0.29600000381469727,0.2809999883174896,0.28299999237060547,28445353.0,1810094,Health Care
XTIA,XTI Aerospace Inc. Common Stock,0.7375,0.7350000143051147,0.7580000162124634,0.6600000262260437,0.7239999771118164,28377369.0,567814,Technology
PRHI,Presurance Holdings Inc. Common Stock,7.5,7.889999866485596,7.980000019073486,7.309999942779541,7.670000076293945,28095690.0,42396,Finance
NOMA,NOMADAR Corp. Class A Common Stock,1.79,1.7699999809265137,1.7899999618530273,1.5099999904632568,1.6200000047683716,27357517.0,32690,Consumer Discretionary
GRDX,GridAI Technologies Corp. Common Stock,3.83,4.099999904632568,4.300000190734863,3.9200000762939453,4.170000076293945,27312201.0,191973,Health Care
FKWL,Franklin Wireless Corp. Common Stock,2.31,2.309999942779541,2.3399999141693115,2.259999990463257,2.319999933242798,27221687.0,13945,Utilities
AEI,Alset Inc. Common Stock (TX),0.6956,0.6620000004768372,0.7089999914169312,0.6610000133514404,0.6840000152587891,27055939.0,16115,Finance
CRWS,Crown Crafts Inc Common Stock,2.46,2.4600000381469727,2.490000009536743,2.4100000858306885,2.4700000286102295,26470306.0,127825,Consumer Discretionary
SWAG,Stran & Company Inc. Common Stock,1.42,1.3799999952316284,1.4299999475479126,1.3799999952316284,1.3799999952316284,26468216.0,35210,Consumer Discretionary
DFDVW,DeFi Development Corp. Warrant,0.81,0.800000011920929,0.8600000143051147,0.75,0.7699999809265137,26422840.0,1708,Finance
ABVC,ABVC BioPharma Inc. Common Stock,0.98,0.9850000143051147,1.0080000162124634,0.9290000200271606,0.9700000286102295,26160586.0,93540,Health Care
LFT,Lument Finance Trust Inc. Common Stock,4.97,5.139999866485596,5.179999828338623,4.980000019073486,5.090000152587891,26085607.0,22569,Real Estate
BLNE,Beeline Holdings Inc. Common Stock,0.784,0.800000011920929,0.8360000252723694,0.7599999904632568,0.7789999842643738,25815668.0,428665,Finance
AAME,Atlantic American Corporation Common Stock,1.26,1.2799999713897705,1.2899999618530273,1.25,1.2699999809265137,25700507.0,11030,Finance
MWYN,Marwynn Holdings Inc. Common stock,1.26,1.2599999904632568,1.649999976158142,1.25,1.4700000286102295,25445453.0,166804,Consumer Discretionary
OCCI,OFS Credit Company Inc. Common Stock,2.19,2.190000057220459,2.200000047683716,2.0999999046325684,2.130000114440918,25440157.0,221191,Finance
REFR,Research Frontiers Incorporated Common Stock,0.7282,0.7699999809265137,0.7699999809265137,0.699999988079071,0.7200000286102295,25390722.0,196925,Miscellaneous
LOCL,Local Bounti Corporation Common Stock,1.08,1.059999942779541,1.093000054359436,1.059999942779541,1.0800000429153442,25250529.0,5139,Consumer Staples
BEEM,Beam Global Common Stock,1.11,1.1299999952316284,1.1399999856948853,1.1100000143051147,1.1100000143051147,25122980.0,149111,Miscellaneous
MSGM,Motorsport Games Inc. Class A Common Stock,5.38,5.400000095367432,5.5,5.130000114440918,5.199999809265137,24687755.0,242057,Technology
KYNB,Kyntra Bio Inc. Common Stock,6.09,6.139999866485596,6.139999866485596,5.869999885559082,5.960000038146973,24659165.0,88821,Health Care
ATOS,Atossa Therapeutics Inc. Common Stock,2.45,2.4600000381469727,2.5399999618530273,2.430000066757202,2.450000047683716,24449280.0,53329,Health Care
NXPL,NextPlat Corp Common Stock,9.0,9.020000457763672,9.5,9.020000457763672,9.270000457763672,24418998.0,10790,Telecommunications
MBNKO,Medallion Bank Fixed-Rate Reset Non-Cumulative Perpetual Preferred Stock Series G par value $1.00 per share,24.24,24.059999465942383,24.204999923706055,24.020000457763672,24.040000915527344,24240000.0,15246,Finance
ASTI,Ascent Solar Technologies Inc. Common Stock,2.46,2.509999990463257,2.5399999618530273,2.3949999809265137,2.450000047683716,24148420.0,487917,Technology
SST,System1 Inc. Class A Common Stock,2.3,2.309999942779541,2.490000009536743,2.299999952316284,2.359999895095825,24123893.0,92656,Technology
KTCC,Key Tronic Corporation Common Stock,2.18,2.2100000381469727,2.2200000286102295,2.190000057220459,2.2200000286102295,24123634.0,11521,Technology
FFR,FF EAI Robotics Ecosystem Inc. Common Stock,1.13,1.1200000047683716,1.5299999713897705,1.090999960899353,1.3799999952316284,23853039.0,558524,Finance
JOB,GEE Group Inc. Common Stock,0.2151,0.20999999344348907,0.2199999988079071,0.20999999344348907,0.2199999988079071,23633185.0,454780,Consumer Discretionary
AWRE,Aware Inc. Common Stock,1.08,1.0800000429153442,1.0800000429153442,1.0299999713897705,1.0700000524520874,23557648.0,29110,Technology
TXMD,TherapeuticsMD Inc. Common Stock,2.01,2.009999990463257,2.059999942779541,2.009999990463257,2.0199999809265137,23264468.0,19395,Health Care
LIVE,Live Ventures Incorporated Common Stock,7.54,7.599999904632568,7.599999904632568,7.489999771118164,7.489999771118164,23160286.0,705,Consumer Discretionary
HOVRW,New Horizon Aircraft Ltd. Warrant,0.3449,0.5148000121116638,0.32499998807907104,0.30709999799728394,0.31850001215934753,23151047.0,1276,Industrials
NXTC,NextCure Inc. Common Stock,5.05,5.010000228881836,5.90500020980835,5.0,5.684999942779541,23115663.0,14559,Health Care
PRT,PermRock Royalty Trust Units of Beneficial Interest,1.88,1.8799999952316284,1.909999966621399,1.8600000143051147,1.8600000143051147,22871576.0,26491,Energy
JVA,Coffee Holding Co. Inc. Common Stock,4.0,4.010000228881836,4.050000190734863,3.9600000381469727,3.990000009536743,22834396.0,37071,Consumer Staples
CLIR,ClearSign Technologies Corporation Common Stock (DE),3.3,3.299999952316284,3.7699999809265137,3.2899999618530273,3.299999952316284,22464602.0,41692,Industrials
SKYQ,Sky Quarry Inc. Common Stock,2.54,2.4800000190734863,2.5850000381469727,2.4600000381469727,2.549999952316284,22436811.0,413956,Industrials
AYTU,Aytu BioPharma Inc.  Common Stock,2.04,2.049999952316284,2.0899999141693115,2.0199999809265137,2.049999952316284,22168084.0,63926,Health Care
DXLG,Destination XL Group Inc. Common Stock,0.3989,0.38999998569488525,0.4000000059604645,0.36000001430511475,0.38999998569488525,22120421.0,149494,Consumer Discretionary
DFNS,T3 Defense Inc. Common Stock,6.78,6.710000038146973,6.849999904632568,6.590000152587891,6.699999809265137,22037007.0,361670,Consumer Discretionary
MODD,Modular Medical Inc. Common Stock,2.3,2.311000108718872,2.7899999618530273,2.311000108718872,2.7300000190734863,21840393.0,75553,Health Care
EHTH,eHealth Inc. Common Stock,0.6813,0.699999988079071,0.7699999809265137,0.6899999976158142,0.7599999904632568,21823847.0,481570,Finance
COCP,Cocrystal Pharma Inc. Common Stock,1.11,1.1100000143051147,1.1299999952316284,1.100000023841858,1.1100000143051147,21382152.0,41307,Health Care
BBGI,Beasley Broadcast Group Inc. Class A Common Stock,10.37,10.4399995803833,10.869999885559082,9.75,10.069999694824219,21287028.0,52441,Consumer Discretionary
PAVM,PAVmed Inc. Common Stock,2.66,2.6500000953674316,2.930000066757202,2.6500000953674316,2.674999952316284,21269142.0,7390,Health Care
BBLGW,Bone Biologics Corp Warrants,7.7,6.534999847412109,6.534999847412109,6.534999847412109,6.534999847412109,21221639.0,5587,Health Care
CKX,CKX Lands Inc. Common Stock,10.32,10.270000457763672,10.720000267028809,10.270000457763672,10.720000267028809,21188291.0,5211,Energy
HSCS,HeartSciences Inc. Common Stock,4.36,3.7899999618530273,3.880000114440918,3.368000030517578,3.7699999809265137,21119448.0,2136887,Health Care
EXYN,Exyn Technologies Inc. Common Stock,2.65,2.7899999618530273,2.859999895095825,2.6600000858306885,2.7200000286102295,21077986.0,126097,Technology
ACTU,Actuate Therapeutics Inc. Common stock,0.8749,0.8899999856948853,0.8899999856948853,0.7599999904632568,0.8119999766349792,21010025.0,202266,Health Care
RVP,Retractable Technologies Inc. Common Stock,0.6952,0.6899999976158142,0.7099999785423279,0.6700000166893005,0.6899999976158142,20812313.0,25288,Health Care
SNAL,Snail Inc. Class A Common Stock,2.3,2.3299999237060547,2.3299999237060547,2.2100000381469727,2.299999952316284,20598365.0,17983,Technology
TLF,Tandy Leather Factory Inc. Common Stock,2.49,2.4800000190734863,2.5899999141693115,2.430000066757202,2.5299999713897705,20398267.0,6934,Consumer Discretionary
AIFF,Firefly Neuroscience Inc. Common Stock,1.3,1.2999999523162842,1.309999942779541,1.25,1.25,20397411.0,298444,Technology
GIFT,Giftify Inc. Common Stock,0.5749,0.5849999785423279,0.6880000233650208,0.5699999928474426,0.6200000047683716,20365934.0,255788,Consumer Discretionary
FNGR,FingerMotion Inc. Common Stock,0.27,0.25999999046325684,0.26899999380111694,0.21799999475479126,0.22100000083446503,20305250.0,64591637,Technology
BENF,Beneficient Class A Common Stock,1.31,1.2300000190734863,1.2699999809265137,1.1699999570846558,1.25,20246996.0,1042986,Finance
AZIO,Azio AI Holdings Inc. Common Stock,1.17,1.2000000476837158,1.2200000286102295,1.1699999570846558,1.1799999475479126,20133182.0,194820,Consumer Discretionary
QNME,Quanome Technologies Inc. Common Stock,0.5794,0.5529999732971191,0.5820000171661377,0.5199999809265137,0.5220000147819519,19947328.0,23828521,Industrials
MXC,Mexco Energy Corporation Common Stock,9.73,9.869999885559082,10.609999656677246,9.800000190734863,10.609999656677246,19907580.0,32616,Energy
DAVEW,Dave Inc. Warrants,1.55,1.4299999475479126,1.5499999523162842,1.2000000476837158,1.2100000381469727,19771036.0,87366,Finance
JSPR,Jasper Therapeutics Inc. Common Stock,0.5928,0.6000000238418579,0.6000000238418579,0.550000011920929,0.5600000023841858,19725160.0,376095,Health Care
EFOI,Energy Focus Inc. Common Stock,3.05,3.109999895095825,3.319999933242798,3.109999895095825,3.1500000953674316,19426127.0,21552,Consumer Discretionary
ESLA,Estrella Immunopharma Inc. Common Stock,0.44,0.44200000166893005,0.460999995470047,0.41100001335144043,0.42899999022483826,19139060.0,31197,Health Care
SHPH,Shuttle Pharmaceuticals Holdings Inc. Common Stock,4.01,4.025000095367432,4.170000076293945,3.950000047683716,4.059999942779541,19106431.0,13819,Health Care
TCRX,TScan Therapeutics Inc. Common Stock,0.2953,0.2930000126361847,0.29600000381469727,0.2639999985694885,0.2750000059604645,18752338.0,758201,Health Care
NEUP,Neuphoria Therapeutics Inc. Common Stock,3.45,3.450000047683716,3.5,3.430000066757202,3.450000047683716,18669102.0,15467,Health Care
IDAI,T Stamp Inc. Class A Common Stock,3.25,3.197999954223633,3.3399999141693115,3.1500000953674316,3.309999942779541,18327696.0,17351,Technology
DYAI,Dyadic International Inc. Common Stock,0.454,0.4699999988079071,0.49000000953674316,0.44999998807907104,0.44999998807907104,18188921.0,142865,Health Care
UONE,Urban One Inc. Class A Common Stock,3.9,4.070000171661377,4.139999866485596,4.070000171661377,4.130000114440918,17998360.0,1868,Consumer Discretionary
ACCS,ACCESS Newswire Inc. Common Stock,4.7,4.730000019073486,4.849999904632568,4.699999809265137,4.849999904632568,17988329.0,6141,Consumer Discretionary
BCG,Binah Capital Group Inc. Common Stock,1.05,1.0299999713897705,1.0700000524520874,1.024999976158142,1.0499999523162842,17913138.0,17430,Finance
ZEO,Zeo Energy Corporation Class A Common Stock,0.2862,0.289000004529953,0.296999990940094,0.27799999713897705,0.289000004529953,17796915.0,445677,Miscellaneous
VEEA,Veea Inc. Common Stock,5.72,4.940000057220459,5.269999980926514,4.460000038146973,4.940000057220459,17793250.0,66904546,Technology
FOXX,Foxx Development Holdings Inc. Common Stock,2.51,2.509999990463257,2.509999990463257,2.3399999141693115,2.5,17758017.0,5424,Telecommunications
RKTO,Rocket One Inc. Common Stock,0.71,0.7300000190734863,0.7649999856948853,0.6869999766349792,0.7009999752044678,17677283.0,287670,Health Care
MRKR,Marker Therapeutics Inc. Common Stock,1.06,1.0700000524520874,1.0700000524520874,1.0,1.0099999904632568,17673515.0,73492,Health Care
REBN,Reborn Coffee Inc. Common Stock,2.0,2.259999990463257,2.2880001068115234,2.0999999046325684,2.0999999046325684,17240244.0,376110,Consumer Discretionary
ARTW,Art's-Way Manufacturing Co. Inc. Common Stock,3.3,3.3299999237060547,3.4000000953674316,3.2300000190734863,3.2899999618530273,17164574.0,2941,Industrials
KSCP,Knightscope Inc. Class A Common Stock,0.725,0.7200000286102295,0.7390000224113464,0.6800000071525574,0.6940000057220459,17123309.0,441793,Telecommunications
LPCN,Lipocine Inc. Common Stock,2.07,2.0799999237060547,2.0999999046325684,2.069999933242798,2.0999999046325684,17065604.0,19768,Health Care
LHAI,Linkhome Holdings Inc. Common stock,1.03,1.0800000429153442,1.149999976158142,1.031000018119812,1.1100000143051147,17025900.0,90314,Finance
BNGO,Bionano Genomics Inc. Common Stock,1.445,1.4299999475479126,1.4800000190734863,1.4299999475479126,1.4500000476837158,17017765.0,322963,Industrials
FEMY,Femasys Inc. Common Stock,2.02,2.069999933242798,2.109999895095825,2.009999990463257,2.0799999237060547,16917555.0,228371,Health Care
INTZ,Intrusion Inc. Common Stock,0.69,0.6899999976158142,0.7099999785423279,0.6899999976158142,0.7099999785423279,16909798.0,39235,Telecommunications
PTN,Palatin Technologies Inc. Common Stock,9.48,9.0,9.880000114440918,9.0,9.40999984741211,16883302.0,13016,Health Care
MDAIW,Spectral AI Inc. Warrants,0.52,0.8324999809265137,0.5999000072479248,0.4700999855995178,0.5999000072479248,16736163.0,8254,Health Care
ANNAW,AleAnna Inc. Warrant,0.25,0.1703999936580658,0.25999999046325684,0.23000000417232513,0.25,16733600.0,3104,Energy
DARE,Dare Bioscience Inc. Common Stock,0.8431,0.8299999833106995,0.8799999952316284,0.8299999833106995,0.8330000042915344,16583004.0,157181,Health Care
BCDA,BioCardia Inc. Common Stock,1.09,1.100000023841858,1.1100000143051147,1.0499999523162842,1.059999942779541,16501272.0,148939,Health Care
MDRR,Medalist Diversified Inc. Common Stock,10.08,10.079999923706055,10.079999923706055,10.079999923706055,10.079999923706055,16415280.0,694,Real Estate
CDLX,Cardlytics Inc. Common Stock,2.76,2.75,3.0799999237060547,2.559999942779541,2.5999999046325684,16252856.0,90651,Technology
ARKR,Ark Restaurants Corp. Common Stock,4.5,4.510000228881836,4.800000190734863,4.320000171661377,4.599999904632568,16227707.0,1240,Consumer Discretionary
FABC,Fabric.AI Inc. Common Stock,2.31,2.319999933242798,2.5,2.309999942779541,2.3499999046325684,16178346.0,79989,Consumer Discretionary
LTRN,Lantern Pharma Inc. Common Stock,0.9401,0.9599999785423279,1.0700000524520874,0.9200000166893005,0.9539999961853027,16109155.0,276182,Health Care
NUCLW,Eagle Nuclear Energy Corp. Warrants,0.54,0.49390000104904175,0.593999981880188,0.49390000104904175,0.5699999928474426,15973091.0,21190,Basic Materials
ALLR,Allarity Therapeutics Inc. Common Stock,1.0,0.9829999804496765,1.0,0.9800000190734863,0.9850000143051147,15910724.0,39176,Health Care
IPM,Intelligent Protection Management Corp. Common Stock ,1.76,1.8200000524520874,1.8799999952316284,1.7400000095367432,1.7799999713897705,15902883.0,8853,Technology
UONEK,Urban One Inc. Class D Common Stock,3.44,3.5,3.5,3.5,3.5,15875476.0,1324,Consumer Discretionary
CLRB,Cellectar Biosciences Inc.  Common Stock,1.67,1.659999966621399,1.7300000190734863,1.4600000381469727,1.5099999904632568,15785020.0,60690,Health Care
ICU,SeaStar Medical Holding Corporation Common Stock,3.55,3.4800000190734863,3.5,3.069999933242798,3.190000057220459,15644286.0,599754,Health Care
GTIM,Good Times Restaurants Inc. Common Stock,1.48,1.4900000095367432,1.5,1.4700000286102295,1.4900000095367432,15625686.0,44013,Consumer Discretionary
WHLRP,Wheeler Real Estate Investment Trust Inc. Class B Preferred Stock,11.74,11.9399995803833,13.979999542236328,11.9399995803833,13.09000015258789,15475046.0,32128,Real Estate
TOMZ,TOMI Environmental Solutions Inc. Common Stock,1.58,1.5700000524520874,1.6100000143051147,1.440000057220459,1.5499999523162842,15472254.0,102533,Industrials
SLE,Super League Enterprise Inc. Common Stock,5.11,5.199999809265137,5.28000020980835,4.921999931335449,5.03000020980835,15373425.0,81282,Technology
KPTI,Karyopharm Therapeutics Inc. Common Stock,0.6705,0.6909999847412109,0.7149999737739563,0.6349999904632568,0.6499999761581421,15207919.0,1983922,Health Care
TVRD,Tvardi Therapeutics Inc. Common Stock,1.14,1.149999976158142,1.1799999475479126,1.0700000524520874,1.0800000429153442,15206395.0,148925,Health Care
KTTA,Pasithea Therapeutics Corp. Common Stock,0.4549,0.4650000035762787,0.4650000035762787,0.4399999976158142,0.44699999690055847,15200232.0,84581,Health Care
CMCT,Creative Media & Community Trust Corporation Common stock,4.66,4.550000190734863,4.550000190734863,3.5,3.6700000762939453,14992129.0,157228,Real Estate
WVVIP,Willamette Valley Vineyards Inc. Series A Redeemable Preferred Stock,3.01,3.0399999618530273,3.200000047683716,2.819999933242798,2.869999885559082,14988382.0,16102,Consumer Staples
SMSI,Smith Micro Software Inc. Common Stock,2.65,2.6600000858306885,2.6600000858306885,2.5999999046325684,2.609999895095825,14813182.0,12003,Technology
SUNE,SUNation Energy Inc. Common Stock,2.27,2.2799999713897705,2.3399999141693115,2.25,2.3399999141693115,14784755.0,95880,Consumer Discretionary
OPAD,Offerpad Solutions Inc. Class A Common Stock,3.05,3.140000104904175,3.140000104904175,3.049999952316284,3.069999933242798,14739884.0,32665,Finance
IHT,InnSuites Hospitality Trust Shares of Beneficial Interest,1.31,1.2899999618530273,1.3300000429153442,1.159999966621399,1.2000000476837158,14704185.0,4347,Real Estate
FGI,FGI Industries Ltd. Ordinary Shares,7.575,7.829999923706055,7.965000152587891,7.53000020980835,7.670000076293945,14629378.0,6580,Industrials
AHT,Ashford Hospitality Trust Inc Common Stock,2.25,2.2699999809265137,2.2699999809265137,2.2100000381469727,2.2200000286102295,14557082.0,17086,Real Estate
SINT,SiNtx Technologies Inc. Common Stock,2.18,2.190000057220459,2.240000009536743,2.121999979019165,2.180000066757202,14528684.0,118266,Health Care
DLPN,Dolphin Entertainment Inc. Common Stock,1.1029,1.0299999713897705,1.0700000524520874,1.0299999713897705,1.0700000524520874,14375012.0,9818,Consumer Discretionary
MTEX,Mannatech Incorporated Common Stock,7.43,7.369999885559082,7.789999961853027,7.340000152587891,7.789999961853027,14337448.0,13364,Health Care
BTLN,Brightline Interactive Inc. Common Stock,5.285,4.809999942779541,5.380000114440918,4.679999828338623,5.380000114440918,14334775.0,19088,Technology
UUU,Universal Safety Products Inc. Common Stock,4.72,4.769999980926514,5.400000095367432,4.619999885559082,4.960000038146973,14294345.0,23090,Technology
CTXR,Citius Pharmaceuticals Inc. Common Stock,0.52,0.5199999809265137,0.5260000228881836,0.47999998927116394,0.48100000619888306,14275336.0,132564,Health Care
AISPW,Airship AI Holdings Inc. Warrants,0.413,1.75,0.5400000214576721,0.4244000017642975,0.47999998927116394,14223539.0,24933,Technology
BRFH,Barfresh Food Group Inc. Common Stock,0.86,0.9599999785423279,1.0,0.8100000023841858,0.8100000023841858,14025028.0,45573,Consumer Staples
INAB,IN8bio Inc. Common Stock,1.42,1.4249999523162842,1.4500000476837158,1.350000023841858,1.3899999856948853,13998904.0,107133,Health Care
LSTA,Lisata Therapeutics Inc. Common Stock,1.26,1.309999942779541,1.3200000524520874,1.1399999856948853,1.2100000381469727,13613123.0,90759,Health Care
CJMB,Callan JMB Inc. Common Stock,2.4,2.3550000190734863,2.3910000324249268,2.259999990463257,2.3299999237060547,13595683.0,41491,Consumer Discretionary
HIND,Vyome Holdings Inc. Common Stock,1.93,2.009999990463257,2.069999933242798,1.9040000438690186,2.059999942779541,13545759.0,10175,Health Care
BRN,Barnwell Industries Inc. Common Stock,0.9372,0.9900000095367432,1.0,0.8399999737739563,0.9599999785423279,13527835.0,54512,Energy
ASTC,Astrotech Corporation (DE) Common Stock,6.71,6.96999979019165,7.380000114440918,6.570000171661377,6.840000152587891,13480726.0,29722,Industrials
AEON,AEON Biopharma Inc. Class A Common Stock,0.27,0.2639999985694885,0.29499998688697815,0.2639999985694885,0.28999999165534973,13468353.0,1746016,Health Care
BFRI,Biofrontera Inc. Common Stock,0.8909,0.8799999952316284,0.9480000138282776,0.8600000143051147,0.9319999814033508,13231967.0,721476,Health Care
PASG,Passage Bio Inc. Common Stock,4.09,4.130000114440918,4.289999961853027,4.079999923706055,4.079999923706055,13160843.0,17937,Health Care
TPST,Tempest Therapeutics Inc. Common Stock,0.7926,0.7860000133514404,0.800000011920929,0.7699999809265137,0.7879999876022339,13109419.0,156523,Health Care
TULP,Bloomia Holdings Inc. Common Stock,2.71,2.7100000381469727,2.7100000381469727,2.7100000381469727,2.7100000381469727,13091915.0,1641,Consumer Staples
GTBP,GT Biopharma Inc. Common Stock,6.16,6.309999942779541,6.449999809265137,6.199999809265137,6.369999885559082,12696080.0,38752,Health Care
BIVI,BioVie Inc. Class A Common Stock,1.44,1.440000057220459,1.5,1.440000057220459,1.440000057220459,12503102.0,135130,Health Care
CTSO,Cytosorbents Corporation Common Stock,3.965,4.070000171661377,4.289999961853027,3.890000104904175,3.9600000381469727,12494115.0,8410,Health Care
ASBP,Aspire-Lakewood Holdings Inc. Common Stock,8.88,8.880000114440918,9.09000015258789,8.75,8.760000228881836,12454706.0,20298,Health Care
BNKK,Bonk Inc. Common Stock,1.53,1.5499999523162842,1.600000023841858,1.5,1.559999942779541,12241438.0,252290,Consumer Discretionary
HODO,House of Doge Inc. Common Stock,0.137,0.1340000033378601,0.14000000059604645,0.13099999725818634,0.13199999928474426,12213959.0,1905892,Finance
IRIX,IRIDEX Corporation Common Stock,0.69,0.7200000286102295,0.7300000190734863,0.6800000071525574,0.6800000071525574,12119789.0,136445,Health Care
MDBH,MDB Capital Holdings LLC Class A common,2.22,2.0999999046325684,2.0999999046325684,2.069999933242798,2.0910000801086426,12073763.0,16918,Finance
AIRI,Air Industries Group Common Stock,2.47,2.5399999618530273,2.6600000858306885,2.5399999618530273,2.5899999141693115,11994767.0,28838,Industrials
FUSE,Fusemachines Inc. Common stock,0.411,0.39899998903274536,0.46000000834465027,0.3700000047683716,0.4480000138282776,11912959.0,489681,Technology
CYCU,Cycurion Inc. Common Stock,3.68,3.8399999141693115,4.099999904632568,3.2699999809265137,3.2699999809265137,11886555.0,1353684,Technology
CNSY,Cerenome Inc. Common Stock ,1.56,1.559999942779541,1.659999966621399,1.5399999618530273,1.590000033378601,11839815.0,222905,Health Care
OPTT,Ocean Power Technologies Inc. Common Stock,0.9594,0.9599999785423279,1.3200000524520874,0.9200000166893005,1.059999942779541,11778312.0,671314,Utilities
CABR,Caring Brands Inc. Common Stock,1.13,1.1799999475479126,1.309999942779541,1.1799999475479126,1.25,11716095.0,8539,Consumer Discretionary
VTGN,Vistagen Therapeutics Inc. Common Stock,0.2632,0.27000001072883606,0.27000001072883606,0.25,0.25,11680003.0,1921852,Health Care
CETY,Clean Energy Technologies Inc. Common Stock,0.96,0.9599999785423279,0.9800000190734863,0.9549999833106995,0.9549999833106995,11679462.0,5828,Utilities
MOBX,Mobix Labs Inc. Class A Common Stock,0.6501,0.6549999713897705,1.2599999904632568,0.6370000243186951,1.1200000047683716,11670624.0,5555260,Technology
DETX,Liberty Defense Holdings Ltd. Common Shares,2.05,2.0,2.0899999141693115,1.909999966621399,1.9600000381469727,11648065.0,6463,Industrials
BTBD,BT Brands Inc. Common Stock,1.88,1.8899999856948853,1.899999976158142,1.6200000047683716,1.6699999570846558,11627281.0,11734,Consumer Discretionary
PHIO,Phio Pharmaceuticals Corp. Common Stock,0.991,1.0,1.0199999809265137,0.9710000157356262,0.9940000176429749,11512695.0,205648,Health Care
ADIL,Adial Pharmaceuticals Inc Common Stock,4.35,4.380000114440918,4.5,3.9800000190734863,3.9800000190734863,11422622.0,60033,Health Care
AIMD,Ainos Inc. Common Stock,1.33,1.340000033378601,1.343000054359436,1.2899999618530273,1.2899999618530273,11363617.0,30303,Technology
INTS,Intensity Therapeutics Inc. Common stock,3.45,3.3399999141693115,3.6700000762939453,3.3399999141693115,3.549999952316284,11263833.0,28779,Health Care
NXXT,NextNRG Inc. Common Stock,0.6691,0.6660000085830688,0.6669999957084656,0.6370000243186951,0.652999997138977,11249809.0,250782,Consumer Discretionary
SMXT,Solarmax Technology Inc. Common Stock,2.37,2.369999885559082,3.690000057220459,2.311000108718872,3.4200000762939453,11239050.0,43008,Consumer Discretionary
UPLD,Upland Software Inc. Common Stock,3.8,3.805000066757202,4.0,3.6700000762939453,3.740000009536743,11237326.0,35083,Technology
KPRX,Kiora Pharmaceuticals Inc.  Common Stock,2.53,2.5199999809265137,2.619999885559082,2.5,2.5,11193699.0,8573,Health Care
FLUX,Flux Power Holdings Inc. Common Stock,0.515,0.5099999904632568,0.531000018119812,0.47999998927116394,0.49300000071525574,11135146.0,4215278,Miscellaneous
EDUC,Educational Development Corporation Common Stock,1.3,1.2699999809265137,1.309999942779541,1.2699999809265137,1.2999999523162842,11082453.0,18702,Consumer Discretionary
BLIN,Bridgeline Digital Inc. Common Stock,0.8769,0.8999999761581421,0.949999988079071,0.8799999952316284,0.8899999856948853,11048834.0,284971,Technology
EQS,Equus Total Return Inc. Common Stock,0.79,0.8100000023841858,0.8299999833106995,0.800000011920929,0.8100000023841858,11033690.0,10234,Finance
IQST,iQSTEL Inc. Common Stock,1.01,1.0199999809265137,1.0399999618530273,1.0,1.0099999904632568,11025018.0,190002,Telecommunications
BFRG,Bullfrog AI Holdings Inc. Common Stock,0.594,0.5860000252723694,0.7139999866485596,0.5440000295639038,0.6890000104904175,11013741.0,537922,Health Care
ARAI,Arrive AI Inc. Common Stock,0.2075,0.20999999344348907,0.210999995470047,0.18400000035762787,0.20100000500679016,10764313.0,335863,Consumer Discretionary
HCTI,Healthcare Triangle Inc. Common Stock,0.6069,0.5950000286102295,0.5950000286102295,0.5529999732971191,0.5559999942779541,10760342.0,929580,Technology
SNTI,Senti Biosciences Holdings Inc. Common Stock,0.3451,0.32499998807907104,0.3400000035762787,0.31200000643730164,0.3230000138282776,10748055.0,387409,Health Care
DFLI,Dragonfly Energy Holdings Corp. Common Stock (NV),0.71,0.699999988079071,0.7400000095367432,0.6800000071525574,0.6800000071525574,10634950.0,913047,Miscellaneous
CLRO,ClearOne Inc. Common Stock,3.94,3.950000047683716,4.260000228881836,3.8399999141693115,4.050000190734863,10541123.0,130893,Utilities
CALC,CalciMedica Inc. Common Stock,1.54,1.5299999713897705,1.6100000143051147,1.4199999570846558,1.4900000095367432,10515570.0,26640,Health Care
AEMD,Aethlon Medical Inc. Common Stock,6.525,6.349999904632568,6.510000228881836,6.090000152587891,6.090000152587891,10466720.0,96071,Health Care
JCTC,Jewett-Cameron Trading Company Common Shares,2.965,2.950000047683716,2.9600000381469727,2.9000000953674316,2.9600000381469727,10437135.0,4798,Consumer Discretionary
BTOC,Armlogi Holding Corp. Common Stock,0.2285,0.2290000021457672,0.23899999260902405,0.2199999988079071,0.22100000083446503,10383744.0,55900,Consumer Discretionary
BURU,Nuburu Inc. Common Stock,1.12,1.059999942779541,1.2300000190734863,1.0499999523162842,1.2000000476837158,10373826.0,954586,Miscellaneous
NCPL,Netcapital Inc. Common Stock,1.32,1.2699999809265137,1.309999942779541,1.0800000429153442,1.090000033378601,10359227.0,524836,Finance
VWAV,VisionWave Holdings Inc. Common Stock,4.35,4.25,5.489999771118164,4.190000057220459,5.039999961853027,10325904.0,124415,Technology
TOVX,Theriva Biologics Inc. Common Stock,0.225,0.23000000417232513,0.23999999463558197,0.2199999988079071,0.2199999988079071,10325850.0,382943,Health Care
ICMB,Investcorp Credit Management BDC Inc. Common Stock,0.708,0.699999988079071,0.7710000276565552,0.6700000166893005,0.7229999899864197,10218190.0,71384,Finance
CVR,Chicago Rivet & Machine Co. Common Stock,10.51,10.25,11.0600004196167,10.25,11.0600004196167,10154047.0,1786,Industrials
NMTC,NeuroOne Medical Technologies Corporation Common Stock,1.115,1.1299999952316284,1.1699999570846558,1.100000023841858,1.1299999952316284,10152926.0,1003616,Health Care
MSAI,MultiSensor AI Holdings Inc. Common Stock,4.6,4.715000152587891,4.715000152587891,4.550000190734863,4.550000190734863,10145981.0,5084,Technology
MTVA,MetaVia Inc. Common Stock,1.54,1.5199999809265137,1.5399999618530273,1.4500000476837158,1.4800000190734863,10145676.0,53618,Health Care
WVVI,Willamette Valley Vineyards Inc. Common Stock,2.0,2.0299999713897705,2.0299999713897705,1.8700000047683716,1.8700000047683716,9959058.0,17712,Consumer Staples
GYRO,Gyrodyne LLC Common Stock,4.5001,4.659999847412109,4.769999980926514,4.659999847412109,4.699999809265137,9897106.0,620,Real Estate
CYN,Cyngn Inc. Common Stock,0.6368,0.6570000052452087,0.6610000133514404,0.6029999852180481,0.6119999885559082,9773785.0,197254,Technology
MBRX,Moleculin Biotech Inc. Common Stock,0.4766,0.4880000054836273,0.49000000953674316,0.4399999976158142,0.44600000977516174,9715863.0,476454,Health Care
AENTW,Alliance Entertainment Holding Corporation Warrant,0.19,0.6748999953269958,0.1899999976158142,0.1899999976158142,0.1899999976158142,9686130.0,101,Consumer Discretionary
AWX,Avalon Holdings Corporation Common Stock,2.45,2.450000047683716,2.5399999618530273,2.450000047683716,2.5,9553606.0,8543,Utilities
MEDS,DataMeds AI Inc. Common Stock,3.35,3.200000047683716,3.359999895095825,3.0399999618530273,3.069999933242798,9492339.0,659088,Health Care
PRPL,Purple Innovation Inc. Common Stock,2.18,2.1500000953674316,2.2200000286102295,2.13100004196167,2.1600000858306885,9489778.0,21750,Consumer Discretionary
SPWRW,SunPower Inc. Warrants,0.0296,0.03440000116825104,0.039400000125169754,0.029899999499320984,0.029899999499320984,9480890.0,110501,Technology
NDRA,ENDRA Life Sciences Inc. Common Stock,6.31,6.400000095367432,6.400000095367432,6.019999980926514,6.039999961853027,9464445.0,29568,Health Care
BMRA,Biomerica Inc. Common Stock,2.05,2.0899999141693115,2.140000104904175,2.009999990463257,2.140000104904175,9427884.0,33890,Health Care
NIXX,Nixxy Inc. Common Stock,0.32,0.320499986410141,0.3400000035762787,0.31209999322891235,0.31209999322891235,9250828.0,815688,Technology
SQFTP,Presidio Property Trust Inc. 9.375% Series D Cumulative Redeemable Perpetual Preferred Stock $0.01 par value per share,6.425,6.329999923706055,6.329999923706055,6.329999923706055,6.329999923706055,9216226.0,2308,Real Estate
CISO,CISO Global Inc. Common Stock,0.2017,0.2029999941587448,0.20900000631809235,0.20200000703334808,0.20800000429153442,9182525.0,128540,Consumer Discretionary
MGRX,Mangoceuticals Inc. Common Stock,0.418,0.4230000078678131,0.4560000002384186,0.41100001335144043,0.44999998807907104,9015182.0,581376,Health Care
AMS,American Shared Hospital Services Common Stock,1.35,1.350000023841858,1.3799999952316284,1.340000033378601,1.3799999952316284,8977500.0,12399,Health Care
NAII,Natural Alternatives International Inc. Common Stock,1.43,1.5299999713897705,1.5299999713897705,1.309999942779541,1.3300000429153442,8958731.0,12614,Health Care
RAIN,Rain Enhancement Technologies Holdco Inc. Class A Common Stock,0.7611,0.7440000176429749,0.800000011920929,0.7379999756813049,0.7450000047683716,8907953.0,77447,Technology
MPU,Mega Matrix Inc. Class A Ordinary Shares,2.6,2.75,2.75,2.690000057220459,2.75,8895359.0,1189,Consumer Discretionary
MYSE,Myseum.AI Inc. Common Stock,1.71,1.7200000286102295,1.7200000286102295,1.6399999856948853,1.6399999856948853,8885895.0,20676,Telecommunications
INUV,Inuvo Inc.,0.5339,0.5400000214576721,0.5400000214576721,0.5299999713897705,0.5299999713897705,8800316.0,75423,Consumer Discretionary
HDRNW,Hadron Energy Inc. Warrant,0.12,0.11999999731779099,0.11999999731779099,0.11999999731779099,0.11999999731779099,8579861.0,2312,Utilities
RDZNW,Roadzen Inc. Warrants,0.1,0.10490000247955322,0.10000000149011612,0.07999999821186066,0.07999999821186066,8516506.0,5200,Finance
APRE,Aprea Therapeutics Inc. Common stock,0.6756,0.6800000071525574,0.6800000071525574,0.6340000033378601,0.6359999775886536,8506571.0,296491,Health Care
AUID,authID Inc. Common Stock,0.502,0.4950000047683716,0.5350000262260437,0.3199999928474426,0.3869999945163727,8393610.0,4073595,Technology
EEIQ,EpicQuest Education Group International Limited Common Stock,5.07,5.114999771118164,5.170000076293945,4.711999893188477,4.989999771118164,8348379.0,5407,Real Estate
MARPS,Marine Petroleum Trust Units of Beneficial Interest,4.15,4.320000171661377,4.320000171661377,4.150000095367432,4.25,8300000.0,7908,Energy
TRAW,Traws Pharma Inc. Common Stock,0.536,0.5299999713897705,0.5400000214576721,0.5199999809265137,0.5199999809265137,8237396.0,161508,Health Care
RMCF,Rocky Mountain Chocolate Factory Inc. Common Stock,0.87,0.9100000262260437,0.9200000166893005,0.8799999952316284,0.9200000166893005,8212441.0,16825,Consumer Staples
MSN,Emerson Radio Corporation Common Stock,0.3901,0.4000000059604645,0.41999998688697815,0.3799999952316284,0.38999998569488525,8208739.0,269453,Consumer Staples
CRMT,America's Car-Mart Inc Common Stock,0.9833,1.0199999809265137,1.100000023841858,0.9900000095367432,1.0700000524520874,8199225.0,342907,Consumer Discretionary
ENSC,Ensysce Biosciences Inc. Common Stock,0.419,0.4169999957084656,0.4399999976158142,0.41200000047683716,0.4300000071525574,8152397.0,603279,Health Care
NHTC,Natural Health Trends Corp. Common Stock,0.9501,0.9800000190734863,1.0299999713897705,0.9700000286102295,1.0,8149813.0,91944,Consumer Discretionary
XLABW,Exascale Labs Holdings Inc. Warrant,0.125,0.1251000016927719,0.13500000536441803,0.08990000188350677,0.10520000010728836,8041849.0,34577,Technology
INHD,Inno Holdings Inc. Common Stock,3.19,3.1500000953674316,3.4100000858306885,3.1080000400543213,3.359999895095825,8040653.0,31192,Industrials
LGVN,Longeveron Inc. Class A Common Stock,2.51,2.5,2.5,2.3399999141693115,2.3499999046325684,8002379.0,44180,Health Care
AIRE,reAlpha Tech Corp. Common Stock,1.33,1.3450000286102295,1.350000023841858,1.25,1.25,7988810.0,34767,Finance
DTST,Data Storage Corporation Common Stock,3.39,3.450000047683716,3.450000047683716,3.2799999713897705,3.430000066757202,7924932.0,11218,Technology
FBLG,FibroBiologics Inc. Common Stock,1.18,1.2000000476837158,1.2300000190734863,1.1200000047683716,1.1299999952316284,7856668.0,94270,Health Care
BZAIW,Blaize Holdings Inc. Warrants,0.054,1.024999976158142,0.05249999836087227,0.03869999945163727,0.03920000046491623,7820930.0,144216,Technology
SNGX,Soligenix Inc. Common Stock,0.359,0.36000001430511475,0.36000001430511475,0.36000001430511475,0.36000001430511475,7813807.0,107904,Health Care
CURX,Curanex Pharmaceuticals Inc Common Stock,4.96,5.090000152587891,5.289999961853027,4.875,4.989999771118164,7778475.0,87381,Health Care
LUCY,Innovative Eyewear Inc. Common Stock,0.8901,0.8899999856948853,0.949999988079071,0.8899999856948853,0.925000011920929,7754785.0,176710,Health Care
FTHM,Fathom Holdings Inc. Common Stock,0.2265,0.22599999606609344,0.23600000143051147,0.20600000023841858,0.22300000488758087,7747939.0,4088971,Finance
CNSP,CNS Pharmaceuticals Inc. Common Stock,5.3,5.400000095367432,5.449999809265137,5.302000045776367,5.302000045776367,7745680.0,2361,Health Care
SCKT,Socket Mobile Inc. Common Stock,0.9309,0.9300000071525574,0.9399999976158142,0.7900000214576721,0.8299999833106995,7718726.0,78611887,Technology
AUUD,Auddia Inc. Common Stock,1.33,1.149999976158142,1.2000000476837158,1.090000033378601,1.149999976158142,7718057.0,699199,Technology
CODX,Co-Diagnostics Inc. Common Stock,1.1,1.1200000047683716,1.1699999570846558,1.0499999523162842,1.149999976158142,7711328.0,1139728,Health Care
SURG,SurgePays Inc. Common Stock,0.1452,0.14800000190734863,0.1550000011920929,0.14499999582767487,0.15000000596046448,7682303.0,2064092,Consumer Discretionary
SKYE,Skye Bioscience Inc. Common Stock,1.73,1.7400000095367432,1.7699999809265137,1.6200000047683716,1.6200000047683716,7659881.0,35235,Health Care
GYGY,Game Your Game Inc. Common Stock,0.531,0.5299999713897705,0.5600000023841858,0.5199999809265137,0.550000011920929,7642152.0,1248069,Technology
AQMS,Aqua Metals Inc. Common Stock,2.1,2.109999895095825,2.119999885559082,2.0999999046325684,2.1050000190734863,7483415.0,73364,Industrials
GRMLW,Greenland Mines Ltd Warrant,0.55,0.5699999928474426,0.589900016784668,0.5,0.5,7340923.0,144480,Health Care
AMPGZ,Amplitech Group Inc. Series B Right,0.2441,0.20999999344348907,0.20999999344348907,0.125,0.125,7333713.0,83153,Telecommunications
ACXP,Acurx Pharmaceuticals Inc. Common Stock,1.31,1.2999999523162842,1.3300000429153442,1.2799999713897705,1.309999942779541,7282821.0,110880,Health Care
BIAF,bioAffinity Technologies Inc. Common Stock,6.19,6.559999942779541,6.5980000495910645,5.900000095367432,6.059999942779541,7221409.0,106524,Health Care
SEGG,Sports Entertainment Gaming Global Corporation Common Stock,2.2,2.25,2.5299999713897705,2.25,2.4200000762939453,7170871.0,33931,Technology
FFAI,Faraday Future Intelligent Electric Inc. Class A Common Stock,1.17,1.159999966621399,1.1710000038146973,1.100000023841858,1.149999976158142,7168589.0,1837127,Industrials
GWAV,Greenwave Technology Solutions Inc. Common Stock,2.37,2.3499999046325684,2.5799999237060547,2.319999933242798,2.369999885559082,7068487.0,6569,Industrials
YHGJ,Yunhong Green CTI Ltd. Common Stock,2.7,2.809999942779541,3.259999990463257,2.690000057220459,2.799999952316284,7044959.0,5138,Industrials
XWEL,XWELL Inc. Common Stock,0.8186,0.8100000023841858,0.8399999737739563,0.800000011920929,0.800000011920929,7031173.0,36101,Consumer Discretionary
KALA,KALA BIO Inc. Common Stock,0.3625,0.3499999940395355,0.38999998569488525,0.3440000116825104,0.36399999260902405,7010672.0,1082195,Health Care
XCUR,Exicure Inc. Common Stock,1.07,1.1100000143051147,1.1100000143051147,1.0700000524520874,1.0800000429153442,7004215.0,18156,Health Care
CELZ,Creative Medical Technology Holdings Inc. Common Stock,0.92,0.8999999761581421,0.9175000190734863,0.8899999856948853,0.9003999829292297,6985152.0,75376,Health Care
IMNN,Imunon Inc. Common Stock,1.24,1.2400000095367432,1.2799999713897705,1.1200000047683716,1.1200000047683716,6958140.0,82744,Health Care
AMIX,Autonomix Medical Inc. Common Stock,3.54,3.5399999618530273,3.5999999046325684,3.450000047683716,3.4700000286102295,6938181.0,136275,Health Care
PRSO,Peraso Inc. Common Stock,0.4527,0.44999998807907104,0.4699999988079071,0.44999998807907104,0.44999998807907104,6819688.0,163248,Technology
ALZN,Alzamend Neuro Inc. Common Stock,1.41,1.434999942779541,1.434999942779541,1.343000054359436,1.3700000047683716,6804269.0,25436,Health Care
ENVB,Enveric Biosciences Inc. Common Stock,1.51,1.5299999713897705,1.5299999713897705,1.4299999475479126,1.4700000286102295,6758585.0,54337,Health Care
TWAV,TaoWeave Inc. Common Stock,1.74,1.75,1.8700000047683716,1.690000057220459,1.8600000143051147,6746361.0,213456,Technology
ACON,Aclarion Inc. Common Stock,2.34,2.3510000705718994,2.359999895095825,2.2799999713897705,2.2899999618530273,6744748.0,33191,Health Care
BOLT,Bolt Biotherapeutics Inc. Common Stock,3.499,3.453000068664551,3.6389999389648438,3.453000068664551,3.509999990463257,6740281.0,9784,Health Care
OBAI,Our Bond Inc. Common Stock,0.2055,0.20000000298023224,0.20999999344348907,0.1899999976158142,0.20000000298023224,6694491.0,370364,Consumer Discretionary
NWTG,Newton Golf Company Inc. Common Stock,1.13,1.1100000143051147,1.2699999809265137,1.0800000429153442,1.1699999570846558,6389560.0,125189,Consumer Discretionary
VEEE,Twin Vee PowerCats Co. Common Stock,10.795,10.680000305175781,10.680000305175781,10.170000076293945,10.479999542236328,6307745.0,16405,Industrials
BNCWZ,BNB Standard Corporation Warrant,0.15,0.15000000596046448,0.15000000596046448,0.15000000596046448,0.15000000596046448,6176078.0,31,Consumer Staples
DSS,DSS Inc. Common Stock,0.6146,0.6000000238418579,0.6470000147819519,0.6000000238418579,0.6290000081062317,6172132.0,36126,Consumer Discretionary
AMST,Amesite Inc. Common Stock,0.9422,0.949999988079071,0.9700000286102295,0.9300000071525574,0.9300000071525574,6171270.0,22317,Technology
CDIO,Cardio Diagnostics Holdings Inc. Common stock,2.06,2.0199999809265137,2.069999933242798,1.9800000190734863,2.0,6096506.0,39154,Health Care
SCNX,Scienture Holdings Inc. Common Stock,3.71,3.2300000190734863,4.139999866485596,3.2300000190734863,3.759999990463257,6093920.0,250484,Health Care
JAGX,Jaguar Health Inc. Common Stock,4.73,6.559999942779541,7.269999980926514,5.340000152587891,5.619999885559082,6063098.0,21896139,Health Care
DAIC,CID HoldCo Inc. Common Stock,2.59,2.5299999713897705,2.640000104904175,2.509999990463257,2.509999990463257,6054817.0,194621,Technology
FLDDW,Fold Holdings Inc. Warrant,0.1099,0.44510000944137573,0.10989999771118164,0.07029999792575836,0.09939999878406525,6030126.0,881,Finance
SONM,DNA X Inc. Common Stock,4.025,4.110000133514404,4.25,3.869999885559082,3.990000009536743,5990279.0,3716,Utilities
TNON,Tenon Medical Inc. Common Stock,3.7,3.799999952316284,3.819999933242798,3.619999885559082,3.7149999141693115,5937601.0,463673,Health Care
SNOA,Sonoma Pharmaceuticals Inc. Common Stock,1.22,1.2699999809265137,1.2699999809265137,1.2100000381469727,1.2300000190734863,5841879.0,18569,Health Care
BGMS,Bio Green Med Solution Inc. Common Stock,0.8684,0.8700000047683716,0.8899999856948853,0.8399999737739563,0.8600000143051147,5751234.0,5882,Health Care
CWD,CaliberCos Inc. Class A Common Stock,0.5492,0.5419999957084656,0.5450000166893005,0.5099999904632568,0.5180000066757202,5703251.0,182269,Finance
QCLS,Q/C Technologies Inc. Common Stock,0.6805,0.6800000071525574,0.7250000238418579,0.6800000071525574,0.6899999976158142,5573185.0,504254,Health Care
NVNO,enVVeno Medical Corporation Common Stock,8.01,8.010000228881836,8.470000267028809,7.960000038146973,8.199999809265137,5565556.0,10590,Health Care
INBS,Intelligent Bio Solutions Inc. Common Stock,1.67,1.6799999475479126,1.8079999685287476,1.5700000524520874,1.5800000429153442,5539061.0,79387,Health Care
MITQ,Moving iMage Technologies Inc. Common Stock,0.5527,0.5879999995231628,0.5879999995231628,0.550000011920929,0.5860000252723694,5500594.0,26704,Consumer Discretionary
DRMA,Dermata Therapeutics Inc. Common Stock,1.11,1.1200000047683716,1.1449999809265137,1.1100000143051147,1.1299999952316284,5500280.0,14162,Health Care
GDC,GD Culture Group Limited Common Stock,1.32,1.3300000429153442,1.3700000047683716,1.2699999809265137,1.3600000143051147,5494500.0,192800,Industrials
PULM,Pulmatrix Inc. Common Stock,1.48,1.5,1.5800000429153442,1.409999966621399,1.4299999475479126,5405382.0,24309,Health Care
GXAI,Gaxos.ai Inc. Common Stock,0.487,0.4909999966621399,0.49900001287460327,0.4429999887943268,0.4659999907016754,5382464.0,257363,Technology
LIMN,Liminatus Pharma Inc. Class A Common Stock,3.99,3.950000047683716,3.950000047683716,3.690000057220459,3.700000047683716,5359400.0,18132,Health Care
JTAI,Jet.AI Inc. Common Stock,1.5,1.5290000438690186,1.5460000038146973,1.4800000190734863,1.4800000190734863,5336282.0,38661,Consumer Discretionary
SGLY,Singularity Future Technology Ltd. Common Stock,0.9799,0.8899999856948853,0.9100000262260437,0.75,0.800000011920929,5295172.0,7546963,Industrials
VVOS,Vivos Therapeutics Inc. Common Stock,0.1541,0.15399999916553497,0.1599999964237213,0.1509999930858612,0.15399999916553497,5179207.0,585851,Health Care
LNAI,Lunai Bioworks Inc. Common Stock,1.14,1.1299999952316284,1.2000000476837158,1.1299999952316284,1.1299999952316284,5168635.0,69265,Health Care
XBIO,Xenetic Biosciences Inc. Common Stock,2.2,2.190000057220459,2.3410000801086426,2.0999999046325684,2.119999885559082,5154998.0,9535,Health Care
GBR,New Concept Energy Inc Common Stock,0.718,0.7400000095367432,0.7599999904632568,0.7200000286102295,0.7300000190734863,5120729.0,118848,Energy
SXTP,60 Degrees Pharmaceuticals Inc. Common Stock,1.44,1.0700000524520874,1.1959999799728394,0.8920000195503235,1.1100000143051147,5064463.0,630102,Health Care
RENX,RenX Enterprises Corp. Common Stock,1.89,1.940000057220459,2.069999933242798,1.8960000276565552,1.940000057220459,5001335.0,59917,Utilities
POLA,Polar Power Inc. Common Stock,1.15,1.159999966621399,1.1799999475479126,1.1200000047683716,1.1399999856948853,4955717.0,343928,Miscellaneous
AMSS,AMASS Brands Inc. Common Stock,0.4253,0.4399999976158142,0.46000000834465027,0.4099999964237213,0.4300000071525574,4935641.0,100791,Consumer Staples
XHLD,TEN Holdings Inc. Common Stock,0.411,0.42500001192092896,0.8100000023841858,0.42500001192092896,0.6230000257492065,4923757.0,1865568,Consumer Discretionary
ILLR,Triller Group Inc. Common Stock,0.23,0.23199999332427979,0.26100000739097595,0.16300000250339508,0.1770000010728836,4921271.0,1082223,Finance
CXAI,CXApp Inc. Class A Common Stock,2.09,2.0,2.0199999809265137,1.840000033378601,1.8600000143051147,4885179.0,158085,Technology
YCBD,cbdMD Inc. Common Stock,0.4295,0.4300000071525574,0.4300000071525574,0.4050000011920929,0.40799999237060547,4812567.0,81439,Consumer Discretionary
HYFM,Hydrofarm Holdings Group Inc. Common Stock,0.97,0.9789999723434448,1.031999945640564,0.949999988079071,0.9900000095367432,4674743.0,19444,Consumer Discretionary
ZNB,Zeta Network Group Class A Ordinary Shares,1.25,1.1399999856948853,1.25,1.1299999952316284,1.159999966621399,4593815.0,833195,Real Estate
AQB,AquaBounty Technologies Inc. Common Stock,0.8862,0.8809999823570251,0.949999988079071,0.8700000047683716,0.875,4561452.0,56790,Consumer Staples
MTR,Mesa Royalty Trust Common Stock,2.44,2.3499999046325684,2.3499999046325684,2.3499999046325684,2.3499999046325684,4547160.0,899,Energy
SNES,SenesTech Inc. Common Stock,0.8349,0.8100000023841858,0.8299999833106995,0.781000018119812,0.8289999961853027,4528115.0,85826,Industrials
OLB,The OLB Group Inc. Common Stock,0.1882,0.1940000057220459,0.4896000027656555,0.19020000100135803,0.4099999964237213,4522997.0,190581,Consumer Discretionary
XPON,Expion Energy Inc. Common Stock,4.46,4.679999828338623,4.679999828338623,4.03000020980835,4.090000152587891,4515741.0,30726,Miscellaneous
NXL,Nexalin Technology Inc. Common Stock,5.43,5.230000019073486,5.559999942779541,4.5,4.5,4503642.0,330348,Health Care
AIDX,20/20 Biolabs Inc. Common Stock,0.3524,0.3499999940395355,0.36000001430511475,0.3400000035762787,0.3499999940395355,4500255.0,119879,Health Care
RMSG,Real Messenger Corporation Ordinary Shares,0.276,0.2849999964237213,0.33799999952316284,0.27799999713897705,0.32499998807907104,4462553.0,548594,Technology
ERNA,Ernexa Therapeutics Inc. Common Stock,2.7,2.75,2.9600000381469727,2.200000047683716,2.240000009536743,4407510.0,21579,Health Care
SLDPW,Solid Power Inc. Warrant,0.0191,0.9599999785423279,0.01899999938905239,0.013899999670684338,0.01899999938905239,4358261.0,24486,Miscellaneous
DBGI,Digital Brands Group Inc. Common Stock,4.65,4.510000228881836,4.849999904632568,4.400000095367432,4.610000133514404,4340817.0,177461,Consumer Discretionary
BAERW,Bridger Aerospace Group Holdings Inc. Warrant,0.0725,0.0,0.07500000298023224,0.050999999046325684,0.07249999791383743,4264895.0,7637,Industrials
FCUV,Focus Universal Inc. Common Stock,4.32,4.679999828338623,4.679999828338623,4.170000076293945,4.260000228881836,4242292.0,11931,Industrials
YYAI,AiRWA Inc. Common Stock,0.9167,0.8899999856948853,0.8899999856948853,0.7680000066757202,0.7900000214576721,4200243.0,242060,Technology
PMCB,PharmaCyte  Biotech Inc. Common Stock,0.3901,0.38999998569488525,0.4442000091075897,0.38999998569488525,0.42239999771118164,4187977.0,73623,Health Care
XELB,Xcel Brands Inc. Common Stock,0.637,0.6187999844551086,0.6299999952316284,0.5800999999046326,0.6010000109672546,4178895.0,194650,Miscellaneous
GRI,GRI Bio Inc. Common Stock,1.91,1.909999966621399,1.975000023841858,1.8799999952316284,1.899999976158142,4175480.0,84665,Health Care
CTNT,Cheetah Net Supply Chain Service Inc Class A Common Stock,3.13,3.0899999141693115,3.25,2.880000114440918,2.950000047683716,4173533.0,1766158,Consumer Discretionary
PCSA,Processa Pharmaceuticals Inc. Common Stock,1.49,1.5099999904632568,1.590000033378601,1.4500000476837158,1.5199999809265137,4162145.0,25743,Health Care
EZRA,Reliance Global Group Inc. Common Stock,2.39,2.359999895095825,2.5999999046325684,2.359999895095825,2.5,4015047.0,841227,Finance
STLNW,Starling Oncology Inc. Warrant,0.0388,0.03880000114440918,0.03880000114440918,0.03880000114440918,0.03880000114440918,3954345.0,9408,Health Care
BOXL,Boxlight Corporation Class A Common Stock,4.61,4.46999979019165,4.800000190734863,3.2899999618530273,3.5999999046325684,3893348.0,22327,Real Estate
IVF,INVO Fertility Inc. Common Stock,0.829,0.8140000104904175,0.8429999947547913,0.7910000085830688,0.7950000166893005,3814531.0,147043,Health Care
CAPS,Capstone Holding Corp. Common Stock,0.1429,0.14000000059604645,0.15000000596046448,0.14000000059604645,0.14000000059604645,3770291.0,766388,Health Care
SDSTW,Stardust Power Inc. Warrant,0.0924,0.1889999955892563,0.10939999669790268,0.10930000245571136,0.10930000245571136,3749317.0,5451,Industrials
MKZR,MacKenzie Realty Capital Inc. Common Stock,1.35,1.3630000352859497,1.3799999952316284,1.3509999513626099,1.3799999952316284,3745829.0,4460,Real Estate
SDST,Stardust Power Inc. Common Stock,0.0916,0.08399999886751175,0.08500000089406967,0.07699999958276749,0.07999999821186066,3716855.0,51785411,Industrials
HCWB,HCW Biologics Inc. Common Stock,1.64,1.6100000143051147,1.6299999952316284,1.5499999523162842,1.5700000524520874,3667571.0,83297,Health Care
TRNR,Interactive Strength Inc. Common Stock,2.22,2.2899999618530273,2.325000047683716,2.242000102996826,2.242000102996826,3595738.0,10123,Technology
IVDA,Iveda Solutions Inc. Common Stock,0.2858,0.30000001192092896,0.3100000023841858,0.27000001072883606,0.27000001072883606,3577938.0,152787,Technology
CETX,Cemtrex Inc. Common Stock,1.95,2.0,2.0,1.9500000476837158,1.9600000381469727,3524036.0,41104,Technology
RIME,Algorhythm Holdings Inc. Common Stock,0.1657,0.17000000178813934,0.18000000715255737,0.1599999964237213,0.1599999964237213,3490710.0,307720,Technology
MBIO,Mustang Bio Inc. Common Stock,0.4601,0.46000000834465027,0.4699999988079071,0.45500001311302185,0.46000000834465027,3486411.0,16694,Health Care
VIVS,VivoSim Labs Inc. Common Stock,0.2064,0.20999999344348907,0.20999999344348907,0.20000000298023224,0.20000000298023224,3423453.0,444373,Health Care
BJDX,Bluejay Diagnostics Inc. Common Stock,0.7612,0.7799999713897705,0.8399999737739563,0.7630000114440918,0.8109999895095825,3401080.0,395207,Health Care
CVKD,Cadrenal Therapeutics Inc. Common Stock,0.9458,0.9430000185966492,1.0499999523162842,0.8999999761581421,0.9900000095367432,3374229.0,63365,Health Care
COCHW,Envoy Medical Inc Warrant,0.0427,0.04259999841451645,0.04270000010728836,0.03290000185370445,0.03689999878406525,3296209.0,22,Health Care
BKYI,BIO-key International Inc. Common Stock,1.93,1.9500000476837158,1.9500000476837158,1.7599999904632568,1.8200000524520874,3250408.0,339531,Technology
APVO,Aptevo Therapeutics Inc. Common Stock,1.8,1.8200000524520874,1.9199999570846558,1.7899999618530273,1.7949999570846558,3243546.0,28296,Health Care
GOVX,GeoVax Labs Inc. Common Stock,0.3199,0.3179999887943268,0.3330000042915344,0.2770000100135803,0.289000004529953,3231908.0,11583770,Health Care
JUNS,Jupiter Neurosciences Inc. Common Stock,2.42,2.380000114440918,3.180000066757202,2.250999927520752,2.859999895095825,3190821.0,14953,Health Care
VBIO,Valion Bio Inc. Common Stock,2.48,2.359999895095825,2.4800000190734863,2.3299999237060547,2.380000114440918,3188350.0,311407,Health Care
TRUG,TruGolf Holdings Inc. Class A Common Stock,2.56,2.559999942779541,2.740000009536743,2.559999942779541,2.690000057220459,3174400.0,112146,Consumer Discretionary
ADGM,Adagio Medical Holdings Inc Common Stock,0.1411,0.1379999965429306,0.14900000393390656,0.12999999523162842,0.1379999965429306,3133896.0,1632893,Health Care
REVB,Revelation Biosciences Inc. Common Stock,0.7771,0.7940000295639038,0.796999990940094,0.75,0.7519999742507935,3095513.0,90634,Health Care
BRTX,BioRestorative Therapies Inc. Common Stock (NV),2.24,2.200000047683716,2.2894999980926514,2.134999990463257,2.2699999809265137,3093727.0,85230,Health Care
DCOY,Decoy Therapeutics Inc. Common Stock,1.67,1.649999976158142,1.6649999618530273,1.5499999523162842,1.5499999523162842,3072164.0,108031,Health Care
GIPR,Generation Income Properties Inc. Common Stock,0.4184,0.382999986410141,0.3919999897480011,0.36000001430511475,0.38100001215934753,2975870.0,1369900,Real Estate
ONCO,Onconetix Inc. Common Stock,0.673,0.6740000247955322,0.6859999895095825,0.6230000257492065,0.6610000133514404,2948091.0,509798,Health Care
KUST,Kustom Entertainment Inc. Common Stock,4.51,4.650000095367432,4.800000190734863,4.480000019073486,4.570000171661377,2934594.0,26020,Technology
VIVK,Vivakor Inc. Common Stock,4.84,5.019999980926514,5.4197998046875,4.570000171661377,4.800000190734863,2898163.0,152045,Utilities
ESLAW,Estrella Immunopharma Inc. Warrant,0.0662,0.10999999940395355,0.05339999869465828,0.05260000005364418,0.05260000005364418,2879559.0,32,Health Care
MTNB,Matinas Biopharma Holdings Inc. Common Stock,2.82,2.759999990463257,3.1500000953674316,2.640000104904175,3.009999990463257,2762246.0,183982,Health Care
XAIR,Beyond Air Inc. Common Stock,2.84,2.759999990463257,2.819999933242798,2.5450000762939453,2.549999952316284,2719672.0,43109,Health Care
ELAB,PMGC Holdings Inc. Common Stock,3.27,3.2300000190734863,3.299999952316284,3.0799999237060547,3.2699999809265137,2647323.0,41563,Health Care
ISPC,iSpecimen Inc. Common Stock,1.05,1.0399999618530273,1.100000023841858,1.0299999713897705,1.0700000524520874,2644520.0,126106,Health Care
PW,Power REIT (MD) Common Stock,7.15,7.150000095367432,7.480000019073486,6.96999979019165,7.010000228881836,2624908.0,28242,Real Estate
SILO,Silo Pharma Inc. Common Stock,1.49,1.5,1.5,1.399999976158142,1.4500000476837158,2612343.0,212187,Health Care
CHGA,Change Agents Corporation Common Stock,2.29,2.299999952316284,2.380000114440918,2.1700000762939453,2.369999885559082,2565295.0,101063,Technology
NUWE,Nuwellis Inc. Common Stock,0.694,0.7200000286102295,0.7400000095367432,0.699999988079071,0.699999988079071,2531201.0,174761,Health Care
TGL,Treasure Global Inc. Common Stock,1.26,1.2350000143051147,1.2799999713897705,1.2300000190734863,1.2599999904632568,2463088.0,92787,Consumer Discretionary
BIVIW,BioVie Inc. Warrant,0.28,0.329800009727478,0.329800009727478,0.329800009727478,0.329800009727478,2431159.0,6000,Health Care
GNLN,Greenlane Holdings Inc. Class A Common Stock,3.5,3.119999885559082,3.4149999618530273,3.009999990463257,3.109999895095825,2430904.0,153421,Consumer Discretionary
EXYNW,Exyn Technologies Inc. Warrant,0.3,0.4000000059604645,0.4000000059604645,0.4000000059604645,0.4000000059604645,2386187.0,867,Technology
CSAI,Cloudastructure Inc. Class A Common Stock,2.65,2.6740000247955322,2.690000057220459,2.5,2.5999999046325684,2347153.0,29067,Technology
PWCM,PowerCompute Inc. Common Stock,0.96,1.0099999904632568,1.0700000524520874,0.9800000190734863,1.059999942779541,2324613.0,283016,Finance
IPST,IP Strategy Holdings Inc. Common Stock,3.14,3.1600000858306885,3.1600000858306885,2.9100000858306885,3.0199999809265137,2265755.0,47792,Consumer Staples
GNPX,Genprex Inc. Common Stock,2.72,2.740000009536743,2.75,2.5799999237060547,2.609999895095825,2229608.0,151746,Health Care
EDBL,Edible Garden AG Incorporated Common Stock,1.13,1.1699999570846558,1.1699999570846558,1.1200000047683716,1.1399999856948853,2205205.0,108855,Consumer Staples
OGEN,Oragenics Inc. Common Stock,0.4861,0.49000000953674316,0.49000000953674316,0.47999998927116394,0.49000000953674316,2193262.0,42474,Health Care
ONFO,Onfolio Holdings Inc. Common Stock,0.87,0.8700000047683716,0.8960000276565552,0.8399999737739563,0.8629999756813049,2174346.0,100063,Technology
FLYE,Fly-E Group Inc. Common Stock,1.32,1.3200000524520874,1.350000023841858,1.3200000524520874,1.3300000429153442,2154750.0,12542,Industrials
SGRX,SANGRIX INC. Class A Ordinary Shares,1.12,1.0800000429153442,1.0800000429153442,0.5600000023841858,0.7599999904632568,2131335.0,1731830,Finance
BFRGW,Bullfrog AI Holdings Inc. Warrants,0.112,0.4406000077724457,0.1395999938249588,0.10209999978542328,0.1395999938249588,2076665.0,20663,Health Care
IPDN,Professional Diversity Network Inc. Common Stock,3.1,6.28000020980835,6.78000020980835,4.090000152587891,4.610000133514404,2064014.0,47321,Technology
KIDZ,KIDZ AI Inc. Class B Common Stock,2.38,2.3450000286102295,2.359999895095825,2.299999952316284,2.3299999237060547,2048411.0,49575,Real Estate
BLUWW,Blue Water Acquisition Corp. III Warrant.,0.28,0.4399999976158142,0.28999999165534973,0.28999999165534973,0.28999999165534973,2028600.0,629,Uncategorized
LABT,Lakewood-Amedex Biotherapeutics Inc. Common Stock,0.8549,0.8600000143051147,0.8700000047683716,0.8299999833106995,0.8700000047683716,2025846.0,273522,Health Care
TCRT,Alaunos Therapeutics Inc. Common Stock,0.7953,0.7900000214576721,0.8199999928474426,0.7200000286102295,0.7400000095367432,2025363.0,49404,Health Care
ARTL,Artelo Biosciences Inc. Common Stock,3.51,3.6500000953674316,3.740000009536743,3.4100000858306885,3.4600000381469727,1922687.0,53399,Health Care
KITT,Nauticus Robotics Inc. Common stock,1.48,1.4800000190734863,1.5700000524520874,1.440000057220459,1.5399999618530273,1843084.0,225176,Industrials
NXGL,NexGel Inc Common Stock,0.17,0.17000000178813934,0.17399999499320984,0.16500000655651093,0.17299999296665192,1657103.0,291321,Health Care
CRIS,Curis Inc. Common Stock,0.789,0.7699999809265137,0.7699999809265137,0.7300000190734863,0.75,1649071.0,557525,Health Care
YHC,LQR House Inc. Common Stock,1.26,1.2599999904632568,1.2699999809265137,1.2400000095367432,1.2699999809265137,1642860.0,26144,Consumer Staples
SQFT,Presidio Property Trust Inc. Class A Common Stock,1.13,1.1200000047683716,1.1399999856948853,0.9399999976158142,0.9399999976158142,1620908.0,27578,Real Estate
IPW,iPower Inc. Common Stock,1.22,1.1799999475479126,1.2000000476837158,1.1100000143051147,1.1299999952316284,1540352.0,125692,Consumer Discretionary
PGYWW,Pagaya Technologies Ltd. Warrants,0.0184,0.5,0.018400000408291817,0.014100000262260437,0.018400000408291817,1535036.0,4225,Finance
ZEOWW,Zeo Energy Corporation Warrants,0.0239,0.06849999725818634,0.027400000020861626,0.022199999541044235,0.022199999541044235,1486185.0,13591,Miscellaneous
OLOX,Olenox Industries Inc. Common Stock,0.88,1.4450000524520874,1.8600000143051147,1.25,1.25,1460225.0,53730947,Consumer Discretionary
WHLR,Wheeler Real Estate Investment Trust Inc. Common Stock,1.09,1.159999966621399,1.350000023841858,0.8399999737739563,0.9100000262260437,1436780.0,6254539,Real Estate
MSS,Maison Solutions Inc. Class A Common Stock,1.63,1.600000023841858,1.7599999904632568,1.600000023841858,1.7300000190734863,1394203.0,88347,Consumer Staples
AMODW,Alpha Modus Holdings Inc. Warrant,0.0242,0.08990000188350677,0.026799999177455902,0.01850000023841858,0.02280000038444996,1369909.0,606453,Miscellaneous
SKYAW,SkyAI Inc. Warrant,0.0315,0.03139999881386757,0.03579999879002571,0.03139999881386757,0.03579999879002571,1362296.0,243497,Technology
BBLG,Bone Biologics Corp Common Stock,0.4852,0.4959999918937683,0.4959999918937683,0.4620000123977661,0.47999998927116394,1337239.0,26261,Health Care
SABSW,SAB Biotherapeutics Inc. Warrant,0.0146,0.04769999906420708,0.014000000432133675,0.014000000432133675,0.014000000432133675,1328401.0,14697,Health Care
UK,Ucommune International Ltd Class A Ordinary Shares,1.91,1.9700000286102295,2.0869998931884766,1.899999976158142,1.9800000190734863,1294886.0,7508,Consumer Discretionary
SMTK,SmartKem Inc. Common Stock,1.22,1.1699999570846558,1.190000057220459,1.125,1.159999966621399,1263675.0,502227,Technology
MOBXW,Mobix Labs Inc Warrants,0.07,0.15000000596046448,0.10999999940395355,0.07900000363588333,0.10999999940395355,1256643.0,1983,Technology
HOLOW,MicroCloud Hologram Inc. Warrant,0.0544,0.1899999976158142,0.04010000079870224,0.04010000079870224,0.04010000079870224,1246432.0,11768,Technology
PFSA,Profusa Inc. Common Stock,1.75,1.7200000286102295,1.7289999723434448,1.600000023841858,1.659999966621399,1059882.0,285789,Health Care
CDT,CDT Equity Inc. Common Stock,0.9177,0.8999999761581421,0.9399999976158142,0.8510000109672546,0.9300000071525574,1031967.0,352802,Health Care
FUSEW,Fusemachines Inc. Warrants,0.035,0.029999999329447746,0.03200000151991844,0.026000000536441803,0.026000000536441803,1014486.0,7013,Technology
GCTK,GlucoTrack Inc. Common Stock,1.11,1.1200000047683716,1.1399999856948853,1.0700000524520874,1.1299999952316284,941978.0,238354,Health Care
SHFS,SHF Holdings Inc. Class A Common Stock,0.882,0.9110000133514404,0.9110000133514404,0.6539999842643738,0.699999988079071,906472.0,509433,Finance
LRHC,La Rosa Holdings Corp. Common Stock,1.58,1.5709999799728394,1.659999966621399,1.5,1.5499999523162842,900030.0,59760,Finance
BEATW,Heartbeam Inc. Warrant,0.0154,0.289900004863739,0.01549999974668026,0.007799999788403511,0.01549999974668026,867777.0,413107,Health Care
SCLXW,Scilex Holding Company Warrant,0.1,0.17000000178813934,0.10000000149011612,0.060100000351667404,0.09229999780654907,849300.0,447,Health Care
BZFDW,BuzzFeed Inc. Warrant,0.0092,0.07000000029802322,0.008999999612569809,0.0071000000461936,0.00860000029206276,821880.0,21164,Consumer Discretionary
XBPEW,XBP Europe Holdings Inc. Warrant,0.0519,0.04969999939203262,0.03099999949336052,0.03099999949336052,0.03099999949336052,734727.0,1874,Technology
VGASW,Verde Clean Fuels Inc. Warrant,0.016,0.10429999977350235,0.016599999740719795,0.01590000092983246,0.01600000075995922,712794.0,1000,Industrials
RKDA,Arcadia Biosciences Inc. Common Stock,0.2867,0.2840000092983246,0.3070000112056732,0.27300000190734863,0.2980000078678131,690721.0,155099,Energy
XXII,22nd Century Group Inc. Common Stock,0.9119,0.9480000138282776,0.9480000138282776,0.8629999756813049,0.9200000166893005,651091.0,64618,Health Care
BNCWW,BNB Standard Corporation Warrant,0.015,0.014999999664723873,0.014999999664723873,0.014999999664723873,0.014999999664723873,617608.0,6,Consumer Staples
ILLRW,Triller Group Inc. Warrant,0.028,0.030300000682473183,0.030400000512599945,0.030300000682473183,0.030400000512599945,599111.0,814,Finance
HSCSW,HeartSciences Inc. Warrant,0.0995,0.07169999927282333,0.09950000047683716,0.05999999865889549,0.05999999865889549,481969.0,12546,Health Care
AIMDW,Ainos Inc. Warrants,0.056,0.17000000178813934,0.08079999685287476,0.05510000139474869,0.08079999685287476,478468.0,2219,Technology
RMSGW,Real Messenger Corporation Warrants,0.0288,0.0714000016450882,0.029899999499320984,0.02979999966919422,0.029899999499320984,465658.0,572,Technology
FOXXW,Foxx Development Holdings Inc. Warrant,0.0645,0.125,0.06449999660253525,0.056299999356269836,0.06449999660253525,456332.0,1241,Telecommunications
TVGNW,Tevogen Inc. Warrant,0.0637,0.04500000178813934,0.07280000299215317,0.058800000697374344,0.060600001364946365,414785.0,121864,Health Care
BIAFW,bioAffinity Technologies Inc. Warrant,0.3401,0.4699999988079071,0.550000011920929,0.550000011920929,0.550000011920929,396769.0,1880,Health Care
BNAIW,Brand Engagement Network Inc. Warrant,0.0525,0.07500000298023224,0.060100000351667404,0.060100000351667404,0.060100000351667404,393917.0,4993,Technology
LUCYW,Innovative Eyewear Inc. Series A Warrants 8/16/27,0.03,0.03799999877810478,0.03799999877810478,0.03799999877810478,0.03799999877810478,261368.0,122,Health Care
BFRIW,Biofrontera Inc. Warrants,0.0148,0.09709999710321426,0.013799999840557575,0.013799999840557575,0.013799999840557575,219815.0,281,Health Care
DFLIW,Dragonfly Energy Holdings Corp. Warrant,0.0141,0.19370000064373016,0.019999999552965164,0.011300000362098217,0.01510000042617321,211201.0,41106,Miscellaneous
DFNSW,T3 Defense Inc. Warrants,0.0634,0.06830000132322311,0.06830000132322311,0.055399999022483826,0.06629999727010727,206069.0,256034,Consumer Discretionary
BENFW,Beneficient Warrant,0.0103,0.013000000268220901,0.010599999688565731,0.010300000198185444,0.010499999858438969,159194.0,39348,Finance
FRGT,Freight Technologies Inc. Ordinary Shares,0.245,0.6579999923706055,0.7310000061988831,0.30000001192092896,0.32199999690055847,140171.0,1276011,Industrials
LNZAW,LanzaTech Global Inc. Warrant,0.0105,0.01549999974668026,0.012400000356137753,0.010499999858438969,0.012400000356137753,137436.0,2,Industrials
NXGLW,NexGel Inc Warrant,0.0122,0.3140000104904175,0.011500000022351742,0.009600000455975533,0.009999999776482582,118921.0,6,Health Care
VWAVW,VisionWave Holdings Inc. Warrant,0.048,0.04470000043511391,0.04500000178813934,0.0421999990940094,0.04490000009536743,113941.0,5184,Technology
VEEAW,Veea Inc. Warrant,0.0345,0.07010000199079514,0.03660000115633011,0.03009999915957451,0.035999998450279236,107319.0,144864,Technology
BTBDW,BT Brands Inc. Warrant,0.0156,0.2728999853134155,0.023000000044703484,0.019999999552965164,0.023000000044703484,96482.0,1320,Consumer Discretionary
FGIWW,FGI Industries Ltd. Warrant,0.0477,0.1080000028014183,0.04769999906420708,0.04769999906420708,0.04769999906420708,92122.0,100,Industrials
AERTW,Aeries Technology Inc. Warrant,0.0155,0.03709999844431877,0.01600000075995922,0.01549999974668026,0.01549999974668026,81342.0,4660,Consumer Discretionary
CXAIW,CXApp Inc. Warrant,0.0318,0.0997999981045723,0.03139999881386757,0.021800000220537186,0.03139999881386757,74330.0,10323,Technology
ACONW,Aclarion Inc. Warrant,0.0256,0.04800000041723251,0.025699999183416367,0.02329999953508377,0.025599999353289604,73789.0,136129,Health Care
PIIIW,P3 Health Partners Inc. Warrant,0.01,0.010400000028312206,0.010999999940395355,0.009200000204145908,0.010999999940395355,72610.0,125402,Health Care
SWAGW,Stran & Company Inc. Warrant,0.0038,0.09799999743700027,0.003100000089034438,0.003100000089034438,0.003100000089034438,70830.0,3951,Consumer Discretionary
ICUCW,SeaStar Medical Holding Corporation Warrant,0.0151,0.03750000149011612,0.015200000256299973,0.01510000042617321,0.01510000042617321,66543.0,51105,Health Care
CYCUW,Cycurion Inc. Warrant,0.019,0.04089999943971634,0.020999999716877937,0.01899999938905239,0.01899999938905239,61371.0,10691,Technology
EDBLW,Edible Garden AG Incorporated Warrant,0.0313,0.19699999690055847,0.03139999881386757,0.03139999881386757,0.03139999881386757,61082.0,3357,Consumer Staples
ERNAW,Ernexa Therapeutics Inc. Warrants,0.035,0.05889999866485596,0.05889999866485596,0.025299999862909317,0.026799999177455902,57134.0,15757,Health Care
CINGW,Cingulate Inc. Warrants,0.0035,0.03849999979138374,0.006500000134110451,0.0035000001080334187,0.006500000134110451,50896.0,54526,Health Care
CDIOW,Cardio Diagnostics Holdings Inc. Warrant,0.0123,0.01889999955892563,0.011900000274181366,0.009100000374019146,0.011900000274181366,36401.0,1104,Health Care
PARAW,Banzai International Inc. Warrant,0.0076,0.009999999776482582,0.009999999776482582,0.009999999776482582,0.009999999776482582,35149.0,13652,Technology
APLMW,Apollomics Inc. Warrant,0.0104,0.016699999570846558,0.010499999858438969,0.010499999858438969,0.010499999858438969,30119.0,50639,Health Care
ONFOW,Onfolio Holdings Inc. Warrant,0.0102,0.20999999344348907,0.01600000075995922,0.014000000432133675,0.01510000042617321,25492.0,11725,Technology
REVBW,Revelation Biosciences Inc. Warrant,0.0055,0.012500000186264515,0.006899999920278788,0.005499999970197678,0.006899999920278788,21909.0,27188,Health Care
DAICW,CID HoldCo Inc. Warrants,0.0086,0.01209999993443489,0.015599999576807022,0.004999999888241291,0.010400000028312206,20105.0,36061,Technology
SQFTW,Presidio Property Trust Inc. Series A Common Stock Purchase Warrants,0.0105,0.03700000047683716,0.010499999858438969,0.010499999858438969,0.010499999858438969,15062.0,6548,Real Estate
SHFSW,SHF Holdings Inc. Warrants,0.0125,0.044599998742341995,0.011500000022351742,0.0071000000461936,0.011500000022351742,12847.0,6730,Finance
KITTW,Nauticus Robotics Inc. Warrant,0.0102,0.05009999871253967,0.011900000274181366,0.00989999994635582,0.011900000274181366,12702.0,28300,Industrials
TNONW,Tenon Medical Inc. Warrant,0.0065,0.020400000736117363,0.007199999876320362,0.0052999998442828655,0.005900000222027302,10431.0,417971,Health Care
LTRYW,Sports Entertainment Gaming Global Corporation Warrants,0.0029,0.0,0.003800000064074993,0.0020000000949949026,0.002400000113993883,9453.0,142807,Technology
KIDZW,KIDZ AI Inc. Warrants,0.0065,0.07010000199079514,0.009999999776482582,0.008799999952316284,0.009999999776482582,5594.0,21603,Real Estate
AACI,Armada Acquisition Corp. III Class A Ordinary Share,10.1,10.079999923706055,10.079999923706055,10.069999694824219,10.069999694824219,0.0,737,Finance
AACIW,Armada Acquisition Corp. III Warrant,0.25,0.2303999960422516,0.2599000036716461,0.20999999344348907,0.23989999294281006,0.0,1038,Finance
AACO,Abony Acquisition Corp. I Class A Ordinary Share,10.0,9.979999542236328,9.979999542236328,9.979999542236328,9.979999542236328,0.0,10,Uncategorized
AACOW,Abony Acquisition Corp. I Warrants,0.3701,0.3700000047683716,0.38999998569488525,0.3700000047683716,0.38999998569488525,0.0,333,Uncategorized
AACP,Apogee Acquisition Corp Class A Ordinary Shares,10.07,10.069999694824219,10.069999694824219,10.069999694824219,10.069999694824219,0.0,458,Finance
AACPR,Apogee Acquisition Corp Rights,0.18,0.12999999523162842,0.18000000715255737,0.12999999523162842,0.18000000715255737,0.0,7,Finance
AACPW,Apogee Acquisition Corp Warrant,0.09,0.060600001364946365,0.07999999821186066,0.060600001364946365,0.07999999821186066,0.0,60,Finance
ACAA,Averin Capital Acquisition Corp. Class A Ordinary Shares,10.02,10.020000457763672,10.020000457763672,10.020000457763672,10.020000457763672,0.0,40018,Finance
ACGC,ACP Holdings Acquisition Corp. Class A Ordinary Shares,10.055,10.0600004196167,10.0600004196167,10.0600004196167,10.0600004196167,0.0,230,Finance
ACGCW,ACP Holdings Acquisition Corp. Warrants,0.45,0.44999998807907104,0.44999998807907104,0.44999998807907104,0.44999998807907104,0.0,1001,Finance
ACP,abrdn Income Credit Strategies Fund Common Shares,4.37,4.380000114440918,4.400000095367432,4.349999904632568,4.369999885559082,0.0,1149348,Finance
ADAC,American Drive Acquisition Company Class A Ordinary Shares,10.15,10.149999618530273,10.149999618530273,10.149999618530273,10.149999618530273,0.0,16,Uncategorized
ADACW,American Drive Acquisition Company Warrant,0.37,,,,,0.0,45,Uncategorized
ADAMG,Adamas Trust Inc. 9.125% Senior Notes Due 2030,24.62,24.6299991607666,24.6299991607666,24.40999984741211,24.57900047302246,0.0,23165,Real Estate
ADAMH,Adamas Trust Inc. 9.875% Senior Notes Due 2030,25.06,25.110000610351562,25.110000610351562,24.950000762939453,25.030000686645508,0.0,35863,Real Estate
ADAMK,Adamas Trust Inc. 9.600% Senior Notes Due 2031 ,24.72,24.760000228881836,24.829999923706055,24.649999618530273,24.829999923706055,0.0,37457,Real Estate
ADAMO,Adamas Trust Inc. 9.250% Senior Notes Due 2031,24.195,24.34000015258789,24.479999542236328,24.104999542236328,24.350000381469727,0.0,67060,Real Estate
ADX,Adams Diversified Equity Fund Inc.,25.87,26.0,26.290000915527344,25.899999618530273,26.290000915527344,0.0,296630,Finance
AEFC,Aegon Funding Company LLC 5.10% Subordinated Notes due 2049,17.66,17.610000610351562,17.770000457763672,17.610000610351562,17.639999389648438,0.0,73183,Uncategorized
AESP,Aeon Acquisition I Corp. Class A Ordinary Shares,9.99,9.989999771118164,9.989999771118164,9.989999771118164,9.989999771118164,0.0,2584,Finance
AESPR,Aeon Acquisition I Corp. Rights,0.19,0.1899999976158142,0.19550000131130219,0.19550000131130219,0.19550000131130219,0.0,2,Finance
AESPU,Aeon Acquisition I Corp. Units,10.1999,10.199999809265137,10.199999809265137,10.199999809265137,10.199999809265137,0.0,2125,Uncategorized
AFB,AllianceBernstein National Municipal Income Fund Inc,9.43,9.430000305175781,9.550000190734863,9.430000305175781,9.550000190734863,0.0,190248,Finance
AFJK,Aimei Health Technology Co. Ltd Ordinary Share,12.35,12.350000381469727,12.350000381469727,12.350000381469727,12.350000381469727,0.0,699,Uncategorized
AFJKU,Aimei Health Technology Co. Ltd Unit,13.6,13.600000381469727,13.600000381469727,13.600000381469727,13.600000381469727,0.0,109,Uncategorized
AGD,abrdn Global Dynamic Dividend Fund Common Shares of Beneficial Interest,11.14,11.140000343322754,11.359999656677246,11.140000343322754,11.359999656677246,0.0,214384,Finance
ALDF,Aldel Financial II Inc. Class A Ordinary Shares,10.8201,10.819999694824219,10.819999694824219,10.819999694824219,10.819999694824219,0.0,28,Uncategorized
ALF,Centurion Acquisition Corp. Class A Ordinary Shares,10.92,10.920000076293945,10.920000076293945,10.920000076293945,10.920000076293945,0.0,120,Uncategorized
ALFUW,Centurion Acquisition Corp. Warrant,0.2811,0.3700000047683716,0.28999999165534973,0.28110000491142273,0.28110000491142273,0.0,277,Finance
ALIS,Calisa Acquisition Corp Ordinary shares,10.33,10.369999885559082,11.40999984741211,10.3100004196167,11.25,0.0,17925,Uncategorized
ALISR,Calisa Acquisition Corp Right,0.8,0.8299999833106995,0.8399999737739563,0.7699999809265137,0.7699999809265137,0.0,11338,Finance
ALISU,Calisa Acquisition Corp Units,10.5,10.390000343322754,11.430000305175781,10.359999656677246,10.8100004196167,0.0,1211,Uncategorized
ALOV,Aldabra 4 Liquidity Opportunity Vehicle Inc. Class A Ordinary Shares,10.02,10.029999732971191,10.029999732971191,10.020000457763672,10.029999732971191,0.0,1475,Uncategorized
ALOVW,Aldabra 4 Liquidity Opportunity Vehicle Inc. Warrants,0.38,0.3801000118255615,0.3799999952316284,0.3799999952316284,0.3799999952316284,0.0,814,Uncategorized
ALPX,Alpex Acquisition Corporation Class A Ordinary Shares,9.96,9.949999809265137,9.949999809265137,9.949999809265137,9.949999809265137,0.0,10,Finance
ALPXU,Alpex Acquisition Corporation Unit,10.22,10.119999885559082,10.220000267028809,10.119999885559082,10.220000267028809,0.0,741,Finance
AMAN,Amanat Acquisition Corp Class A Ordinary Shares,10.61,10.609999656677246,10.619999885559082,10.609999656677246,10.619999885559082,0.0,458,Finance
AOD,abrdn Total Dynamic Dividend Fund Common Shares of Beneficial Interest,10.08,10.100000381469727,10.220000267028809,10.039999961853027,10.199999809265137,0.0,451400,Finance
AOMD,Angel Oak Mortgage REIT Inc. 9.750% Senior Notes due 2030,25.05,25.030000686645508,25.09000015258789,24.770999908447266,25.030000686645508,0.0,3701,Finance
AOMN,Angel Oak Mortgage REIT Inc. 9.500% Senior Notes due 2029,25.12,25.1200008392334,25.1200008392334,24.799999237060547,24.860000610351562,0.0,12885,Finance
APAC,StoneBridge Acquisition II Corporation Class A Ordinary Shares,10.27,10.270000457763672,10.270000457763672,10.270000457763672,10.270000457763672,0.0,20,Finance
APACR,StoneBridge Acquisition II Corporation Rights,0.11,0.10010000318288803,0.10010000318288803,0.10010000318288803,0.10010000318288803,0.0,6,Uncategorized
APMC,AmperCap Acquisition Company Ordinary Shares,9.97,9.970000267028809,9.970000267028809,9.970000267028809,9.970000267028809,0.0,12,Finance
APMCR,AmperCap Acquisition Company Right,0.0806,0.08060000091791153,0.10000000149011612,0.08060000091791153,0.10000000149011612,0.0,202,Finance
APMCU,AmperCap Acquisition Company Unit,10.03,10.029999732971191,10.029999732971191,10.029999732971191,10.029999732971191,0.0,68,Finance
APUR,Aperture AC Class A Ordinary Shares,10.04,10.039999961853027,10.039999961853027,10.039999961853027,10.039999961853027,0.0,915,Finance
APURR,Aperture AC Rights,0.3001,0.3100000023841858,0.3199999928474426,0.3100000023841858,0.3100000023841858,0.0,247,Finance
APXT,Apex Treasury Corporation Class A Ordinary Share,10.14,10.145000457763672,10.145000457763672,10.145000457763672,10.145000457763672,0.0,4816,Finance
APXTW,Apex Treasury Corporation Warrants,0.3,0.2799000144004822,0.2799000144004822,0.2799000144004822,0.2799000144004822,0.0,711,Finance
ARCI,Archimedes Tech SPAC Partners III Co. Ordinary Share,10.08,10.069999694824219,10.079999923706055,10.069999694824219,10.069999694824219,0.0,14,Uncategorized
ARCIU,Archimedes Tech SPAC Partners III Co. Units,10.24,10.239999771118164,10.239999771118164,10.239999771118164,10.239999771118164,0.0,910,Finance
ARCIW,Archimedes Tech SPAC Partners III Co. Warrant,0.41,0.42800000309944153,0.4099999964237213,0.4099999964237213,0.4099999964237213,0.0,20,Uncategorized
ARCL,ARC Group Acquisition I Corp Class A Ordinary Shares,10.0,10.0,10.0,10.0,10.0,0.0,24,Finance
ARCLR,ARC Group Acquisition I Corp Right,0.1401,0.14000000059604645,0.14000000059604645,0.14000000059604645,0.14000000059604645,0.0,305,Finance
ARCLW,ARC Group Acquisition I Corp Warrants,0.0616,0.09009999781847,0.06340000033378601,0.06340000033378601,0.06340000033378601,0.0,17,Finance
ARTC,Art Technology Acquisition Corp. Class A Ordinary Shares,10.02,10.020000457763672,10.020000457763672,10.020000457763672,10.020000457763672,0.0,88,Finance
ARTCU,Art Technology Acquisition Corp. Units,10.09,10.09000015258789,10.09000015258789,10.09000015258789,10.09000015258789,0.0,4,Uncategorized
ASG,Liberty All-Star Growth Fund Inc.,5.16,5.159999847412109,5.210000038146973,5.159999847412109,5.199999809265137,0.0,454967,Finance
ASGI,abrdn Global Infrastructure Income Fund Common Shares of Beneficial Interest,19.35,19.360000610351562,19.610000610351562,19.16200065612793,19.520000457763672,0.0,286986,Finance
ATII,Archimedes Tech SPAC Partners II Co. Ordinary Shares,10.7,10.699999809265137,10.710000038146973,10.6899995803833,10.699999809265137,0.0,90776,Uncategorized
ATIIU,Archimedes Tech SPAC Partners II Co. Unit,11.33,11.329999923706055,11.329999923706055,11.329999923706055,11.329999923706055,0.0,5,Finance
ATIIW,Archimedes Tech SPAC Partners II Co. Warrant,1.1499,0.5299999713897705,1.3700000047683716,1.1749999523162842,1.1749999523162842,0.0,26685,Finance
ATLQ,JAB Acquisition Corp I Class A Ordinary Shares,9.97,9.979999542236328,9.979999542236328,9.970000267028809,9.970000267028809,0.0,296,Finance
ATLQU,JAB Acquisition Corp I Unit,10.11,10.109999656677246,10.109999656677246,10.109999656677246,10.109999656677246,0.0,557,Finance
ATLQW,JAB Acquisition Corp I Warrants,0.04,0.03999999910593033,0.03500000014901161,0.03500000014901161,0.03500000014901161,0.0,108,Finance
AVK,Advent Convertible and Income Fund,11.54,11.569999694824219,11.710000038146973,11.550000190734863,11.6899995803833,0.0,319503,Finance
AWF,Alliancebernstein Global High Income Fund,9.48,9.5,9.630000114440918,9.5,9.630000114440918,0.0,439493,Finance
AWP,abrdn Global Premier Properties Fund Common Shares of Beneficial Interest,10.04,10.050000190734863,10.140000343322754,10.0,10.119999885559082,0.0,246739,Finance
BACC,Blue Acquisition Corp. Class A Ordinary Shares,10.48,10.479999542236328,10.479999542236328,10.479999542236328,10.479999542236328,0.0,3502,Finance
BACCR,Blue Acquisition Corp. Right ,0.41,0.49000000953674316,0.4699999988079071,0.4699999988079071,0.4699999988079071,0.0,21,Finance
BACCU,Blue Acquisition Corp. Unit,10.91,10.90999984741211,10.90999984741211,10.90999984741211,10.90999984741211,0.0,2,Finance
BBN,BlackRock Taxable Municipal Bond Trust Common Shares of Beneficial Interest,14.22,14.229999542236328,14.380000114440918,14.220000267028809,14.34000015258789,0.0,402652,Finance
BCCQ,Bleichroeder Acquisition Corp. III Class A Ordinary Shares,9.95,9.949999809265137,9.949999809265137,9.9399995803833,9.949999809265137,0.0,241139,Finance
BCCQU,Bleichroeder Acquisition Corp. III Units,10.1922,10.170000076293945,10.170000076293945,10.170000076293945,10.170000076293945,0.0,1375,Finance
BCV,Bancroft Fund Ltd.,23.15,23.3799991607666,23.649999618530273,23.170000076293945,23.559999465942383,0.0,25756,Finance
BDCI,BTC Development Corp. Class A Ordinary Shares,10.13,10.135000228881836,10.135000228881836,10.130000114440918,10.130000114440918,0.0,82822,Finance
BEAG,Bold Eagle Acquisition Corp. Class A Ordinary Shares,10.69,10.694999694824219,10.699999809265137,10.6899995803833,10.6899995803833,0.0,1695203,Finance
BEAGR,Bold Eagle Acquisition Corp. Right,0.2301,0.23999999463558197,0.25,0.23019999265670776,0.23999999463558197,0.0,74465,Finance
BGB,Blackstone Strategic Credit 2027 Term Fund Common Shares of Beneficial Interest,11.05,11.029999732971191,11.119999885559082,10.979999542236328,11.119999885559082,0.0,273694,Finance
BGH,Barings Global Short Duration High Yield Fund Common Shares of Beneficial Interests,12.85,12.899999618530273,13.270000457763672,12.850000381469727,12.970000267028809,0.0,180365,Finance
BGT,BlackRock Floating Rate Income Trust,10.27,10.34000015258789,10.449999809265137,10.289999961853027,10.430000305175781,0.0,192053,Finance
BGY,Blackrock Enhanced International Dividend Trust,5.63,5.650000095367432,5.670000076293945,5.619999885559082,5.670000076293945,0.0,336233,Finance
BHAV,BHAV Acquisition Corp Class A Ordinary Shares,10.025,10.029999732971191,10.029999732971191,10.029999732971191,10.029999732971191,0.0,6973,Finance
BHAVR,BHAV Acquisition Corp Rights,0.1301,0.13009999692440033,0.13009999692440033,0.13009999692440033,0.13009999692440033,0.0,100,Finance
BHK,Blackrock Core Bond Trust,8.05,8.050000190734863,8.140000343322754,8.050000190734863,8.140000343322754,0.0,878669,Finance
BHV,BlackRock Virginia Municipal Bond Trust,11.6,11.680000305175781,11.90999984741211,11.600000381469727,11.600000381469727,0.0,2038,Finance
BID,Tribeca Strategic Acquisition Corp. Class A Ordinary Shares,9.9001,9.899999618530273,9.899999618530273,9.899999618530273,9.899999618530273,0.0,7,Finance
BIDWR,Tribeca Strategic Acquisition Corp. Rights,0.11,0.10999999940395355,0.11500000208616257,0.11500000208616257,0.11500000208616257,0.0,400,Finance
BIT,BlackRock Multi-Sector Income Trust Common Shares of Beneficial Interest,11.1,11.25,11.25,11.029999732971191,11.239999771118164,0.0,524959,Finance
BIXI,Bitcoin Infrastructure Acquisition Corp Ltd. Class A Ordinary Shares,10.08,10.09000015258789,10.09000015258789,10.09000015258789,10.09000015258789,0.0,2757,Uncategorized
BIXIU,Bitcoin Infrastructure Acquisition Corp Ltd. Unit ,10.23,10.199999809265137,10.199999809265137,10.1899995803833,10.1899995803833,0.0,1826,Finance
BIXIW,Bitcoin Infrastructure Acquisition Corp Ltd. Warrant,0.3003,0.30000001192092896,0.30000001192092896,0.30000001192092896,0.30000001192092896,0.0,100,Uncategorized
BKHA,Black Hawk Acquisition Corporation Class A Ordinary Shares,12.28,12.279999732971191,12.279999732971191,12.279999732971191,12.279999732971191,0.0,1279,Health Care
BKHAR,Black Hawk Acquisition Corporation Rights,1.7,1.6100000143051147,1.7000000476837158,1.7000000476837158,1.7000000476837158,0.0,15765,Health Care
BLRK,Bluerock Acquisition Corp. Class A Ordinary Shares,10.13,10.130000114440918,10.130000114440918,10.130000114440918,10.130000114440918,0.0,4527,Uncategorized
BLRKU,Bluerock Acquisition Corp. Unit,10.2,10.199999809265137,10.199999809265137,10.199999809265137,10.199999809265137,0.0,1,Uncategorized
BLRKW,Bluerock Acquisition Corp. Warrants,0.33,0.33000001311302185,0.33000001311302185,0.33000001311302185,0.33000001311302185,0.0,196,Uncategorized
BLZR,Trailblazer Acquisition Corp. Class A Ordinary Shares,10.25,10.234999656677246,10.234999656677246,10.229999542236328,10.229999542236328,0.0,31,Finance
BLZRU,Trailblazer Acquisition Corp. Unit,10.39,10.350000381469727,10.350000381469727,10.350000381469727,10.350000381469727,0.0,548,Uncategorized
BLZRW,Trailblazer Acquisition Corp. Warrant,0.39,0.35010001063346863,0.35010001063346863,0.3499999940395355,0.3499999940395355,0.0,827,Finance
BOE,Blackrock Enhanced Global Dividend Trust Common Shares of Beneficial Interest,11.67,11.65999984741211,11.8100004196167,11.640000343322754,11.779999732971191,0.0,149927,Finance
BPAC,Blueport Acquisition Ltd Class A Ordinary Shares,10.19,10.220000267028809,10.229999542236328,10.220000267028809,10.229999542236328,0.0,24,Uncategorized
BREZ,Breeze Acquisition Corp. II Ordinary Shares,10.06,10.0600004196167,10.0600004196167,10.0600004196167,10.0600004196167,0.0,12,Finance
BREZR,Breeze Acquisition Corp. II Right,0.29,0.26499998569488525,0.26499998569488525,0.26499998569488525,0.26499998569488525,0.0,3475,Finance
BRKH,Burtech Acquisition Corp II Class A Ordinary Shares,10.01,10.010000228881836,10.010000228881836,10.010000228881836,10.010000228881836,0.0,54,Finance
BRRKU,Bluerock Acquisition Corp. II Units,10.06,10.020000457763672,10.020000457763672,10.020000457763672,10.020000457763672,0.0,2379,Uncategorized
BRTM,B&R Technology Merger Corp. Class A Ordinary Shares,9.8,9.800000190734863,9.8100004196167,9.789999961853027,9.800000190734863,0.0,688,Finance
BRTMU,B&R Technology Merger Corp. Units,9.98,9.949999809265137,9.949999809265137,9.930000305175781,9.930000305175781,0.0,278,Uncategorized
BRW,Saba Capital Income & Opportunities Fund SBI,5.96,5.960000038146973,6.039999961853027,5.849999904632568,5.989999771118164,0.0,270431,Finance
BSL,Blackstone Senior Floating Rate 2027 Term Fund Common Shares of Beneficial Interest,12.92,12.960000038146973,12.960000038146973,12.90999984741211,12.960000038146973,0.0,28940,Finance
BTO,John Hancock Financial Opportunities Fund Common Stock,36.16,36.15999984741211,36.470001220703125,36.15999984741211,36.310001373291016,0.0,40866,Finance
BTT,BlackRock Municipal 2030 Target Term Trust,21.76,21.760000228881836,21.850000381469727,21.719999313354492,21.850000381469727,0.0,170887,Finance
BUI,BlackRock Utility Infrastructure & Power Opportunities Trust,24.69,24.809999465942383,25.43000030517578,24.809999465942383,25.25,0.0,106121,Finance
BWG,BrandywineGLOBAL Global Income Opportunities Fund Inc.,6.86,6.889999866485596,7.019999980926514,6.849999904632568,6.980000019073486,0.0,132878,Finance
CAES,Cantor Equity Partners VII Inc. Class A Ordinary Shares,10.05,10.050000190734863,10.050000190734863,10.050000190734863,10.050000190734863,0.0,24760,Finance
CAF,Morgan Stanley China A Share Fund Inc. Common Stock,17.62,17.6299991607666,17.75,17.520000457763672,17.719999313354492,0.0,13949,Finance
CAII,Collective Acquisition Corp. II Class A Ordinary Shares,10.01,10.0,10.0,10.0,10.0,0.0,10,Finance
CAIIU,Collective Acquisition Corp. II Units,10.0501,10.050000190734863,10.050000190734863,10.050000190734863,10.050000190734863,0.0,5,Finance
CAPN,Cayson Acquisition Corp Ordinary shares,11.25,11.260000228881836,11.260000228881836,11.260000228881836,11.260000228881836,0.0,93,Uncategorized
CAQ,Cambridge Acquisition Corp. Class A Ordinary Shares,10.0,10.0,10.0,10.0,10.0,0.0,56,Uncategorized
CAQUU,Cambridge Acquisition Corp. Unit,10.07,10.069999694824219,10.069999694824219,10.069999694824219,10.069999694824219,0.0,13,Uncategorized
CATL, Catalyst Acquisition Corp. Class A Ordinary Share,9.82,9.890000343322754,9.899999618530273,9.8100004196167,9.8100004196167,0.0,63219,Finance
CATLU,Catalyst Acquisition Corp. Units,9.96,9.960000038146973,9.960000038146973,9.960000038146973,9.960000038146973,0.0,2,Finance
CCAQ,Collective Acquisition Corp. Class A Ordinary Shares,10.49,10.640000343322754,10.65999984741211,10.640000343322754,10.65999984741211,0.0,114,Finance
CCAQU,Collective Acquisition Corp. Units,10.68,10.680000305175781,10.680000305175781,10.680000305175781,10.680000305175781,0.0,10,Finance
CCAQW,Collective Acquisition Corp. Warrants,0.1676,0.22990000247955322,0.22990000247955322,0.22990000247955322,0.22990000247955322,0.0,20859,Finance
CCCT,Columbus Circle Capital Corp III Class A Ordinary Shares,9.84,9.84000015258789,9.84000015258789,9.84000015258789,9.84000015258789,0.0,19562,Uncategorized
CCD,Calamos Dynamic Convertible & Income Fund Common Stock,22.9,23.219999313354492,23.780000686645508,22.950000762939453,23.639999389648438,0.0,62388,Finance
CCII,Cohen Circle Acquisition Corp. II Class A Ordinary Shares,10.29,10.295000076293945,10.295000076293945,10.279999732971191,10.279999732971191,0.0,49936,Uncategorized
CCIIW,Cohen Circle Acquisition Corp. II Warrant,0.68,0.6800000071525574,0.6800000071525574,0.6800000071525574,0.6800000071525574,0.0,54,Uncategorized
CCXI,Churchill Capital Corp XI Class A Ordinary Shares,12.07,12.279999732971191,12.399999618530273,11.09000015258789,11.930000305175781,0.0,1572426,Finance
CCXIU,Churchill Capital Corp XI Units,12.5,12.0,12.0,12.0,12.0,0.0,253,Finance
CCXIW,Churchill Capital Corp XI Warrants,5.64,5.949999809265137,6.130000114440918,5.340000152587891,5.799900054931641,0.0,19097,Uncategorized
CEE,The Central and Eastern Europe Fund Inc. (The) Common Stock,18.35,18.420000076293945,18.709999084472656,18.420000076293945,18.649999618530273,0.0,11014,Finance
CEPF,Cantor Equity Partners IV Inc. Class A Ordinary Shares,10.2786,10.289999961853027,10.289999961853027,10.265000343322754,10.289999961853027,0.0,18792,Finance
CEPO,Cantor Equity Partners I Inc. Class A Ordinary Shares,10.755,10.75,10.760000228881836,10.75,10.75,0.0,11564,Finance
CEPS,Cantor Equity Partners VI Inc. Class A Ordinary Shares,10.27,10.270000457763672,10.270000457763672,10.270000457763672,10.270000457763672,0.0,226,Finance
CEPV,Cantor Equity Partners V Inc. Class A Ordinary Shares,10.27,10.239999771118164,10.260000228881836,10.229999542236328,10.260000228881836,0.0,1419,Uncategorized
CGCF,Cartesian Growth Corporation IV Class A Ordinary Shares,9.81,9.8100004196167,9.8100004196167,9.8100004196167,9.8100004196167,0.0,420,Finance
CGCFU,Cartesian Growth Corporation IV Unit,9.95,9.930000305175781,9.930000305175781,9.930000305175781,9.930000305175781,0.0,1462,Finance
CGCFW,Cartesian Growth Corporation IV Warrants,0.3,0.30000001192092896,0.30000001192092896,0.30000001192092896,0.30000001192092896,0.0,7555,Finance
CGO,Calamos Global Total Return Fund Common Stock,12.68,12.75,13.029999732971191,12.680000305175781,12.800000190734863,0.0,38191,Finance
CHAR,Charlton Aria Acquisition Corporation Class A Ordinary Shares,10.97,10.979999542236328,10.979999542236328,10.979999542236328,10.979999542236328,0.0,51,Uncategorized
CHI,Calamos Convertible Opportunities and Income Fund Common Stock,11.525,11.720000267028809,11.970000267028809,11.479999542236328,11.770000457763672,0.0,232921,Finance
CHPG,ChampionsGate Acquisition Corporation Class A Ordinary Share,10.52,10.520000457763672,10.520000457763672,10.489999771118164,10.5,0.0,1019,Uncategorized
CHPGR,ChampionsGate Acquisition Corporation Rights,0.115,0.11500000208616257,0.11500000208616257,0.11500000208616257,0.11500000208616257,0.0,128,Uncategorized
CHW,Calamos Global Dynamic Income Fund Common Stock,8.02,8.020000457763672,8.1899995803833,8.020000457763672,8.170000076293945,0.0,260799,Finance
CHY,Calamos Convertible and High Income Fund Common Stock,11.66,11.819999694824219,11.979999542236328,11.75,11.960000038146973,0.0,181338,Finance
CICB,CION Investment Corporation 7.50% Notes due 2029,24.4701,24.479999542236328,24.5,24.420000076293945,24.450000762939453,0.0,8337,Finance
CICC,CION Investment Corporation 7.50% Notes due 2031,24.67,24.649999618530273,24.65999984741211,24.600000381469727,24.6200008392334,0.0,16180,Finance
CIK,UBS Asset Management Income Fund Inc. Common Stock,2.3,2.309999942779541,2.3299999237060547,2.309999942779541,2.3299999237060547,0.0,181757,Finance
CIMO,Chimera Investment Corporation 9.250% Senior Notes due 2029,25.17,25.149999618530273,25.299999237060547,25.149999618530273,25.170000076293945,0.0,10872,Real Estate
CIMP,Chimera Investment Corporation 8.875% Senior Notes due 2030,24.91,24.850000381469727,25.010000228881836,24.81999969482422,25.010000228881836,0.0,26635,Real Estate
CLM,Cornerstone Strategic Investment Fund Inc. Common Shares,6.41,6.420000076293945,6.53000020980835,6.409999847412109,6.519999980926514,0.0,1607223,Finance
CRAN,Crane Harbor Acquisition Corp. II Class A Ordinary Shares,10.1,10.100000381469727,10.100000381469727,10.100000381469727,10.100000381469727,0.0,9,Finance
CRANR,Crane Harbor Acquisition Corp. II Rights,0.1998,0.17000000178813934,0.17000000178813934,0.17000000178813934,0.17000000178813934,0.0,1011,Finance
CRAQ,Cal Redwood Acquisition Corp. Class A Ordinary Shares,10.41,10.40999984741211,10.40999984741211,10.40999984741211,10.40999984741211,0.0,28,Finance
CRBD,Corebridge Financial Inc. 6.375% Junior Subordinated Notes due 2064,21.12,21.149999618530273,21.56999969482422,21.010000228881836,21.290000915527344,0.0,56988,Finance
CRF,Cornerstone Total Return Fund Inc. (The) Common Stock,6.15,6.150000095367432,6.25,6.130000114440918,6.25,0.0,871970,Finance
CTAA,ClearThink 1 Acquisition Corp. Class A Ordinary Shares,9.95,9.949999809265137,9.949999809265137,9.949999809265137,9.949999809265137,0.0,10,Finance
CTAAR,ClearThink 1 Acquisition Corp. Rights,0.175,0.17499999701976776,0.17499999701976776,0.17499999701976776,0.17499999701976776,0.0,187,Finance
CTGG,Qwest Corporation 6.500% Senior Notes due 2051,15.2,15.210000038146973,15.869999885559082,15.210000038146973,15.369999885559082,0.0,34128,Telecommunications
CTHH,Qwest Corporation 6.750% Senior Notes due 2052,15.6,15.850000381469727,16.3700008392334,15.850000381469727,15.869999885559082,0.0,40163,Telecommunications
CUBWW,Lionheart Holdings Warrant,0.12,0.24500000476837158,0.12399999797344208,0.0949999988079071,0.0949999988079071,0.0,1614,Industrials
CXII,Churchill Capital Corp XII Class A Ordinary Shares,10.75,10.75,10.75,10.75,10.75,0.0,1365,Finance
CXIIU,Churchill Capital Corp XII Units,10.95,10.800000190734863,11.109999656677246,10.800000190734863,10.960000038146973,0.0,1108,Finance
CXIIW,Churchill Capital Corp XII Warrants,1.9,1.8799999952316284,2.309999942779541,1.840000033378601,1.9900000095367432,0.0,11204,Finance
DAAQ,Digital Asset Acquisition Corp. Class A Ordinary shares,10.44,10.470000267028809,10.479999542236328,10.460000038146973,10.470000267028809,0.0,575,Finance
DAAQW,Digital Asset Acquisition Corp. Warrant,0.08,0.0925000011920929,0.07999999821186066,0.07999999821186066,0.07999999821186066,0.0,2263,Finance
DBCA,D. Boral Acquisition I Corp. Class A Ordinary Shares,10.04,10.050000190734863,10.050000190734863,10.050000190734863,10.050000190734863,0.0,1029302,Finance
DBCAU,D. Boral Acquisition I Corp. Unit,10.38,10.380000114440918,10.380000114440918,10.380000114440918,10.380000114440918,0.0,2,Finance
DBCAW,D. Boral Acquisition I Corp. Warrants,0.35,0.3499999940395355,0.3499999940395355,0.3499999940395355,0.3499999940395355,0.0,163,Finance
DBL,DoubleLine Opportunistic Credit Fund Common Shares of Beneficial Interest,13.17,13.199999809265137,13.350000381469727,13.199999809265137,13.319999694824219,0.0,524486,Uncategorized
DHF,BNY Mellon High Yield Strategies Fund Common Stock,2.23,2.2200000286102295,2.2300000190734863,2.200000047683716,2.2200000286102295,0.0,340026,Finance
DHY,UBS Asset Management High Yield Credit Fund Common Stock,15.95,15.930000305175781,16.170000076293945,15.930000305175781,16.06999969482422,0.0,127704,Finance
DMAA,Drugs Made In America Acquisition Corp. Ordinary Shares,10.89,10.819999694824219,10.890000343322754,10.819999694824219,10.890000343322754,0.0,46,Uncategorized
DMII,Drugs Made In America Acquisition II Corp. Ordinary Shares,10.19,10.199999809265137,10.199999809265137,10.180000305175781,10.1850004196167,0.0,2241,Finance
DMIIU,Drugs Made In America Acquisition II Corp. Unit,10.2,10.199999809265137,10.199999809265137,10.199999809265137,10.199999809265137,0.0,101,Uncategorized
DMO,Western Asset Mortgage Opportunity Fund Inc. Common Stock,9.36,9.390000343322754,9.4399995803833,9.319999694824219,9.390000343322754,0.0,114866,Finance
DNMX,Dynamix Corporation III Class A Ordinary Shares,10.07,10.069999694824219,10.069999694824219,10.069999694824219,10.069999694824219,0.0,9502,Finance
DNMXW,Dynamix Corporation III Warrants,0.23,0.23000000417232513,0.23000000417232513,0.23000000417232513,0.23000000417232513,0.0,1,Finance
DNP,DNP Select Income Fund Inc. Common Stock,9.48,9.5,9.760000228881836,9.479999542236328,9.739999771118164,0.0,976128,Finance
DPG,Duff & Phelps Utility and Infrastructure Fund Inc.,12.84,12.920000076293945,13.09000015258789,12.829999923706055,13.050000190734863,0.0,99624,Finance
DRDB,Roman DBDR Acquisition Corp. II Ordinary shares,10.72,10.729999542236328,10.729999542236328,10.720000267028809,10.720000267028809,0.0,30242,Uncategorized
DRDBU,Roman DBDR Acquisition Corp. II Unit,10.72,10.720000267028809,10.720000267028809,10.720000267028809,10.720000267028809,0.0,114,Uncategorized
DRDBW,Roman DBDR Acquisition Corp. II Warrants,0.1491,0.6592000126838684,0.1599999964237213,0.11990000307559967,0.11990000307559967,0.0,40,Uncategorized
DSM,BNY Mellon Strategic Municipal Bond Fund Inc. Common Stock,5.15,5.130000114440918,5.210000038146973,5.130000114440918,5.210000038146973,0.0,314691,Finance
DSU,Blackrock Debt Strategies Fund Inc. Common Stock,8.8,8.829999923706055,8.920000076293945,8.819999694824219,8.920000076293945,0.0,415017,Finance
DTK,DTE Energy Company 2025 Series H 6.25% Junior Subordinated Debentures due 2085,20.97,21.06999969482422,21.239999771118164,20.81999969482422,20.979999542236328,0.0,70829,Utilities
DTSQ,DT Cloud Star Acquisition Corporation Ordinary Shares,11.58,11.579999923706055,11.579999923706055,11.579999923706055,11.579999923706055,0.0,10,Uncategorized
DTSQR,DT Cloud Star Acquisition Corporation Right,0.12,0.11999999731779099,0.15000000596046448,0.15000000596046448,0.15000000596046448,0.0,1,Finance
DUKU,Duke Energy Corporation Corporate Units,48.22,48.279998779296875,48.779998779296875,48.040000915527344,48.779998779296875,0.0,228956,Utilities
DYNC,Dynamix Corporation Class A Ordinary Shares,10.905,10.899999618530273,10.925000190734863,10.899999618530273,10.925000190734863,0.0,15966,Uncategorized
DYOR,Insight Digital Partners II Class A Ordinary Shares,10.15,10.149999618530273,10.149999618530273,10.149999618530273,10.149999618530273,0.0,12,Finance
EAD,Allspring Income Opportunities Fund Common Shares,5.96,6.010000228881836,6.03000020980835,5.949999809265137,6.03000020980835,0.0,285137,Finance
ECCU,Eagle Point Credit Company 7.75% Notes due 2030,24.9,25.079999923706055,25.079999923706055,24.829999923706055,25.03499984741211,0.0,1890,Uncategorized
ECF,Ellsworth Growth and Income Fund Ltd.,11.85,11.869999885559082,12.109999656677246,11.869999885559082,11.90999984741211,0.0,78297,Finance
EDD,Morgan Stanley Emerging Markets Domestic Debt Fund Inc. Common Stock,5.24,5.28000020980835,5.329999923706055,5.230000019073486,5.329999923706055,0.0,453612,Finance
EDF,Virtus Stone Harbor Emerging Markets Income Fund Common Shares of Beneficial Interest,4.68,4.75,4.860000133514404,4.71999979019165,4.840000152587891,0.0,411021,Finance
EEA,The European Equity Fund Inc. Common Stock,10.3,10.3100004196167,10.369999885559082,10.3100004196167,10.359999656677246,0.0,2332,Finance
EFR,Eaton Vance Senior Floating-Rate Fund Common Shares of Beneficial Interest,10.19,10.279999732971191,10.369999885559082,10.25,10.369999885559082,0.0,138759,Finance
EGHA,EGH Acquisition Corp. Class A Ordinary Shares,10.43,10.430000305175781,10.430000305175781,10.430000305175781,10.430000305175781,0.0,17,Finance
EGHAR,EGH Acquisition Corp. Rights,0.2499,0.22529999911785126,0.25,0.22529999911785126,0.25,0.0,3036,Finance
EHI,Western Asset Global High Income Fund Inc Common Stock,5.4,5.389999866485596,5.420000076293945,5.369999885559082,5.389999866485596,0.0,68289,Finance
EIM,Eaton Vance Municipal Bond Fund Common Shares of Beneficial Interest $.01 par value,8.82,8.819999694824219,8.920000076293945,8.819999694824219,8.84000015258789,0.0,203608,Finance
ELLA,Ellington Credit Company 8.50% Notes due 2031,25.075,25.020000457763672,25.030000686645508,25.0,25.020000457763672,0.0,17489,Real Estate
EMD,Western Asset Emerging Markets Debt Fund Inc Common Stock,9.18,9.239999771118164,9.329999923706055,9.109999656677246,9.3100004196167,0.0,457403,Finance
EMF,Templeton Emerging Markets Fund Common Stock,22.78,22.90999984741211,22.959999084472656,22.6200008392334,22.8700008392334,0.0,12651,Finance
EMIS,Emmis Acquisition Corp. Class A Ordinary Shares,10.27,10.270000457763672,10.270000457763672,10.270000457763672,10.270000457763672,0.0,6,Health Care
EMISR,Emmis Acquisition Corp. Rights,0.09,0.07999999821186066,0.09000000357627869,0.09000000357627869,0.09000000357627869,0.0,3857,Uncategorized
EMO,ClearBridge Energy Midstream Opportunity Fund Inc. Common Stock,50.29,50.0099983215332,51.34000015258789,50.0099983215332,51.04999923706055,0.0,63032,Finance
EOD,Allspring Global Dividend Opportunity Fund Common Shares of Beneficial Interest,6.35,6.369999885559082,6.440000057220459,6.360000133514404,6.409999847412109,0.0,211071,Finance
EOI,Eaton Vance Enhance Equity Income Fund Eaton Vance Enhanced Equity Income Fund Shares of Beneficial Interest,19.76,19.8799991607666,20.0,19.760000228881836,19.969999313354492,0.0,69578,Finance
ERC,Allspring Multi-Sector Income Fund Common Stock,8.43,8.489999771118164,8.619999885559082,8.449999809265137,8.600000381469727,0.0,135302,Finance
ETG,Eaton Vance Tax-Advantaged Global Dividend Income Fund Common Shares of Beneficial Interest,23.0,23.079999923706055,23.3700008392334,22.799999237060547,23.15999984741211,0.0,83921,Finance
ETJ,Eaton Vance Risk-Managed Diversified Equity Income Fund Common Shares of Beneficial Interest,8.14,8.170000076293945,8.180000305175781,8.100000381469727,8.180000305175781,0.0,373224,Finance
ETY,Eaton Vance Tax-Managed Diversified Equity Income Fund Common Shares of Beneficial Interest,14.18,14.25,14.289999961853027,14.210000038146973,14.270000457763672,0.0,499363,Finance
EURK,Eureka Acquisition Corp Class A Ordinary Share,11.55,11.550000190734863,11.550000190734863,11.550000190734863,11.550000190734863,0.0,16,Uncategorized
EURKR,Eureka Acquisition Corp Right,0.2701,0.2700999975204468,0.2700999975204468,0.2700999975204468,0.2700999975204468,0.0,48,Consumer Discretionary
EURKU,Eureka Acquisition Corp Unit,11.72,11.720000267028809,11.720000267028809,11.720000267028809,11.720000267028809,0.0,100,Consumer Discretionary
EVG,Eaton Vance Short Diversified Income Fund Eaton Vance Short Duration Diversified Income Fund Common Shares of Beneficial Interest,9.98,10.079999923706055,10.1899995803833,10.029999732971191,10.09000015258789,0.0,135773,Finance
EVOX,Evolution Global Acquisition Corp Class A Ordinary Shares,10.13,10.130000114440918,10.130000114440918,10.119999885559082,10.119999885559082,0.0,4411,Finance
EVT,Eaton Vance Tax Advantaged Dividend Income Fund Common Shares of Beneficial Interest,27.38,27.540000915527344,27.920000076293945,27.31999969482422,27.780000686645508,0.0,151215,Finance
EVV,Eaton Vance Limited Duration Income Fund Common Shares of Beneficial Interest,8.34,8.390000343322754,8.4399995803833,8.350000381469727,8.430000305175781,0.0,736264,Finance
EWAV,East West Ave Acquisition Corp. Common Stock,9.94,9.9399995803833,9.9399995803833,9.9399995803833,9.9399995803833,0.0,11,Finance
EWAVR,East West Ave Acquisition Corp. Rights,0.12,0.12999999523162842,0.12999999523162842,0.12999999523162842,0.12999999523162842,0.0,2875,Finance
EWAVU,East West Ave Acquisition Corp. Units,10.05,10.020000457763672,10.050000190734863,10.020000457763672,10.020000457763672,0.0,54,Finance
EXG,Eaton Vance Tax-Managed Global Diversified Equity Income Fund Common Shares of Beneficial Interest,9.34,9.359999656677246,9.4399995803833,9.359999656677246,9.420000076293945,0.0,791832,Finance
FACT,FACT II Acquisition Corp. Class A Ordinary Shares,10.72,10.725000381469727,10.729999542236328,10.720000267028809,10.720000267028809,0.0,17,Uncategorized
FACTU,FACT II Acquisition Corp. Unit,10.83,10.829999923706055,10.829999923706055,10.829999923706055,10.829999923706055,0.0,5,Finance
FAX,abrdn Asia-Pacific Income Fund Inc. Common Stock,12.67,12.699999809265137,12.859999656677246,12.65999984741211,12.859999656677246,0.0,401788,Finance
FDMM,Freedom Metals Acquisition Corp. Class A Ordinary Shares,9.82,9.819999694824219,9.819999694824219,9.819999694824219,9.819999694824219,0.0,31,Finance
FFA,First Trust Enhanced Equity Income Fund Common Shares of Beneficial Interest,22.11,22.190000534057617,22.3799991607666,22.010000228881836,22.25,0.0,36630,Finance
FFC,Flaherty & Crumrine Preferred and Income Securities Fund Incorporated,14.72,14.75,14.850000381469727,14.680000305175781,14.850000381469727,0.0,147451,Finance
FGII,FG Imperii Acquisition Corp. Class A Ordinary Shares,10.03,10.029999732971191,10.029999732971191,10.029999732971191,10.029999732971191,0.0,61156,Finance
FGSN,F&G Annuities & Life Inc. 7.300% Junior Subordinated Notes due 2065,19.0,19.139999389648438,19.309999465942383,18.8700008392334,19.0,0.0,26234,Finance
FIGX,FIGX Capital Acquisition Corp. Class A Ordinary Share,10.32,10.319999694824219,10.319999694824219,10.319999694824219,10.319999694824219,0.0,48,Finance
FJDI,ARC Group Securities Acquisition I Class A Ordinary Shares,9.87,9.869999885559082,9.869999885559082,9.869999885559082,9.869999885559082,0.0,107385,Uncategorized
FJDIU,ARC Group Securities Acquisition I Units,10.03,10.029999732971191,10.029999732971191,10.029999732971191,10.029999732971191,0.0,32,Uncategorized
FLC,Flaherty & Crumrine Total Return Fund Inc Common Stock,15.4,15.390000343322754,15.850000381469727,15.329999923706055,15.529999732971191,0.0,32950,Finance
FMAC,Future Money Acquisition Corporation Ordinary Shares,10.1,10.100000381469727,10.100000381469727,10.100000381469727,10.100000381469727,0.0,20,Finance
FMY,First Trust Mortgage Income Fund Common Shares of Beneficial Interest,10.8,10.8100004196167,10.869999885559082,10.800000190734863,10.850000381469727,0.0,6456,Finance
FPF,First Trust Intermediate Duration Preferred & Income Fund Common Shares of Beneficial Interest,15.69,15.739999771118164,15.869999885559082,15.680000305175781,15.770000457763672,0.0,271043,Finance
FSHP,Flag Ship Acquisition Corp. Ordinary Shares,11.29,11.289999961853027,11.289999961853027,11.289999961853027,11.289999961853027,0.0,14,Uncategorized
FSHPR,Flag Ship Acquisition Corp. Right,0.083,0.08749999850988388,0.09000000357627869,0.08749999850988388,0.09000000357627869,0.0,1609,Uncategorized
FSHPU,Flag Ship Acquisition Corp. Unit,11.26,11.260000228881836,11.260000228881836,11.260000228881836,11.260000228881836,0.0,801,Uncategorized
FSSL,FS Specialty Lending Fund Common Shares of Beneficial Interest,11.66,11.65999984741211,11.800000190734863,11.609999656677246,11.6899995803833,0.0,435960,Finance
FVAV,Fortress Value Acquisition Corp. V Class A Ordinary Shares,10.25,10.25,10.25,10.25,10.25,0.0,9,Uncategorized
FWAC,Futurewave Acquisition Corporation Ordinary Shares,9.95,9.949999809265137,9.949999809265137,9.9399995803833,9.949999809265137,0.0,203927,Finance
FWACR,Futurewave Acquisition Corporation Rights,0.15,0.1200999990105629,0.1200999990105629,0.11999999731779099,0.11999999731779099,0.0,40,Finance
FWACU,Futurewave Acquisition Corporation Units,10.0996,10.100000381469727,10.100000381469727,10.100000381469727,10.100000381469727,0.0,10,Finance
FWACW,Futurewave Acquisition Corporation Warrants,0.0341,0.04839999973773956,0.04839999973773956,0.03009999915957451,0.03869999945163727,0.0,4318,Finance
FXAC,FortuneX Acquisition Corporation Ordinary shares,10.08,10.079999923706055,10.09000015258789,10.079999923706055,10.09000015258789,0.0,250,Finance
GAING,Gladstone Investment Corporation 7.125% Notes due 2031,25.248,25.149999618530273,25.18000030517578,25.1299991607666,25.18000030517578,0.0,9893,Finance
GAINI,Gladstone Investment Corporation 7.875% Notes due 2030,25.35,25.440000534057617,25.440000534057617,25.329999923706055,25.329999923706055,0.0,10754,Finance
GCGR,General Catalyst Global Resilience Merger Corp. Class A Ordinary Shares,10.131,10.130000114440918,10.130000114440918,10.130000114440918,10.130000114440918,0.0,230,Uncategorized
GCGRU,General Catalyst Global Resilience Merger Corp. Units,10.2593,10.260000228881836,10.260000228881836,10.260000228881836,10.260000228881836,0.0,177,Uncategorized
GDL,GDL Fund The Common Shares of Beneficial Interest,8.3,8.289999961853027,8.359999656677246,8.289999961853027,8.3100004196167,0.0,18235,Finance
GDO,Western Asset Global Corporate Opportunity Fund Inc. Common Stock,9.72,9.6899995803833,9.75,9.569999694824219,9.670000076293945,0.0,22411,Finance
GECCG,Great Elm Capital Corp. 7.75% Notes Due 2030,24.8,24.719999313354492,24.979999542236328,24.510000228881836,24.510000228881836,0.0,622,Finance
GECCH,Great Elm Capital Corp. 8.125% Notes Due 2029,25.0,25.0,25.040000915527344,24.940000534057617,25.040000915527344,0.0,67,Uncategorized
GECCI,Great Elm Capital Corp. 8.50% NOTES DUE 2029,25.03,25.03499984741211,25.049999237060547,25.03499984741211,25.03499984741211,0.0,1643,Finance
GF,New Germany Fund Inc. (The) Common Stock,10.49,10.470000267028809,10.5,10.40999984741211,10.40999984741211,0.0,35892,Finance
GGN,GAMCO Global Gold Natural Resources & Income Trust,5.25,5.25,5.289999961853027,5.179999828338623,5.289999961853027,0.0,332908,Finance
GHXI,Gores Holdings XI Inc. Class A Ordinary Shares,9.9906,10.010000228881836,10.010000228881836,9.989999771118164,9.989999771118164,0.0,911,Uncategorized
GHXIU,Gores Holdings XI Inc. Units,10.18,10.180000305175781,10.180000305175781,10.180000305175781,10.180000305175781,0.0,15,Uncategorized
GHY,PGIM Global High Yield Fund Inc.,10.75,10.75,10.920000076293945,10.680000305175781,10.880000114440918,0.0,287775,Finance
GIW,GigCapital8 Corp. Class A Ordinary Shares,10.18,10.180000305175781,10.180000305175781,10.180000305175781,10.180000305175781,0.0,1169,Finance
GIWWR,GigCapital8 Corp. Rights,0.28,0.2800000011920929,0.2800000011920929,0.2800000011920929,0.2800000011920929,0.0,5027,Uncategorized
GIX,GigCapital9 Corp. Class A Ordinary Share,10.01,10.010000228881836,10.010000228881836,10.010000228881836,10.010000228881836,0.0,44,Finance
GJH,Synthetic Fixed-Income Securities Inc 6.375% (STRATS) Cl A-1,9.3214,9.319999694824219,9.319999694824219,9.319999694824219,9.319999694824219,0.0,57,Finance
GJO,Synthetic Fixed-Income Securities Inc. on behalf of STRATS(SM) Trust for Wal-Mart Stores Inc. Securities Series 2004-5,24.62,24.219999313354492,24.65999984741211,24.219999313354492,24.600000381469727,0.0,3,Finance
GJR,Synthetic Fixed-Income Securities Inc. STRATS Trust for Procter&Gamble Securities Series 2006-1,24.1,24.100000381469727,24.100000381469727,24.100000381469727,24.100000381469727,0.0,413,Finance
GJT,Synthetic Fixed-Income Securities Inc. Floating Rate Structured Repackaged Asset-Backed Trust Securities Certificates Series 2006-3,23.25,23.25,23.25,23.25,23.25,0.0,2643,Finance
GLO,Clough Global Opportunities Fund Common Stock,5.42,5.460000038146973,5.460000038146973,5.389999866485596,5.429999828338623,0.0,97194,Finance
GLQ,Clough Global Equity Fund Clough Global Equity Fund Common Shares of Beneficial Interest,7.57,7.619999885559082,7.679999828338623,7.579999923706055,7.659999847412109,0.0,32630,Finance
GOF,Guggenheim Strategic Opportunities Fund Common Shares of Beneficial Interest,8.6,8.600000381469727,8.760000228881836,8.520000457763672,8.710000038146973,0.0,2421828,Finance
GPAC,General Purpose Acquisition Corp. Class A Ordinary Shares,10.1,10.100000381469727,10.100000381469727,10.100000381469727,10.100000381469727,0.0,31,Uncategorized
GPACU,General Purpose Acquisition Corp. Units,10.2,10.199999809265137,10.199999809265137,10.199999809265137,10.199999809265137,0.0,100,Uncategorized
GPACW,General Purpose Acquisition Corp. Warrant,0.2468,,,,,0.0,20,Industrials
GPAT,GP-Act III Acquisition Corp. Class A Ordinary Share,11.106,11.020000457763672,11.020000457763672,11.020000457763672,11.020000457763672,0.0,4006,Uncategorized
GPATW,GP-Act III Acquisition Corp. Warrants,0.069,0.31790000200271606,0.04039999842643738,0.04010000079870224,0.04019999876618385,0.0,55713,Uncategorized
GRF,Eagle Capital Growth Fund Inc. Common Stock,9.86,9.859999656677246,9.859999656677246,9.859999656677246,9.859999656677246,0.0,578,Finance
GSHR,Gesher Acquisition Corp. II Class A Ordinary Shares,10.58,10.569999694824219,10.569999694824219,10.569999694824219,10.569999694824219,0.0,6,Uncategorized
GSRF,GSR IV Acquisition Corp. Class A ordinary share,10.265,10.265000343322754,10.265000343322754,10.265000343322754,10.265000343322754,0.0,516092,Uncategorized
GSRFR,GSR IV Acquisition Corp. Rights,2.26,2.259999990463257,2.259999990463257,2.259999990463257,2.259999990463257,0.0,11,Uncategorized
GSRV,GSR V Acquisition Corp. Class A ordinary shares,9.89,9.890000343322754,9.930000305175781,9.890000343322754,9.930000305175781,0.0,8931,Finance
GSRVR,GSR V Acquisition Corp. Rights,1.52,1.2100000381469727,1.350000023841858,1.2000000476837158,1.350000023841858,0.0,6776,Finance
GTEN,Gores Holdings X Inc. Class A ordinary shares,10.47,10.451000213623047,10.489999771118164,10.4399995803833,10.470000267028809,0.0,18,Uncategorized
GUAC,Berto Acquisition Corp. II Ordinary Shares,9.915,9.9399995803833,9.9399995803833,9.9399995803833,9.9399995803833,0.0,54,Finance
GUG,Guggenheim Active Allocation Fund Common Shares of Beneficial Interest,13.71,13.649999618530273,13.979000091552734,13.649999618530273,13.949999809265137,0.0,178318,Finance
HACQ,HCM IV Acquisition Corp. Class A Ordinary Share,10.04,10.039999961853027,10.039999961853027,10.039999961853027,10.039999961853027,0.0,25,Finance
HCIC,Hennessy Capital Investment Corp. VIII Class A Ordinary Shares,9.98,9.979999542236328,9.979999542236328,9.979999542236328,9.979999542236328,0.0,19,Uncategorized
HEQ,John Hancock Diversified Income Fund Common Shares of Beneficial Interest,11.08,11.0600004196167,11.300000190734863,11.010000228881836,11.25,0.0,32430,Finance
HERZ,Herzfeld Credit Income Fund Inc. Common Stock,15.11,15.029999732971191,15.210000038146973,14.970000267028809,14.970000267028809,0.0,2305,Finance
HFRO,Highland Opportunities and Income Fund Common Shares of Beneficial Interest,6.73,6.679999828338623,6.71999979019165,6.619999885559082,6.659999847412109,0.0,69336,Finance
HIO,Western Asset High Income Opportunity Fund Inc. Common Stock,3.24,3.259999990463257,3.2899999618530273,3.25,3.2799999713897705,0.0,652502,Finance
HIX,Western Asset High Income Fund II Inc. Common Stock,3.51,3.509999990463257,3.5399999618530273,3.5,3.5399999618530273,0.0,384296,Finance
HLXC,Helix Acquisition Corp. III Class A Ordinary Shares,10.57,10.510000228881836,10.600000381469727,10.470000267028809,10.539999961853027,0.0,42,Uncategorized
HPF,John Hancock Pfd Income Fund II Pfd Income Fund II,13.25,13.300000190734863,13.399999618530273,13.170000076293945,13.270000457763672,0.0,88334,Finance
HPI,John Hancock Preferred Income Fund Common Shares of Beneficial Interest,13.81,13.859999656677246,14.0,13.770000457763672,13.970000267028809,0.0,128816,Finance
HPS,John Hancock Preferred Income Fund III Preferred Income Fund III,11.76,11.770000457763672,11.890000343322754,11.720000267028809,11.829999923706055,0.0,133654,Finance
HTD,John Hancock Tax Advantaged Dividend Income Fund Common Shares of Beneficial Interest,22.0,22.110000610351562,22.489999771118164,22.100000381469727,22.459999084472656,0.0,151076,Finance
HVMC,Highview Merger Corp. Class A Ordinary Share,10.29,10.289999961853027,10.289999961853027,10.289999961853027,10.289999961853027,0.0,25009,Uncategorized
HYT,Blackrock Corporate High Yield Fund Inc. Common Stock,7.8,7.820000171661377,7.849999904632568,7.78000020980835,7.809999942779541,0.0,1769641,Finance
IACO,Idea Acquisition Corp. Class A Ordinary Shares,10.0,10.0,10.0,10.0,10.0,0.0,27,Finance
IACOW,Idea Acquisition Corp. Warrants,0.2601,0.25999999046325684,0.26010000705718994,0.26010000705718994,0.26010000705718994,0.0,2008,Finance
IACQ,Irenic Acquisition Corp. Class A Ordinary Shares,9.95,9.949999809265137,9.949999809265137,9.949999809265137,9.949999809265137,0.0,25,Finance
IACQU,Irenic Acquisition Corp. Unit,10.13,10.130000114440918,10.130000114440918,10.130000114440918,10.130000114440918,0.0,2,Finance
IACQW,Irenic Acquisition Corp. Warrants,0.38,0.3799999952316284,0.3799999952316284,0.3799999952316284,0.3799999952316284,0.0,94,Finance
IAE,Voya Asia Pacific High Dividend Equity Income Fund ING Asia Pacific High Dividend Equity Income Fund Common Shares of Beneficial Interest,9.14,9.149999618530273,9.149999618530273,9.020000457763672,9.039999961853027,0.0,78524,Finance
IAF,abrdn Australia Equity Fund Inc. Common Stock,12.38,12.390000343322754,12.59000015258789,12.329999923706055,12.460000038146973,0.0,28678,Finance
IBAC,IB Acquisition Corp. Common Stock,10.88,10.880000114440918,10.880000114440918,10.880000114440918,10.880000114440918,0.0,2910,Finance
IDAC,Iron Dome Acquisition I Corp. Class A Ordinary Shares,9.99,9.989999771118164,9.989999771118164,9.989999771118164,9.989999771118164,0.0,9,Uncategorized
IDE,Voya Infrastructure Industrials and Materials Fund Common Shares of Beneficial Interest,11.88,11.979999542236328,12.25,11.920000076293945,12.25,0.0,111370,Finance
IEAG,Infinite Eagle Acquisition Corp. Class A Ordinary Shares,10.18,10.180000305175781,10.180000305175781,10.180000305175781,10.180000305175781,0.0,14,Finance
IFN,Aberdeen India Fund Inc. Common Stock,10.45,10.510000228881836,10.569999694824219,10.479999542236328,10.569999694824219,0.0,272078,Finance
IGA,Voya Global Advantage and Premium Opportunity Fund Common Shares of Beneficial Interest,9.85,9.8100004196167,9.920000076293945,9.729999542236328,9.8100004196167,0.0,193033,Finance
IGAC,Invest Green Acquisition Corporation Class A Ordinary Shares,10.1,10.100000381469727,10.100000381469727,10.100000381469727,10.100000381469727,0.0,1030,Finance
IGACR,Invest Green Acquisition Corporation Rights,0.1521,0.15199999511241913,0.15199999511241913,0.15199999511241913,0.15199999511241913,0.0,31107,Uncategorized
IGD,Voya Global Equity Dividend and Premium Opportunity Fund,6.03,6.03000020980835,6.119999885559082,6.0,6.099999904632568,0.0,269765,Finance
IGI,Western Asset Investment Grade Opportunity Trust Inc. Common Stock,15.715,15.529999732971191,15.539999961853027,15.260000228881836,15.329999923706055,0.0,2756,Finance
IGR,CBRE Global Real Estate Income Fund Common Shares of Beneficial Interest,11.51,11.569999694824219,11.619999885559082,11.420000076293945,11.470000267028809,0.0,613801,Finance
IHD,Voya Emerging Markets High Income Dividend Equity Fund Common Shares,7.75,7.75,7.800000190734863,7.659999847412109,7.679999828338623,0.0,63129,Finance
IIF,Morgan Stanley India Investment Fund Inc. Common Stock,21.28,21.34000015258789,21.34000015258789,21.219999313354492,21.280000686645508,0.0,11060,Finance
INAC,Indigo Acquisition Corp. Ordinary Shares,10.39,10.369999885559082,10.369999885559082,10.369999885559082,10.369999885559082,0.0,59,Uncategorized
INACR,Indigo Acquisition Corp. Right,0.1177,0.08799999952316284,0.1177000030875206,0.1177000030875206,0.1177000030875206,0.0,48,Uncategorized
INACU,Indigo Acquisition Corp. Unit,10.8,10.800000190734863,10.800000190734863,10.800000190734863,10.800000190734863,0.0,875,Uncategorized
IPFX,Inflection Point Acquisition Corp. VI Class A Ordinary Shares,10.04,10.050000190734863,10.0600004196167,10.039999961853027,10.039999961853027,0.0,25070,Finance
IPFXW,Inflection Point Acquisition Corp. VI Warrant,0.7201,0.75,0.75,0.7210000157356262,0.7210000157356262,0.0,4560,Finance
IPHX,Inflection Point Acquisition Corp. VIII Class A Ordinary Shares,9.94,9.869999885559082,9.890000343322754,9.850000381469727,9.880000114440918,0.0,50366,Uncategorized
IPHXU,Inflection Point Acquisition Corp. VIII Unit,10.07,10.069999694824219,10.069999694824219,10.069999694824219,10.069999694824219,0.0,31236,Uncategorized
IPHXW,Inflection Point Acquisition Corp. VIII Warrant,0.45,0.41999998688697815,0.41999998688697815,0.41999998688697815,0.41999998688697815,0.0,51701,Uncategorized
IPVV,InterPrivate Investment Partners V Inc. Class A Ordinary Shares,9.85,9.850000381469727,9.859999656677246,9.850000381469727,9.850000381469727,0.0,153909,Finance
IPVVU,InterPrivate Investment Partners V Inc. Units,9.92,9.920000076293945,9.920000076293945,9.920000076293945,9.920000076293945,0.0,4,Finance
IPXG,Inflection Point Acquisition Corp. VII Class A Ordinary Shares,10.06,10.0600004196167,10.0600004196167,10.0600004196167,10.0600004196167,0.0,105828,Finance
IRHO,Iron Horse Acquisitions II Corp. Common Stock,10.07,10.069999694824219,10.069999694824219,10.069999694824219,10.069999694824219,0.0,12239,Finance
IRHOU,Iron Horse Acquisitions II Corp. Units,10.16,10.15999984741211,10.15999984741211,10.15999984741211,10.15999984741211,0.0,20,Finance
ISD,PGIM High Yield Bond Fund Inc.,11.5,11.5600004196167,11.649999618530273,11.479999542236328,11.640000343322754,0.0,216565,Finance
ISNR,Snow Rothschild Acquisition Corp. Class A Ordinary Shares,9.84,9.859999656677246,9.859999656677246,9.859999656677246,9.859999656677246,0.0,12,Finance
ISNRU,Snow Rothschild Acquisition Corp. Units,9.9999,10.0,10.0,10.0,10.0,0.0,108,Finance
ITHA,ITHAX Acquisition Corp III Class A Ordinary Shares,10.1,10.100000381469727,10.100000381469727,10.100000381469727,10.100000381469727,0.0,300,Uncategorized
JATT,JATT II Acquisition Corp Ordinary Shares,10.73,10.619999885559082,10.649999618530273,10.510000228881836,10.510000228881836,0.0,20888,Finance
JBK,Lehman ABS 3.50 3.50% Adjustable Corp Backed Tr Certs GS Cap I,25.2,24.729999542236328,25.549999237060547,24.729999542236328,25.549999237060547,0.0,323,Finance
JCE,Nuveen Core Equity Alpha Fund Common Shares of Beneficial Interest,16.77,16.90999984741211,17.1200008392334,16.860000610351562,17.049999237060547,0.0,30193,Finance
JFR,Nuveen Floating Rate Income Fund Common Stock,7.23,7.25,7.389999866485596,7.25,7.380000114440918,0.0,1465939,Finance
JGH,Nuveen Global High Income Fund Common Shares of Beneficial Interest,11.45,11.520000457763672,11.670000076293945,11.480999946594238,11.640000343322754,0.0,84805,Finance
JLS,Nuveen Mortgage and Income Fund,16.2,16.15999984741211,16.260000228881836,16.049999237060547,16.239999771118164,0.0,24752,Finance
JMM,Nuveen Multi-Market Income Fund (MA),5.54,5.539999961853027,5.590000152587891,5.449999809265137,5.449999809265137,0.0,11104,Finance
JOF,Japan Smaller Capitalization Fund Inc Common Stock,12.64,12.789999961853027,12.789999961853027,12.600000381469727,12.640000343322754,0.0,54121,Finance
JONE,Jones Ventures INTL Acquisition1 Corp Class A Ordinary Shares,9.81,9.8100004196167,9.8100004196167,9.8100004196167,9.8100004196167,0.0,494017,Finance
JONER,Jones Ventures INTL Acquisition1 Corp Rights,0.1499,0.15000000596046448,0.15000000596046448,0.15000000596046448,0.15000000596046448,0.0,30,Finance
JPC,Nuveen Preferred & Income Opportunities Fund,6.63,6.659999847412109,6.739999771118164,6.570000171661377,6.739999771118164,0.0,3680673,Finance
JQC,Nuveen Credit Strategies Income Fund Shares of Beneficial Interest,4.62,4.650000095367432,4.679999828338623,4.610000133514404,4.659999847412109,0.0,1014318,Finance
JRI,Nuveen Real Asset Income and Growth Fund Common Shares of Beneficial Interest,10.65,10.649999618530273,10.800000190734863,10.600000381469727,10.630000114440918,0.0,327620,Finance
JRS,Nuveen Real Estate Income Fund Common Shares of Beneficial Interest,7.23,7.199999809265137,7.360000133514404,7.199999809265137,7.300000190734863,0.0,100510,Finance
JTTT,JATT III Acquisition Corp Ordinary Shares,10.8,10.800000190734863,10.800000190734863,10.800000190734863,10.800000190734863,0.0,6653,Finance
KBON,Karbon Capital Partners Corp. Class A Ordinary Shares,10.09,10.119999885559082,10.119999885559082,10.119999885559082,10.119999885559082,0.0,9,Finance
KCHV,Kochav Defense Acquisition Corp. Class A Ordinary Shares,10.48,10.479999542236328,10.479999542236328,10.479999542236328,10.479999542236328,0.0,36062,Uncategorized
KCHVR,Kochav Defense Acquisition Corp. Right,0.1,0.10000000149011612,0.10000000149011612,0.10000000149011612,0.10000000149011612,0.0,2,Finance
KEYY,Keystone Acquisition Corp. Class A Ordinary Shares,9.93,9.930000305175781,9.930000305175781,9.930000305175781,9.930000305175781,0.0,8164,Finance
KEYYU,Keystone Acquisition Corp. Unit,10.06,10.0600004196167,10.0600004196167,10.0600004196167,10.0600004196167,0.0,337,Finance
KF,Korea Fund Inc. (The) New Common Stock,68.74,68.01000213623047,68.44000244140625,66.38999938964844,66.38999938964844,0.0,12549,Finance
KFII,K&F Growth Acquisition Corp. II Class A Ordinary shares,10.695,10.699999809265137,10.699999809265137,10.699999809265137,10.699999809265137,0.0,337862,Finance
KFIIR,K&F Growth Acquisition Corp. II Rights,0.105,0.10750000178813934,0.07999999821186066,0.07999999821186066,0.07999999821186066,0.0,349,Uncategorized
KIO,KKR Income Opportunities Fund Common Shares,10.17,10.229999542236328,10.380000114440918,10.180000305175781,10.380000114440918,0.0,255022,Finance
KKRT,KKR & Co. Inc. 6.875% Subordinated Notes due 2065,22.81,22.8799991607666,23.25,22.8799991607666,23.049999237060547,0.0,75698,Finance
KOYN,CSLM Digital Asset Acquisition Corp III Class A Ordinary Shares,10.26,10.25,10.255000114440918,10.25,10.25,0.0,978,Uncategorized
KOYNW,CSLM Digital Asset Acquisition Corp III Warrants,0.1601,0.1606999933719635,0.1606999933719635,0.15039999783039093,0.15039999783039093,0.0,399,Uncategorized
KRAQ,KRAKacquisition Corp Class A Ordinary Shares,10.01,10.0,10.0600004196167,10.0,10.0600004196167,0.0,231558,Uncategorized
KRAQU,KRAKacquisition Corp Unit,10.14,10.140000343322754,10.140000343322754,10.140000343322754,10.140000343322754,0.0,31,Uncategorized
KTH,Structures Products Cp 8% CorTS Issued by Peco Energy Cap Tr II Preferred Stock,28.67,28.549999237060547,28.65999984741211,28.549999237060547,28.65999984741211,0.0,1069,Finance
KTN,Structured Products Corp 8.205% CorTS 8.205% Corporate Backed Trust Securities (CorTS),25.7,25.649999618530273,25.649999618530273,25.520000457763672,25.549999237060547,0.0,2370,Finance
LATA,Galata Acquisition Corp. II Class A Ordinary Shares,10.21,10.210000038146973,10.210000038146973,10.210000038146973,10.210000038146973,0.0,43,Finance
LCCC,Lakeshore Acquisition III Corp. Ordinary Shares,10.54,10.539999961853027,10.539999961853027,10.539999961853027,10.539999961853027,0.0,6,Finance
LDP,Cohen & Steers Limited Duration Preferred and Income Fund Inc.,18.99,19.079999923706055,19.170000076293945,19.0,19.100000381469727,0.0,111947,Finance
LEDRU,Leader's Advantage Acquisition Corp. Units,9.9693,9.968999862670898,9.968999862670898,9.968999862670898,9.968999862670898,0.0,200,Finance
LFAC,Leapfrog Acquisition Corporation Class A Ordinary Shares,10.07,10.069999694824219,10.069999694824219,10.069999694824219,10.069999694824219,0.0,13,Finance
LGI,Lazard Global Total Return and Income Fund Common Stock,16.94,17.010000228881836,17.209999084472656,16.979999542236328,17.170000076293945,0.0,32264,Uncategorized
LKSP,Lake Superior Acquisition Corp. Class A Ordinary Shares,10.26,10.260000228881836,10.260000228881836,10.260000228881836,10.260000228881836,0.0,10,Uncategorized
LKSPR,Lake Superior Acquisition Corp. Rights,1.35,1.5,1.940000057220459,1.5,1.659999966621399,0.0,19466,Uncategorized
LOVIU,Live Oak Acquisition Corp. VI Units,10.01,9.970000267028809,10.489999771118164,9.960000038146973,10.020000457763672,0.0,4922,Finance
LPAA,Launch One Acquisition Corp. Class A Ordinary shares,10.85,10.850000381469727,10.850000381469727,10.850000381469727,10.850000381469727,0.0,8,Uncategorized
LPAAW,Launch One Acquisition Corp. Warrant,0.1013,0.2460000067949295,0.10010000318288803,0.10000000149011612,0.10000000149011612,0.0,105,Finance
LPBB,Launch Two Acquisition Corp. Class A Ordinary Shares,10.81,10.8100004196167,10.8100004196167,10.8100004196167,10.8100004196167,0.0,1137,Uncategorized
LPBBW,Launch Two Acquisition Corp. Warrant,0.15,0.5400000214576721,0.14990000426769257,0.14990000426769257,0.14990000426769257,0.0,1511,Finance
LPCV,Launchpad Cadenza Acquisition Corp I Class A Ordinary Share,10.08,10.079999923706055,10.079999923706055,10.079999923706055,10.079999923706055,0.0,9,Uncategorized
LTGR,Long Table Growth Corp. Class A Ordinary Shares,9.96,9.960000038146973,9.960000038146973,9.960000038146973,9.960000038146973,0.0,54333,Finance
LTGRU,Long Table Growth Corp. Units,10.16,10.15999984741211,10.15999984741211,10.15999984741211,10.15999984741211,0.0,205,Finance
LTGRW,Long Table Growth Corp. Warrants,0.2501,0.2500999867916107,0.2500999867916107,0.2500999867916107,0.2500999867916107,0.0,203,Uncategorized
LWAC,LightWave Acquisition Corp. Class A Ordinary Shares,10.35,10.350000381469727,10.350000381469727,10.350000381469727,10.350000381469727,0.0,254809,Finance
LWACW,LightWave Acquisition Corp. Warrants,0.1227,0.10019999742507935,0.15889999270439148,0.10010000318288803,0.15889999270439148,0.0,6,Finance
MACI,Melar Acquisition Corp. I Class A Ordinary Shares,11.0703,11.085000038146973,11.085000038146973,11.069999694824219,11.069999694824219,0.0,3604,Uncategorized
MACIW,Melar Acquisition Corp. I Warrant,0.0851,0.19030000269412994,0.11999999731779099,0.11999999731779099,0.11999999731779099,0.0,348,Finance
MBVI,M3-Brigade Acquisition VI Corp. Class A Ordinary Shares,10.235,10.239999771118164,10.239999771118164,10.239999771118164,10.239999771118164,0.0,15744,Uncategorized
MBVIW,M3-Brigade Acquisition VI Corp. Warrant,0.35,0.3499999940395355,0.3499999940395355,0.3499999940395355,0.3499999940395355,0.0,27,Uncategorized
MCAH,Mountain Crest Acquisition 6 Corp. Ordinary Shares,10.0461,10.050000190734863,10.050000190734863,10.050000190734863,10.050000190734863,0.0,7,Finance
MCAHU,Mountain Crest Acquisition 6 Corp. Units,10.26,10.260000228881836,10.260000228881836,10.260000228881836,10.260000228881836,0.0,245,Finance
MCGA,Yorkville Acquisition Corp. Class A Ordinary Share,10.355,10.350000381469727,10.357999801635742,10.350000381469727,10.35099983215332,0.0,520,Utilities
MCGAW,Yorkville Acquisition Corp. Warrant,0.26,0.27000001072883606,0.28999999165534973,0.27000001072883606,0.28999999165534973,0.0,17337,Uncategorized
MCN,XAI Madison Equity Premium Income Fund Common Shares,5.24,5.25,5.300000190734863,5.21999979019165,5.269999980926514,0.0,45107,Uncategorized
MEGI,NYLIM CBRE Global Infrastructure Megatrends Term Fund Common Shares,13.34,13.380000114440918,13.619999885559082,13.359999656677246,13.5600004196167,0.0,183172,Finance
MESH,Meshflow Acquisition Corp. Class A Ordinary Shares,10.09,10.09000015258789,10.09000015258789,10.079999923706055,10.079999923706055,0.0,12267,Uncategorized
MESHW,Meshflow Acquisition Corp. Warrants,0.2199,0.3154999911785126,0.2199999988079071,0.20999999344348907,0.2199999988079071,0.0,90,Uncategorized
METCI,Ramaco Resources Inc. 8.250% Senior Notes due 2030,25.0968,25.079999923706055,25.149999618530273,25.049999237060547,25.079999923706055,0.0,7577,Energy
METCZ,Ramaco Resources Inc. 8.375% Senior Notes due 2029,25.165,25.18000030517578,25.18000030517578,25.079999923706055,25.079999923706055,0.0,5926,Energy
MEVO,M Evo Global Acquisition Corp II Class A Ordinary Shares,10.01,10.010000228881836,10.020000457763672,10.010000228881836,10.020000457763672,0.0,4740,Finance
MEVOW,M Evo Global Acquisition Corp II Warrants,0.31,0.36000001430511475,0.36000001430511475,0.30000001192092896,0.30000001192092896,0.0,1000,Finance
MHF,Western Asset Municipal High Income Fund Inc. Common Stock,6.13,6.130000114440918,6.289999961853027,6.099999904632568,6.28000020980835,0.0,112935,Finance
MIAC,Meridian3 Industrials Acquisition Corp Class A Ordinary Shares,9.81,9.8100004196167,9.829999923706055,9.8100004196167,9.829999923706055,0.0,867,Uncategorized
MKLY,McKinley Acquisition Corporation Class A Ordinary Shares,10.29,10.300000190734863,10.300000190734863,10.270000457763672,10.274999618530273,0.0,127737,Finance
MKLYR,McKinley Acquisition Corporation Rights,0.25,0.25,0.25,0.2451000064611435,0.2498999983072281,0.0,56674,Finance
MLAA,Mountain Lake Acquisition Corp. II Class A Ordinary Shares,10.011,10.010000228881836,10.010000228881836,10.010000228881836,10.010000228881836,0.0,139,Finance
MLAAW,Mountain Lake Acquisition Corp. II Warrants,0.175,0.17499999701976776,0.17509999871253967,0.17509999871253967,0.17509999871253967,0.0,248,Finance
MLCIL,Mount Logan Capital Inc. 8.00% Notes Due 2031,22.7,22.700000762939453,22.700000762939453,22.700000762939453,22.700000762939453,0.0,967,Finance
MMD,NYLIM MacKay DefinedTerm Muni Opportunities Fund Common Shares,13.47,13.529999732971191,13.930000305175781,13.420000076293945,13.90999984741211,0.0,143997,Finance
MMEDV,MiniMed Group Inc. Common Stock When Issued,20.0,20.0,20.0,20.0,20.0,0.0,1111,Health Care
MMU,Western Asset Managed Municipals Fund Inc. Common Stock,8.84,8.84000015258789,9.050000190734863,8.819999694824219,9.029999732971191,0.0,612548,Finance
MPA,Blackrock MuniYield Pennsylvania Quality Fund Common Stock,9.67,9.600000381469727,9.789999961853027,9.600000381469727,9.75,0.0,69140,Finance
MRCO,Mercator Acquisition Corp. Class A Ordinary Shares,9.8506,9.859999656677246,9.859999656677246,9.850000381469727,9.859999656677246,0.0,1118,Finance
MRCOU,Mercator Acquisition Corp. Units,10.05,10.0,10.0,10.0,10.0,0.0,10,Finance
MSD,Morgan Stanley Emerging Markets Debt Fund Inc. Common Stock,6.66,6.670000076293945,6.730000019073486,6.670000076293945,6.690000057220459,0.0,33272,Finance
MSDL,Morgan Stanley Direct Lending Fund Common Stock,13.56,13.550000190734863,13.65999984741211,13.479999542236328,13.479999542236328,0.0,677946,Uncategorized
MTAK,Market Technology Acquisition Corp Class A Ordinary Shares,9.85,9.850000381469727,9.859999656677246,9.850000381469727,9.850000381469727,0.0,9890,Uncategorized
MTAKU,Market Technology Acquisition Corp Unit,10.0,10.0,10.0,10.0,10.0,0.0,2600,Finance
MUZE,Muzero Acquisition Corp Class A Ordinary Shares,10.01,10.010000228881836,10.010000228881836,10.010000228881836,10.010000228881836,0.0,2200,Finance
MUZEW,Muzero Acquisition Corp Warrant,0.34,0.23010000586509705,0.2538999915122986,0.23010000586509705,0.2538999915122986,0.0,8348,Finance
MXE,Mexico Equity and Income Fund Inc. (The) Common Stock,12.49,12.460000038146973,12.539999961853027,12.25,12.539999961853027,0.0,485,Finance
MXF,Mexico Fund Inc. (The) Common Stock,20.05,20.110000610351562,20.3799991607666,19.90999984741211,20.239999771118164,0.0,67697,Finance
MYN,Blackrock MuniYield New York Quality Fund Inc.Common Stock,8.75,8.770000457763672,9.0,8.760000228881836,8.920000076293945,0.0,413153,Finance
MYX,Maywood Acquisition Corp. 2 Class A Ordinary Share,10.03,10.029999732971191,10.029999732971191,10.029999732971191,10.029999732971191,0.0,13,Finance
MYXXR,Maywood Acquisition Corp. 2 Rights,0.1823,0.1860000044107437,0.1859000027179718,0.1859000027179718,0.1859000027179718,0.0,1,Finance
NAC,Nuveen California Quality Municipal Income Fund,9.99,9.949999809265137,10.119999885559082,9.90999984741211,10.0600004196167,0.0,2230905,Finance
NAD,Nuveen Quality Municipal Income Fund Common Stock,9.96,9.979999542236328,10.210000038146973,9.979999542236328,10.15999984741211,0.0,2111137,Finance
NAZ,Nuveen Arizona Quality Municipal Income Fund Common Stock,10.99,10.890000343322754,11.079999923706055,10.779999732971191,10.829999923706055,0.0,10738,Finance
NBB,Nuveen Taxable Municipal Income Fund Common Shares of Beneficial Interest,14.08,14.069999694824219,14.210000038146973,14.020000457763672,14.079999923706055,0.0,67694,Finance
NBH,Neuberger Municipal Fund Inc. Common Stock,8.99,8.960000038146973,9.130000114440918,8.9399995803833,9.0600004196167,0.0,195130,Finance
NBXG,Neuberger Next Generation Connectivity Fund Inc. Common Stock,16.16,16.329999923706055,16.389999389648438,16.209999084472656,16.31999969482422,0.0,124385,Finance
NCA,Nuveen California Municipal Value Fund,8.27,8.260000228881836,8.329999923706055,8.239999771118164,8.25,0.0,184338,Finance
NCO,Southern Cross Acquisition I Corp. Ordinary Shares,9.96,9.960000038146973,9.960000038146973,9.960000038146973,9.960000038146973,0.0,8,Uncategorized
NCOOW,Southern Cross Acquisition I Corp. Warrants,0.0311,0.031099999323487282,0.031099999323487282,0.031099999323487282,0.031099999323487282,0.0,43,Uncategorized
NEA,Nuveen AMT-Free Quality Municipal Income Fund Common Shares of Beneficial Interest Par Value $.01,9.81,9.859999656677246,10.029999732971191,9.819999694824219,10.0,0.0,2332241,Finance
NEWTH,NewtekOne Inc. 8.625% Fixed Rate Senior Notes due 2029,25.12,25.110000610351562,25.260000228881836,25.079999923706055,25.114999771118164,0.0,8631,Finance
NEWTO,NewtekOne Inc. 8.50% Fixed Rate Senior Notes due 2031,24.97,25.110000610351562,25.110000610351562,25.0,25.0,0.0,1553,Finance
NFJ,Virtus Dividend Interest & Premium Strategy Fund Common Shares of Beneficial Interest,15.11,15.069999694824219,15.069999694824219,14.729999542236328,14.729999542236328,0.0,252685,Finance
NHIV,NewHold Investment Corp IV Class A Ordinary Shares,10.05,10.050000190734863,10.050000190734863,10.050000190734863,10.050000190734863,0.0,12,Finance
NHS,Neuberger High Yield Strategies Fund Inc. Common Stock,5.39,5.409999847412109,5.440000057220459,5.380000114440918,5.440000057220459,0.0,271730,Finance
NIM,Nuveen Select Maturities Municipal Fund Common Stock,8.61,8.579999923706055,8.770000457763672,8.579999923706055,8.699999809265137,0.0,33694,Finance
NKX,Nuveen California AMT-Free Quality Municipal Income Fund,10.41,10.380000114440918,10.600000381469727,10.359999656677246,10.569999694824219,0.0,501124,Finance
NMAI,Nuveen Multi-Asset Income Fund Common Shares of Beneficial Interest,13.46,13.539999961853027,13.8100004196167,13.399999618530273,13.800000190734863,0.0,749266,Finance
NMI,Nuveen Municipal Income Fund Inc. Common Stock,9.19,9.119999885559082,9.3100004196167,9.119999885559082,9.260000228881836,0.0,60904,Finance
NML,Neuberger Energy Infrastructure and Income Fund Inc. Common Stock,10.06,10.149999618530273,10.329999923706055,10.069999694824219,10.329999923706055,0.0,182619,Finance
NMP,NMP Acquisition Corp. Class A Ordinary Shares,10.37,10.369999885559082,10.369999885559082,10.369999885559082,10.369999885559082,0.0,15,Finance
NMPAR,NMP Acquisition Corp. Right,0.238,0.23800000548362732,0.23800000548362732,0.23800000548362732,0.23800000548362732,0.0,132,Finance
NMS,Nuveen Minnesota Quality Municipal Income Fund ,9.76,9.789999961853027,9.850000381469727,9.760000228881836,9.829999923706055,0.0,28263,Finance
NMT,Nuveen Massachusetts Quality Municipal Income Fund Common Stock,10.15,10.140000343322754,10.25,10.020000457763672,10.170000076293945,0.0,37848,Finance
NMZ,Nuveen Municipal High Income Opportunity Fund Common Stock $0.01 par value per share,8.76,8.789999961853027,8.9399995803833,8.760000228881836,8.9399995803833,0.0,2050704,Finance
NNY,Nuveen New York Municipal Value Fund Common Stock,7.9,7.860000133514404,8.119999885559082,7.820000171661377,7.869999885559082,0.0,92680,Finance
NOEM,CO2 Energy Transition Corp. Common Stock,10.51,10.630000114440918,10.630000114440918,10.630000114440918,10.630000114440918,0.0,22,Uncategorized
NOEMR,CO2 Energy Transition Corp. Right,0.1824,0.18240000307559967,0.18240000307559967,0.18240000307559967,0.18240000307559967,0.0,200,Uncategorized
NOEMU,CO2 Energy Transition Corp. Unit,11.73,11.09000015258789,11.805399894714355,11.09000015258789,11.805399894714355,0.0,19176,Uncategorized
NOEMW,CO2 Energy Transition Corp. Warrant,0.1162,0.14000000059604645,0.11500000208616257,0.10499999672174454,0.10499999672174454,0.0,332,Uncategorized
NPAC,New Providence Acquisition Corp. III Class A Ordinary Shares,10.533,10.515000343322754,10.539999961853027,10.510000228881836,10.539999961853027,0.0,615,Finance
NPACU,New Providence Acquisition Corp. III Units,10.59,10.59000015258789,10.59000015258789,10.59000015258789,10.59000015258789,0.0,21,Finance
NPCT,Nuveen Core Plus Impact Fund Common Shares of Beneficial Interest,9.05,9.010000228881836,9.130000114440918,9.0,9.119999885559082,0.0,86549,Finance
NPFD,Nuveen Variable Rate Preferred & Income Fund Common Shares,17.41,17.43000030517578,17.579999923706055,17.3700008392334,17.549999237060547,0.0,79207,Finance
NPV,Nuveen Virginia Quality Municipal Income Fund Common Stock,9.31,9.350000381469727,9.479999542236328,9.300000190734863,9.420000076293945,0.0,168338,Finance
NRK,Nuveen New York AMT-Free Quality Municipal Income Fund ,9.17,9.210000038146973,9.25,9.09000015258789,9.239999771118164,0.0,696977,Finance
NRO,Neuberger Real Estate Securities Income Fund Inc. Common Stock,2.52,2.5199999809265137,2.559999942779541,2.5199999809265137,2.549999952316284,0.0,229576,Finance
NRUC,National Rural Utilities Cooperative Finance Corporation 5.500% Subordinated Notes due 2064 (Subordinated Deferrable Interest Notes),20.64,20.649999618530273,20.770000457763672,20.309999465942383,20.309999465942383,0.0,7241,Finance
NSAI,NorthStrive Acquisition Corp I. Class A Ordinary Shares,9.885,9.890000343322754,9.890000343322754,9.890000343322754,9.890000343322754,0.0,1518,Uncategorized
NSAIR,NorthStrive Acquisition Corp I. Rights,0.14,0.14000000059604645,0.14000000059604645,0.14000000059604645,0.14000000059604645,0.0,100,Uncategorized
NSAIU,NorthStrive Acquisition Corp I. Units,10.0397,10.029999732971191,10.039999961853027,10.029999732971191,10.039999961853027,0.0,318,Uncategorized
NSAIW,NorthStrive Acquisition Corp I. Warrants,0.0498,0.05000000074505806,0.05000000074505806,0.05000000074505806,0.05000000074505806,0.0,27802,Uncategorized
NTWO,Newbury Street II Acquisition Corp Class A Ordinary Shares,10.85,10.890000343322754,10.890000343322754,10.800000190734863,10.8100004196167,0.0,258115,Uncategorized
NTWOW,Newbury Street II Acquisition Corp Warrant,0.9282,0.9200000166893005,0.949999988079071,0.8320009708404541,0.8500000238418579,0.0,11699,Uncategorized
NUV,Nuveen Municipal Value Fund Inc. Common Stock,8.14,8.149999618530273,8.270000457763672,8.109999656677246,8.239999771118164,0.0,1561322,Finance
NUW,Nuveen AMT-Free Municipal Value Fund,12.89,12.979999542236328,13.140000343322754,12.869999885559082,13.140000343322754,0.0,203809,Finance
NVG,Nuveen AMT-Free Municipal Credit Income Fund ,10.43,10.329999923706055,10.640000343322754,10.329999923706055,10.600000381469727,0.0,1939349,Finance
NZF,Nuveen Municipal Credit Income Fund ,10.75,10.710000038146973,10.930000305175781,10.680000305175781,10.890000343322754,0.0,1797795,Finance
OACC,Oaktree Acquisition Corp. III Life Sciences Class A Ordinary Share,10.76,10.760000228881836,10.760000228881836,10.760000228881836,10.760000228881836,0.0,280262,Finance
OCCIM,OFS Credit Company Inc. 7.875% Series F Term Preferred Stock,24.85,24.889999389648438,24.969999313354492,24.889999389648438,24.934999465942383,0.0,2321,Uncategorized
OCLT,OceanLight Acquisition Corporation Ordinary Shares,9.89,9.890000343322754,9.899999618530273,9.880000114440918,9.890000343322754,0.0,1206,Finance
OCLTU,OceanLight Acquisition Corporation Units,10.1341,10.0600004196167,10.0600004196167,10.0600004196167,10.0600004196167,0.0,272,Finance
OFSSO,OFS Capital Corporation 7.50% Notes due 2028,26.0,25.649999618530273,25.93000030517578,25.0,25.25,0.0,5,Uncategorized
OHAC,Oceanhawk Acquisition Corp. Class A Ordinary Shares,9.99,9.989999771118164,9.989999771118164,9.989999771118164,9.989999771118164,0.0,91,Uncategorized
OIM,OneIM Acquisition Corp. Class A Ordinary Shares,10.13,10.119999885559082,10.119999885559082,10.119999885559082,10.119999885559082,0.0,142,Uncategorized
OIMAU,OneIM Acquisition Corp. Units,10.2001,10.199999809265137,10.199999809265137,10.199999809265137,10.199999809265137,0.0,202,Finance
OIMAW,OneIM Acquisition Corp. Warrant,0.65,0.0,0.6499999761581421,0.6499999761581421,0.6499999761581421,0.0,17,Uncategorized
ONCH,1RT Acquisition Corp. Class A Ordinary Share,10.34,10.34000015258789,10.34000015258789,10.34000015258789,10.34000015258789,0.0,10,Uncategorized
ONCHW,1RT Acquisition Corp. Warrant,0.4499,,,,,0.0,14,Finance
OPP,RiverNorth/DoubleLine Strategic Opportunity Fund Inc. Common Stock,6.91,6.96999979019165,7.019999980926514,6.889999866485596,6.949999809265137,0.0,96218,Finance
OSPR,Osprey Acquisition Corp. III Class A Ordinary Shares,9.82,9.8100004196167,9.829999923706055,9.8100004196167,9.829999923706055,0.0,3935,Finance
OTGA,OTG Acquisition Corp. I Class A Ordinary Share ,10.27,10.260000228881836,10.260000228881836,10.260000228881836,10.260000228881836,0.0,499716,Finance
OXLCG,Oxford Lane Capital Corp. 7.95% Notes due 2032,24.97,24.65999984741211,24.799999237060547,24.65999984741211,24.799999237060547,0.0,9723,Finance
OXLCI,Oxford Lane Capital Corp. 8.75% Notes due 2030,25.319,25.219999313354492,25.280000686645508,25.211999893188477,25.280000686645508,0.0,13283,Uncategorized
OXSQH,Oxford Square Capital Corp. 7.75% Notes due 2030,25.0,25.040000915527344,25.040000915527344,24.969999313354492,25.040000915527344,0.0,1204,Finance
OYSE,Oyster Enterprises II Acquisition Corp Class A Ordinary Shares,10.42,10.420000076293945,10.420000076293945,10.420000076293945,10.420000076293945,0.0,15104,Finance
PAACU,Proem Acquisition Corp I Units,10.3,10.300000190734863,10.300000190734863,10.300000190734863,10.300000190734863,0.0,100,Finance
PAACW,Proem Acquisition Corp I Warrants,0.45,0.4700999855995178,0.49000000953674316,0.4699999988079071,0.48989999294281006,0.0,31069,Finance
PACH,Pioneer Acquisition I Corp Class A Ordinary Shares,10.4,10.350000381469727,10.359999656677246,10.350000381469727,10.359999656677246,0.0,73,Uncategorized
PACHW,Pioneer Acquisition I Corp Warrants,0.12,0.11999999731779099,0.11999999731779099,0.11999999731779099,0.11999999731779099,0.0,160,Uncategorized
PAI,Western Asset Investment Grade Income Fund Inc.,11.35,11.329999923706055,11.380000114440918,11.25,11.350000381469727,0.0,13398,Finance
PALO,Paloma Acquisition Corp I Class A Ordinary Shares,9.985,9.989999771118164,9.989999771118164,9.989999771118164,9.989999771118164,0.0,42,Finance
PAXS,PIMCO Access Income Fund Common Shares of Beneficial Interest,13.12,13.109999656677246,13.300000190734863,13.109999656677246,13.289999961853027,0.0,210770,Finance
PCAP,ProCap Acquisition Corp Class A Ordinary Shares,10.4,10.399999618530273,10.399999618530273,10.399999618530273,10.399999618530273,0.0,50415,Finance
PCAPU,ProCap Acquisition Corp Unit,10.47,10.470000267028809,10.489999771118164,10.470000267028809,10.470000267028809,0.0,2115,Uncategorized
PCF,High Income Securities Fund Common Stock,5.06,5.039999961853027,5.070000171661377,5.019999980926514,5.050000190734863,0.0,102446,Finance
PCM,PCM Fund Inc. Common Stock,5.0,5.03000020980835,5.039999961853027,5.0,5.010000228881836,0.0,43687,Finance
PCN,Pimco Corporate & Income Strategy Fund Common Stock,10.61,10.609999656677246,10.800000190734863,10.579999923706055,10.789999961853027,0.0,597455,Finance
PCQ,PIMCO California Municipal Income Fund Common Stock,7.63,7.590000152587891,7.78000020980835,7.570000171661377,7.760000228881836,0.0,491013,Finance
PDT,John Hancock Premium Dividend Fund,11.68,11.670000076293945,11.859999656677246,11.640000343322754,11.84000015258789,0.0,174385,Finance
PECE,Peace Acquisition Corp Ordinary Shares,10.0,9.989999771118164,10.0,9.979999542236328,9.989999771118164,0.0,2911,Finance
PECER,Peace Acquisition Corp Right,0.405,0.4180000126361847,0.4180000126361847,0.4154999852180481,0.4180000126361847,0.0,646,Finance
PECEW,Peace Acquisition Corp Warrant,0.08,0.07999999821186066,0.07999999821186066,0.07999999821186066,0.07999999821186066,0.0,4606,Finance
PEO,Adams Natural Resources Fund Inc. Common Stock,28.07,27.950000762939453,28.299999237060547,27.780000686645508,28.229999542236328,0.0,46247,Finance
PFD,Flaherty & Crumrine Preferred and Income Fund Incorporated,10.53,10.539999961853027,10.649999618530273,10.470000267028809,10.600000381469727,0.0,27461,Finance
PFL,PIMCO Income Strategy Fund Shares of Beneficial Interest,6.85,6.869999885559082,6.949999809265137,6.829999923706055,6.940000057220459,0.0,463374,Finance
PFLA,PennantPark Floating Rate Capital Ltd. 7.375% Notes Due 2031,24.85,24.8799991607666,24.93000030517578,24.719999313354492,24.93000030517578,0.0,6763,Finance
PFN,PIMCO Income Strategy Fund II,6.19,6.210000038146973,6.320000171661377,6.210000038146973,6.320000171661377,0.0,413160,Finance
PFO,Flaherty & Crumrine Preferred and Income Opportunity Fund Incorporated,8.51,8.579999923706055,8.579999923706055,8.5,8.529999732971191,0.0,15000,Finance
PGAC,Pantages Capital Acquisition Corporation Class A Ordinary Shares,10.78,10.779999732971191,10.779999732971191,10.779999732971191,10.779999732971191,0.0,10,Uncategorized
PGACU,Pantages Capital Acquisition Corporation Unit,10.85,11.09000015258789,11.289999961853027,10.899999618530273,10.90999984741211,0.0,10,Uncategorized
PGP,Pimco Global StocksPlus & Income Fund Common Shares of Beneficial Interest,8.3172,8.399999618530273,8.399999618530273,8.270000457763672,8.359999656677246,0.0,45379,Finance
PHK,Pimco High Income Fund,4.06,4.079999923706055,4.21999979019165,4.059999942779541,4.199999809265137,0.0,1651409,Finance
PLCI,Pelican Acquisition II Corporation Ordinary Shares,9.92,9.920000076293945,9.920000076293945,9.920000076293945,9.920000076293945,0.0,6,Finance
PLMK,Plum Acquisition Corp. IV Class A Ordinary Shares,10.69,10.6899995803833,10.6899995803833,10.6899995803833,10.6899995803833,0.0,1232,Uncategorized
PLMKU,Plum Acquisition Corp. IV Unit,10.76,10.760000228881836,10.760000228881836,10.760000228881836,10.760000228881836,0.0,5,Uncategorized
PLMKW,Plum Acquisition Corp. IV Warrants,0.4,0.30000001192092896,0.4000000059604645,0.39500001072883606,0.39500001072883606,0.0,5002,Uncategorized
PML,Pimco Municipal Income Fund II Common Shares of Beneficial Interest,6.47,6.449999809265137,6.559999942779541,6.420000076293945,6.539999961853027,0.0,1356102,Finance
PMTR,Perimeter Acquisition Corp. I Class A Ordinary Shares,10.43,10.430000305175781,10.430000305175781,10.430000305175781,10.430000305175781,0.0,315559,Finance
PMTV,PennyMac Mortgage Investment Trust 9.00% Senior Notes due 2030,25.18,25.329999923706055,25.329999923706055,25.059999465942383,25.1200008392334,0.0,49608,Real Estate
PMTW,PennyMac Mortgage Investment Trust 9.00% Senior Notes due 2030,25.11,25.110000610351562,25.110000610351562,25.020000457763672,25.049999237060547,0.0,18963,Real Estate
PNI,Pimco New York Municipal Income Fund II Common Shares of Beneficial Interest,6.13,6.099999904632568,6.130000114440918,6.03000020980835,6.099999904632568,0.0,78240,Finance
POLE,Andretti Acquisition Corp. II Class A Ordinary Shares,10.74,10.739999771118164,10.739999771118164,10.739999771118164,10.739999771118164,0.0,844,Uncategorized
POLEW,Andretti Acquisition Corp. II Warrant,0.1099,0.30000001192092896,0.10570000112056732,0.10000000149011612,0.10000000149011612,0.0,53,Uncategorized
PTAC,Patriot Acquisition Corp. Class A Ordinary Shares,9.96,9.960000038146973,9.960000038146973,9.960000038146973,9.960000038146973,0.0,6,Finance
PTOR,Praetorian Acquisition Corp. Class A Ordinary Shares,9.96,9.960000038146973,9.960000038146973,9.960000038146973,9.960000038146973,0.0,61112,Finance
PTORU,Praetorian Acquisition Corp. Units,10.08,10.079999923706055,10.079999923706055,10.079999923706055,10.079999923706055,0.0,1006,Uncategorized
PTORW,Praetorian Acquisition Corp. Warrant,0.305,,,,,0.0,67,Finance
PTY,Pimco Corporate & Income Opportunity Fund,10.8,10.720000267028809,10.899999618530273,10.699999809265137,10.890000343322754,0.0,2425482,Finance
PWRL,Powerlaw Corp. Common Stock,12.4,12.329999923706055,12.489999771118164,12.149999618530273,12.300000190734863,0.0,305268,Uncategorized
PYT,PPlus Tr GSC-2 Tr Ctf Fltg Rate,23.7447,23.739999771118164,23.739999771118164,23.739999771118164,23.739999771118164,0.0,13,Finance
QADR,QDRO Acquisition Corp. Class A Ordinary Shares,10.01,10.010000228881836,10.010000228881836,10.010000228881836,10.010000228881836,0.0,8,Finance
QETA,Quetta Acquisition Corporation Common Stock,11.79,11.789999961853027,11.789999961853027,11.789999961853027,11.789999961853027,0.0,529,Finance
QETAR,Quetta Acquisition Corporation Right,0.49,0.49000000953674316,0.49000000953674316,0.49000000953674316,0.49000000953674316,0.0,202,Finance
QQQX,Nuveen NASDAQ 100 Dynamic Overwrite Fund Shares of Beneficial Interest,30.49,30.440000534057617,30.959999084472656,30.40999984741211,30.959999084472656,0.0,95722,Finance
QSEA,Quartzsea Acquisition Corporation Ordinary Shares,10.72,10.720000267028809,10.720000267028809,10.720000267028809,10.720000267028809,0.0,204,Finance
QSEAR,Quartzsea Acquisition Corporation Rights,0.2498,0.24979999661445618,0.24979999661445618,0.24979999661445618,0.24979999661445618,0.0,200,Finance
QUMS,Quantumsphere Acquisition Corp. Ordinary Shares,10.35,10.350000381469727,10.350000381469727,10.350000381469727,10.350000381469727,0.0,142078,Uncategorized
QUMSR,Quantumsphere Acquisition Corp. Rights,0.0602,0.06019999831914902,0.06030000001192093,0.06030000001192093,0.06030000001192093,0.0,218,Uncategorized
QUMSU,Quantumsphere Acquisition Corp. Units,10.38,10.380000114440918,10.380000114440918,10.380000114440918,10.380000114440918,0.0,1,Uncategorized
RA,Brookfield Real Assets Income Fund Inc. Common Stock,11.42,11.449999809265137,11.600000381469727,11.40999984741211,11.600000381469727,0.0,407924,Finance
RACC,Research Alliance Corporation III Class A Ordinary Shares,10.37,10.449999809265137,10.449999809265137,10.300000190734863,10.300000190734863,0.0,36007,Finance
RACD,Research Alliance Corporation IV Class A Ordinary Shares,11.7,11.699999809265137,11.699999809265137,11.699999809265137,11.699999809265137,0.0,10650,Uncategorized
RANG,Range Capital Acquisition Corp. Ordinary Shares,10.86,10.880000114440918,10.880000114440918,10.880000114440918,10.880000114440918,0.0,35,Finance
RANGR,Range Capital Acquisition Corp. Rights,0.3,0.3100000023841858,0.3100000023841858,0.23510000109672546,0.25999999046325684,0.0,286,Finance
RANGU,Range Capital Acquisition Corp. Units,11.3151,11.3149995803833,11.3149995803833,11.3149995803833,11.3149995803833,0.0,7,Finance
RCD,Ready Capital Corporation 9.00% Senior Notes due 2029,22.68,22.6200008392334,22.639999389648438,22.56999969482422,22.6200008392334,0.0,19026,Real Estate
RCG,RENN Fund Inc Common Stock,2.9784,2.9100000858306885,2.950000047683716,2.9100000858306885,2.950000047683716,0.0,477,Finance
RCS,PIMCO Strategic Income Fund Inc.,5.04,5.079999923706055,5.119999885559082,5.03000020980835,5.050000190734863,0.0,84949,Finance
RDAG,Republic Digital Acquisition Company Class A Ordinary Shares,10.44,10.449999809265137,10.449999809265137,10.449999809265137,10.449999809265137,0.0,61,Finance
RDAGW,Republic Digital Acquisition Company Warrants,0.2496,0.4099999964237213,0.45500001311302185,0.45500001311302185,0.20000000298023224,0.0,1978,Finance
RIV,RiverNorth Opportunities Fund Inc. Common Stock,10.4,10.479999542236328,10.489999771118164,10.399999618530273,10.470000267028809,0.0,67083,Finance
RNAQ,Rainier Acquisition Corporation Class A Ordinary Shares,10.0401,10.039999961853027,10.039999961853027,10.039999961853027,10.039999961853027,0.0,1575,Finance
RNAQU,Rainier Acquisition Corporation Units,10.1203,10.100000381469727,10.130000114440918,10.010000228881836,10.079999923706055,0.0,17321,Finance
RNGT,Range Capital Acquisition Corp II Class A Ordinary Shares,10.19,10.1899995803833,10.1899995803833,10.1899995803833,10.1899995803833,0.0,14,Finance
RREV,RRE Ventures Acquisition Corp. Class A Ordinary Shares,9.92,9.920000076293945,9.920000076293945,9.920000076293945,9.920000076293945,0.0,28,Finance
RREVU,RRE Ventures Acquisition Corp. Units,10.07,10.069999694824219,10.069999694824219,10.069999694824219,10.069999694824219,0.0,507,Finance
RREVW,RRE Ventures Acquisition Corp. Warrants,0.3751,0.3750999867916107,0.3750999867916107,0.3750999867916107,0.3750999867916107,0.0,1003,Finance
RTAC,Renatus Tactical Acquisition Corp I Class A Ordinary Shares,10.43,10.4350004196167,10.4399995803833,10.430000305175781,10.430000305175781,0.0,100810,Finance
RTACU,Renatus Tactical Acquisition Corp I Unit,10.705,10.690999984741211,10.829999923706055,10.680000305175781,10.739999771118164,0.0,2020,Finance
RTACW,Renatus Tactical Acquisition Corp I Warrant,0.493,0.5389999747276306,0.5699999928474426,0.46000000834465027,0.5,0.0,350,Finance
RWAYI,Runway Growth Finance Corp. 7.25% Notes due 2031,24.5,24.420000076293945,24.469999313354492,24.40999984741211,24.40999984741211,0.0,7000,Finance
RWAYM,Runway Growth Finance Corp. 7.75% Notes Due 2031,24.8,24.850000381469727,25.0,24.799999237060547,24.90999984741211,0.0,31697,Finance
RWTP,Redwood Trust Inc. 9.125% Senior Notes Due 2030,22.2,21.260000228881836,21.440000534057617,20.700000762939453,21.39900016784668,0.0,2842,Real Estate
RWTQ,Redwood Trust Inc. 9.500% Senior Notes Due 2030,20.94,20.8700008392334,20.8700008392334,20.43000030517578,20.520000457763672,0.0,19687,Real Estate
RWTS,Redwood Trust Inc. 9.75% Senior Notes Due 2031,20.905,20.969999313354492,20.969999313354492,20.06999969482422,20.84000015258789,0.0,50267,Real Estate
SAAQ,Space Asset Acquisition Corp. Class A Ordinary Shares,10.051,10.039999961853027,10.039999961853027,10.039999961853027,10.039999961853027,0.0,275,Finance
SAAQU,Space Asset Acquisition Corp. Units,10.19,10.1899995803833,10.1899995803833,10.1899995803833,10.1899995803833,0.0,228,Finance
SAAQW,Space Asset Acquisition Corp. Warrants,0.53,0.49000000953674316,0.49000000953674316,0.44999998807907104,0.4799000024795532,0.0,709,Finance
SABA,Saba Capital Income & Opportunities Fund II Shares of Beneficial Interest,7.9,7.920000076293945,7.920000076293945,7.809999942779541,7.860000133514404,0.0,53138,Uncategorized
SAV,Saratoga Investment Corp 7.50% Notes due 2031,24.7,24.700000762939453,24.969999313354492,24.700000762939453,24.829999923706055,0.0,4103,Finance
SAX,Saratoga Investment Corp 8.00% Notes due 2031,25.37,25.3700008392334,25.399999618530273,25.290000915527344,25.34000015258789,0.0,7265,Finance
SBI,Western Asset Intermediate Muni Fund Inc Common Stock,6.93,6.96999979019165,7.050000190734863,6.920000076293945,7.019999980926514,0.0,108635,Finance
SCATU,Southern Cross Acquisition II Corp. Units,10.035,10.050000190734863,10.050000190734863,10.029999732971191,10.029999732971191,0.0,1089,Finance
SCD,LMP Capital and Income Fund Inc. Common Stock,14.68,14.670000076293945,14.8100004196167,14.630000114440918,14.720000267028809,0.0,89058,Finance
SCII,SC II Acquisition Corp. Class A ordinary share,10.17,10.170000076293945,10.170000076293945,10.170000076293945,10.170000076293945,0.0,45007,Uncategorized
SCPQ,Social Commerce Partners Corporation Class A Ordinary Shares,10.07,10.069999694824219,10.069999694824219,10.069999694824219,10.069999694824219,0.0,6509,Uncategorized
SCPQU,Social Commerce Partners Corporation Unit,10.3,10.300000190734863,10.300000190734863,10.300000190734863,10.300000190734863,0.0,100,Uncategorized
SDHI,Siddhi Acquisition Corp Class A Common stock,10.55,10.569999694824219,10.59000015258789,10.569999694824219,10.59000015258789,0.0,50453,Finance
SHOT,RMG ML Sports Holdings Class A Ordinary Shares,9.86,9.859999656677246,9.859999656677246,9.859999656677246,9.859999656677246,0.0,13,Uncategorized
SHOTU,RMG ML Sports Holdings Unit,10.02,10.020000457763672,10.020000457763672,10.020000457763672,10.020000457763672,0.0,5,Uncategorized
SIMA,SIM Acquisition Corp. I Class A Ordinary Shares,11.1,11.069999694824219,11.380000114440918,11.005000114440918,11.380000114440918,0.0,12488,Miscellaneous
SOCA,Solarius Capital Acquisition Corp. Class A Ordinary Share,10.36,10.359999656677246,10.359999656677246,10.359999656677246,10.359999656677246,0.0,509,Uncategorized
SOCAU,Solarius Capital Acquisition Corp. Units,10.4,10.399999618530273,10.399999618530273,10.399999618530273,10.399999618530273,0.0,890,Finance
SOCAW,Solarius Capital Acquisition Corp. Warrant,0.1999,0.1889999955892563,0.1889999955892563,0.15000000596046448,0.15000000596046448,0.0,400,Uncategorized
SOJF,Southern Company (The) Series 2025A 6.50% Junior Subordinated Notes due March 15 2085,23.26,23.31999969482422,23.34000015258789,23.030000686645508,23.18000030517578,0.0,64954,Utilities
SORN,Soren Acquisition Corp. Class A Ordinary Shares,10.04,10.039999961853027,10.039999961853027,10.039999961853027,10.039999961853027,0.0,9,Finance
SPE,Special Opportunities Fund Inc Common Stock,12.6,12.649999618530273,12.720000267028809,12.59000015258789,12.65999984741211,0.0,39702,Finance
SPEG,Silver Pegasus Acquisition Corp Class A Ordinary Shares,10.4,10.399999618530273,10.430000305175781,10.399999618530273,10.430000305175781,0.0,2429,Uncategorized
SPEGR,Silver Pegasus Acquisition Corp Rights.,0.1699,0.16990000009536743,0.16990000009536743,0.16990000009536743,0.16990000009536743,0.0,148,Uncategorized
SPEGU,Silver Pegasus Acquisition Corp Unit,10.48,10.479999542236328,10.479999542236328,10.479999542236328,10.479999542236328,0.0,12,Uncategorized
SPKL,Spark I Acquisition Corp. Class A Ordinary Share,11.56,11.600000381469727,11.640000343322754,11.5600004196167,11.579999923706055,0.0,55012,Miscellaneous
SPKLU,Spark I Acquisition Corp. Unit,11.91,11.930000305175781,11.930000305175781,11.930000305175781,11.930000305175781,0.0,642,Miscellaneous
SPKLW,Spark I Acquisition Corp. Warrant,0.84,0.5051000118255615,0.8999999761581421,0.7749999761581421,0.8349999785423279,0.0,18548,Miscellaneous
SPXX,Nuveen S&P 500 Dynamic Overwrite Fund,18.67,18.649999618530273,18.850000381469727,18.610000610351562,18.719999313354492,0.0,197073,Finance
SRJN,Spire Inc. 6.375% Junior Subordinated Notes due 2086,21.33,21.450000762939453,21.5,21.25,21.25,0.0,14421,Utilities
SRV,NXG Cushing Midstream Energy Fund Common Shares of Beneficial Interest,43.34,43.27000045776367,44.63999938964844,43.08000183105469,44.06999969482422,0.0,35986,Finance
SSAC,SPACSphere Acquisition Corp. Class A Ordinary Shares,10.14,10.149999618530273,10.149999618530273,10.149999618530273,10.149999618530273,0.0,1161,Finance
SSACR,SPACSphere Acquisition Corp. Rights,0.18,0.16089999675750732,0.18000000715255737,0.18000000715255737,0.18000000715255737,0.0,4,Finance
SSACU,SPACSphere Acquisition Corp. Unit,10.31,10.3100004196167,10.3100004196167,10.3100004196167,10.3100004196167,0.0,2,Finance
SSACW,SPACSphere Acquisition Corp. Warrant,0.0501,0.05119999870657921,0.05130000039935112,0.05130000039935112,0.05130000039935112,0.0,13697,Finance
SSEA,Starry Sea Acquisition Corp	Ordinary Shares,10.37,10.350000381469727,10.350000381469727,10.350000381469727,10.350000381469727,0.0,11,Finance
SSEAR,Starry Sea Acquisition Corp Rights,0.14,0.07999999821186066,0.11999999731779099,0.07010000199079514,0.11999999731779099,0.0,200,Finance
STEW,SRH Total Return Fund Inc. Common Stock,17.57,17.579999923706055,17.739999771118164,17.559999465942383,17.600000381469727,0.0,62386,Finance
STK,Columbia Seligman Premium Technology Growth Fund Inc,55.29,56.0,56.869998931884766,55.34000015258789,56.2599983215332,0.0,33294,Finance
SVAQ,Silicon Valley Acquisition Corp. Class A Ordinary Shares,10.15,10.140000343322754,10.149999618530273,10.140000343322754,10.149999618530273,0.0,9859,Finance
SVAQU,Silicon Valley Acquisition Corp. Units,10.48,10.479999542236328,10.479999542236328,10.479999542236328,10.479999542236328,0.0,205,Finance
SVAQW,Silicon Valley Acquisition Corp. Warrants,0.4497,0.5239999890327454,0.550000011920929,0.46799999475479126,0.5400000214576721,0.0,8918,Finance
SVCC,Stellar V Capital Corp. Class A Ordinary Shares,10.72,10.720000267028809,10.720000267028809,10.720000267028809,10.720000267028809,0.0,65,Uncategorized
SVIV,Spring Valley Acquisition Corp. IV Class A Ordinary Shares,10.09,10.09000015258789,10.09000015258789,10.09000015258789,10.09000015258789,0.0,15,Finance
SVIVU,Spring Valley Acquisition Corp. IV Units,10.55,10.25,10.300000190734863,10.199999809265137,10.199999809265137,0.0,2,Finance
SVIVW,Spring Valley Acquisition Corp. IV Warrants,0.7251,0.6499999761581421,0.6499999761581421,0.6499999761581421,0.6499999761581421,0.0,24,Finance
SWZ,Total Return Securities Fund Common Stock,5.76,5.75,5.809999942779541,5.75,5.800000190734863,0.0,92321,Finance
SZZL,Sizzle Acquisition Corp. II Class A ordinary shares,10.485,10.489999771118164,10.489999771118164,10.489999771118164,10.489999771118164,0.0,60740,Finance
SZZLR,Sizzle Acquisition Corp. II Right,0.15,0.1396999955177307,0.1396999955177307,0.11999999731779099,0.1200999990105629,0.0,106,Finance
TACH,Titan Acquisition Corp. Class A Ordinary Shares,10.5301,10.520000457763672,10.550000190734863,10.520000457763672,10.550000190734863,0.0,29948,Finance
TACHW,Titan Acquisition Corp. Warrants,0.51,0.4499000012874603,0.5620999932289124,0.4300000071525574,0.5620999932289124,0.0,177,Finance
TACOU,Berto Acquisition Corp. Unit,10.7509,10.75100040435791,10.75100040435791,10.75100040435791,10.75100040435791,0.0,50,Finance
TAVI,Tavia Acquisition Corp. Ordinary Shares,10.7701,10.770000457763672,10.770000457763672,10.770000457763672,10.770000457763672,0.0,340,Finance
TAVIR,Tavia Acquisition Corp. Right,0.0808,0.08079999685287476,0.08079999685287476,0.07999999821186066,0.07999999821186066,0.0,115,Finance
TAVIU,Tavia Acquisition Corp. Unit,10.9,11.0,11.0,11.0,11.0,0.0,9,Finance
TBCV,Thunder Bridge Capital Partners V Ltd. Class A Ordinary Shares,9.83,9.779999732971191,9.800000190734863,9.779999732971191,9.800000190734863,0.0,98850,Finance
TBCVU,Thunder Bridge Capital Partners V Ltd. Units,9.92,9.949999809265137,9.949999809265137,9.920000076293945,9.920000076293945,0.0,15775,Finance
TBCVW,Thunder Bridge Capital Partners V Ltd. Warrants,0.32,0.3199999928474426,0.3199999928474426,0.3100000023841858,0.3100000023841858,0.0,5002,Finance
TCGX,TCGX Acquisition Corp. Class A Ordinary Shares,12.75,12.75,12.75,12.75,12.75,0.0,319,Uncategorized
TDAC,Translational Development Acquisition Corp. Ordinary Shares,10.825,10.843999862670898,10.843999862670898,10.800000190734863,10.819999694824219,0.0,4863,Uncategorized
TDACW,Translational Development Acquisition Corp. Warrants,1.2575,0.32499998807907104,1.350000023841858,1.2575000524520874,1.2575000524520874,0.0,2660,Uncategorized
TDF,Templeton Dragon Fund Inc. Common Stock,9.6,9.579999923706055,9.609999656677246,9.5,9.569999694824219,0.0,56050,Finance
TDWD,Tailwind 2.0 Acquisition Corp. Class A Ordinary Shares,10.13,10.130000114440918,10.130000114440918,10.130000114440918,10.130000114440918,0.0,737759,Finance
TEI,Templeton Emerging Markets Income Fund Inc. Common Stock,6.05,6.050000190734863,6.179999828338623,6.050000190734863,6.139999866485596,0.0,199103,Finance
THEO,BOA Acquisition Corp. II Class A Ordinary Shares,9.9106,9.899999618530273,9.899999618530273,9.899999618530273,9.899999618530273,0.0,40605,Finance
THEOU,BOA Acquisition Corp. II Units,10.2,10.199999809265137,10.199999809265137,10.199999809265137,10.199999809265137,0.0,14,Finance
THQ,abrdn Healthcare Opportunities Fund Shares of Beneficial Interest,17.75,17.809999465942383,17.899999618530273,17.479999542236328,17.530000686645508,0.0,122985,Finance
THW,abrdn World Healthcare Fund Shares of Beneficial Interest,12.26,12.3100004196167,12.369999885559082,12.121000289916992,12.279999732971191,0.0,188010,Finance
TLAC,Three Lions Acquisition Corp. Ordinary Shares,9.83,9.829999923706055,9.829999923706055,9.829999923706055,9.829999923706055,0.0,8736,Uncategorized
TLACU,Three Lions Acquisition Corp. Units,9.93,9.930000305175781,9.930000305175781,9.930000305175781,9.930000305175781,0.0,4073,Uncategorized
TLNC,Talon Capital Corp. Class A Ordinary Shares,10.3,10.300000190734863,10.300000190734863,10.300000190734863,10.300000190734863,0.0,76,Finance
TMTS,Spartacus Acquisition Corp. II Class A Ordinary Shares,10.03,10.029999732971191,10.029999732971191,10.029999732971191,10.029999732971191,0.0,9306,Uncategorized
TMUSI,T-Mobile US Inc. 5.500% Senior Notes due June 2070,18.87,18.809999465942383,19.1200008392334,18.40999984741211,18.729999542236328,0.0,21186,Telecommunications
TMUSL,T-Mobile US Inc. 6.250% Senior Notes due 2069,21.5,21.190000534057617,21.600000381469727,21.190000534057617,21.40999984741211,0.0,15428,Telecommunications
TMUSZ,T-Mobile US Inc. 5.500% Senior Notes due March 2070,18.63,18.780000686645508,18.780000686645508,18.3700008392334,18.670000076293945,0.0,19808,Telecommunications
TRGS,TRG Latin America Acquisitions Corp. Class A Ordinary Shares,9.97,9.970000267028809,9.970000267028809,9.970000267028809,9.970000267028809,0.0,26496,Finance
TRGSR,TRG Latin America Acquisitions Corp. Rights,0.1503,0.15600000321865082,0.15029999613761902,0.15029999613761902,0.15029999613761902,0.0,4,Finance
TSI,TCW Strategic Income Fund Inc. Common Stock,4.24,4.239999771118164,4.28000020980835,4.21999979019165,4.21999979019165,0.0,134851,Finance
TVA,Texas Ventures Acquisition III Corp Class A Ordinary Share,10.59,10.579999923706055,10.600000381469727,10.579999923706055,10.579999923706055,0.0,18959,Uncategorized
TVACU,Texas Ventures Acquisition III Corp Unit,10.7,10.699999809265137,10.699999809265137,10.699999809265137,10.699999809265137,0.0,1,Finance
TVACW,Texas Ventures Acquisition III Corp Warrants,0.2111,0.550000011920929,0.21979999542236328,0.1973000019788742,0.20000000298023224,0.0,14402,Uncategorized
TVAI,Thayer Ventures Acquisition Corporation II Class A Ordinary Shares,10.4,10.40999984741211,10.40999984741211,10.40999984741211,10.40999984741211,0.0,15,Uncategorized
TVAIU,Thayer Ventures Acquisition Corporation II Unit,10.47,10.470000267028809,10.470000267028809,10.470000267028809,10.470000267028809,0.0,1090,Finance
TVC,Tennessee Valley Authority Common Stock,23.7201,23.719999313354492,24.030000686645508,23.700000762939453,23.700000762939453,0.0,5809,Utilities
TVE,Tennessee Valley Authority,23.195,23.110000610351562,23.139999389648438,23.079999923706055,23.09000015258789,0.0,10977,Utilities
TVIV,Texas Ventures Acquisition IV Corp Class A Ordinary Shares,9.95,9.9399995803833,9.9399995803833,9.9399995803833,9.9399995803833,0.0,28658,Uncategorized
TVIVU,Texas Ventures Acquisition IV Corp Units,10.04,10.039999961853027,10.039999961853027,10.039999961853027,10.039999961853027,0.0,179,Uncategorized
TWLV,Twelve Seas Investment Company III Class A Ordinary Shares,10.07,10.069999694824219,10.079999923706055,10.069999694824219,10.069999694824219,0.0,13,Finance
TWN,Taiwan Fund Inc. (The) Common Stock,106.18,106.30999755859375,108.2699966430664,106.30999755859375,106.88999938964844,0.0,9959,Finance
USA,Liberty All-Star Equity Fund Common Stock,5.81,5.840000152587891,5.889999866485596,5.840000152587891,5.889999866485596,0.0,1777260,Finance
UTF,Cohen & Steers Infrastructure Fund Inc Common Stock,25.17,25.31999969482422,25.600000381469727,25.260000228881836,25.600000381469727,0.0,425507,Finance
UTG,Reaves Utility Income Fund Common Shares of Beneficial Interest,35.29,35.59000015258789,36.560001373291016,35.58000183105469,36.560001373291016,0.0,388875,Finance
UYSC,UY Scuti Acquisition Corp. Ordinary Shares,11.0,11.0,11.0,11.0,11.0,0.0,116,Finance
UYSCR,UY Scuti Acquisition Corp. Rights,0.1314,0.131400004029274,0.14300000667572021,0.14300000667572021,0.14300000667572021,0.0,368,Finance
VBF,Invesco Bond Fund Common Stock,14.16,14.170000076293945,14.229999542236328,14.149999618530273,14.1899995803833,0.0,38821,Finance
VGI,Virtus Global Multi-Sector Income Fund Common Shares of Beneficial Interest,6.66,6.650000095367432,6.730000019073486,6.639999866485596,6.699999809265137,0.0,34897,Finance
VHCP,Vine Hill Capital Investment Corp. II Class A Ordinary Shares,10.07,10.069999694824219,10.069999694824219,10.069999694824219,10.069999694824219,0.0,21,Uncategorized
VHCPU,Vine Hill Capital Investment Corp. II Units,10.1725,10.17300033569336,10.17300033569336,10.17300033569336,10.17300033569336,0.0,602,Finance
VLOS,Velos Acquisition I Corp. Class A Ordinary shares,10.735,10.75,10.75,10.734999656677246,10.734999656677246,0.0,5459,Uncategorized
VLOSU,Velos Acquisition I Corp. Units,11.1,10.789999961853027,10.789999961853027,10.789999961853027,10.789999961853027,0.0,1,Finance
VLT,Invesco High Income Trust II,9.02,9.020000457763672,9.109999656677246,9.020000457763672,9.050000190734863,0.0,13722,Finance
VNME,Vendome Acquisition Corporation I Class A Ordinary Shares,10.31,10.3100004196167,10.3100004196167,10.3100004196167,10.3100004196167,0.0,853165,Finance
VVR,Invesco Senior Income Trust Common Stock (DE),2.87,2.880000114440918,2.9000000953674316,2.869999885559082,2.890000104904175,0.0,727260,Finance
WDI,Western Asset Diversified Income Fund Common Shares of Beneficial Interest,11.7,11.680000305175781,11.779999732971191,11.680000305175781,11.760000228881836,0.0,514954,Finance
WEA,Western Asset Bond Fund Share of Beneficial Interest,9.83,9.800000190734863,9.84000015258789,9.760000228881836,9.829999923706055,0.0,46463,Finance
WENN,Wen Acquisition Corp Class A Ordinary Shares,10.42,10.420000076293945,10.420000076293945,10.420000076293945,10.420000076293945,0.0,11,Uncategorized
WENNW,Wen Acquisition Corp Warrant,0.22,0.2224999964237213,0.2224999964237213,0.2224999964237213,0.2224999964237213,0.0,1090,Finance
WIA,Western Asset Inflation-Linked Income Fund,7.64,7.619999885559082,7.639999866485596,7.559999942779541,7.570000171661377,0.0,22643,Finance
WIW,Western Asset Inflation-Linked Opportunities & Income Fund,7.91,7.949999809265137,7.949999809265137,7.869999885559082,7.929999828338623,0.0,237373,Finance
WLII,Willow Lane Acquisition Corp. II Class A Ordinary Shares,10.29,10.289999961853027,10.289999961853027,10.289999961853027,10.289999961853027,0.0,108,Finance
WLIIW,Willow Lane Acquisition Corp. II Warrants,0.69,0.801800012588501,0.8880000114440918,0.8880000114440918,0.8880000114440918,0.0,2,Finance
XCBE,X3 Acquisition Corp. Ltd. Class A Ordinary Shares,10.02,10.020000457763672,10.020000457763672,10.010000228881836,10.020000457763672,0.0,23,Uncategorized
XCBEW,X3 Acquisition Corp. Ltd. Warrant,0.2023,0.20399999618530273,0.20010000467300415,0.20010000467300415,0.20010000467300415,0.0,1003,Finance
XELLL,Xcel Energy Inc. 6.25% Junior Subordinated Notes Series due 2085,21.0856,21.1299991607666,21.34000015258789,20.889999389648438,21.209999084472656,0.0,78068,Utilities
XIII,Churchill Capital Corp XIII Class A Ordinary Shares,10.31,10.3100004196167,10.3100004196167,10.3100004196167,10.3100004196167,0.0,209,Uncategorized
XIIIU,Churchill Capital Corp XIII Units,10.58,10.579999923706055,10.579999923706055,10.579999923706055,10.579999923706055,0.0,5101,Uncategorized
XIIIW,Churchill Capital Corp XIII Warrants,1.5399,1.4600000381469727,1.5299999713897705,1.2999999523162842,1.2999999523162842,0.0,462,Uncategorized
XRPN,Armada Acquisition Corp. II Class A Ordinary Shares,38.65,22.510000228881836,23.594999313354492,17.219999313354492,19.200000762939453,0.0,2950153,Finance
XRPNU,Armada Acquisition Corp. II Units,35.0,19.799999237060547,20.0,19.799999237060547,20.0,0.0,4056,Finance
XRPNW,Armada Acquisition Corp. II Warrant,3.8,4.0,4.239999771118164,2.6301000118255615,3.8698999881744385,0.0,1060249,Finance
XSLL,Xsolla SPAC 1 Class A Ordinary Shares,10.0,10.0,10.0,10.0,10.0,0.0,513882,Finance
XSLLW,Xsolla SPAC 1 Warrants,0.1599,0.18019999563694,0.1598999947309494,0.1598999947309494,0.1598999947309494,0.0,4720,Finance
XTER,Karman Line Acquisition Corp. Class A Ordinary Shares,9.79,9.789999961853027,9.789999961853027,9.789999961853027,9.789999961853027,0.0,17853,Finance
XTERU,Karman Line Acquisition Corp. Units,9.9001,9.899999618530273,9.899999618530273,9.899999618530273,9.899999618530273,0.0,8,Uncategorized
YICC,Yorkville International Capital Corp. Class A Ordinary Shares,9.93,9.930000305175781,9.930000305175781,9.930000305175781,9.930000305175781,0.0,575,Finance
ZKP,Lafayette Digital Acquisition Corp. I Class A Ordinary Shares,10.04,10.039999961853027,10.039999961853027,10.039999961853027,10.039999961853027,0.0,25,Finance
ZKPU,Lafayette Digital Acquisition Corp. I Unit,10.08,10.079999923706055,10.079999923706055,10.079999923706055,10.079999923706055,0.0,6,Finance
ZTR,Virtus Total Return Fund Inc.,5.95,5.960000038146973,6.150000095367432,5.949999809265137,6.130000114440918,0.0,159462,Finance
ABR^D,Arbor Realty Trust 6.375% Series D Cumulative Redeemable Preferred Stock Liquidation Preference $25.00 per Share,13.36,,,,,,17954,Uncategorized
ABR^E,Arbor Realty Trust 6.25% Series E Cumulative Redeemable Preferred Stock,13.2,,,,,,7697,Uncategorized
ABR^F,Arbor Realty Trust 6.25% Series F Fixed-to-Floating Rate Cumulative Redeemable Preferred Stock Liquidation Preference $25.00 per share,18.17,,,,,,20011,Uncategorized
ACP^A,abrdn Income Credit Strategies Fund 5.250% Series A Perpetual Preferred Stock,17.85,,,,,,10712,Uncategorized
ACR^C,ACRES Commercial Realty Corp. 8.625% Fixed-to-Floating Series C Cumulative Redeemable Preferred Stock ,22.89,,,,,,19732,Uncategorized
ACR^D,ACRES Commercial Realty Corp. 7.875% Series D Cumulative Redeemable Preferred Stock,17.05,,,,,,10891,Uncategorized
ADC^A,Agree Realty Corporation Depositary Shares each representing 1/1000th of a 4.250% Series A Cumulative Redeemable Preferred Stock,15.92,,,,,,6900,Uncategorized
AGM^D,Federal Agricultural Mortgage Corporation 5.700% Non-Cumulative Preferred Stock Series D,19.1,,,,,,5767,Uncategorized
AGM^E,Federal Agricultural Mortgage Corporation 5.750% Non-Cumulative Preferred Stock Series E,19.03,,,,,,20307,Uncategorized
AGM^F,Federal Agricultural Mortgage Corporation 5.250% Non-Cumulative Preferred Stock Series F,17.5,,,,,,20057,Uncategorized
AGM^G,Federal Agricultural Mortgage Corporation 4.875% Non-Cumulative Preferred Stock Series G,16.56,,,,,,30501,Uncategorized
AGM^H,Federal Agricultural Mortgage Corporation 6.500% Non-Cumulative Preferred Stock Series H,21.49,,,,,,4085,Uncategorized
AGM^I,Federal Agricultural Mortgage Corporation 6.875% Non-Cumulative Preferred Stock Series I,23.62,,,,,,12057,Uncategorized
AHRT^A,AH Realty Trust Inc. 6.75% Series A Cumulative Redeemable Perpetual Preferred Stock,20.295,,,,,,4266,Uncategorized
AHT^D,Ashford Hospitality Trust Inc 8.45% Series D Cumulative Preferred Stock,4.35,,,,,,1422,Uncategorized
AHT^F,Ashford Hospitality Trust Inc 7.375% Series F Cumulative Preferred Stock,4.05,,,,,,436,Uncategorized
AHT^G,Ashford Hospitality Trust Inc 7.375% Series G Cumulative Preferred Stock,3.94,,,,,,1664,Uncategorized
AHT^H,Ashford Hospitality Trust Inc 7.50% Series H Cumulative Preferred Stock,3.9415,,,,,,1150,Uncategorized
AHT^I,Ashford Hospitality Trust Inc 7.50% Series I Cumulative Preferred Stock,4.13,,,,,,2333,Uncategorized
ALB^A,Albemarle Corporation Depositary Shares each representing a 1/20th of 7.25% Series A Mandatory Convertible Preferred Stock,45.01,,,,,,17329,Uncategorized
ALL^B,Allstate Corporation (The) 5.100% Fixed-to-Floating Rate Subordinated Debentures due 2053,25.77,,,,,,17259,Uncategorized
ALL^H,Allstate Corporation (The) Depositary Shares each representing a 1/1000th interest in a share of Fixed Rate Noncumulative Perpetual Preferred Stock Series H,17.73,,,,,,164822,Uncategorized
ALL^I,Allstate Corporation (The) Depositary Shares each representing a 1/1000th interest in a share of Fixed Rate Noncumulative Perpetual Preferred Stock Series I,16.8,,,,,,59752,Uncategorized
ALL^J,Allstate Corporation (The) Depositary Shares each representing a 1/1000th interest in a share of Fixed Rate Noncumulative Perpetual Preferred Stock Series J,25.4,,,,,,79766,Uncategorized
ALTG^A,Alta Equipment Group Inc. Depositary Shares (each representing 1/1000th in a share of 10% Series A Cumulative Perpetual Preferred Stock),25.93,,,,,,2558,Uncategorized
AMH^G,American Homes 4 Rent Series G cumulative redeemable perpetual preferred shares of beneficial interest,20.81,,,,,,6518,Uncategorized
AMH^H,American Homes 4 Rent Series H cumulative redeemable perpetual Preferred Shares of Beneficial Interest,22.3,,,,,,11328,Uncategorized
ANG^D,American National Group Inc. Depositary Shares each representing a 1/1000th interest in a share of 7.375% Fixed-Rate Non-Cumulative Preferred Stock Series D,23.7,,,,,,19948,Uncategorized
ARES^B,Ares Management Corporation 6.75% Series B Mandatory Convertible Preferred Stock,38.45,,,,,,73650,Uncategorized
ARR^C,ARMOUR Residential REIT Inc. 7% Series C Cumulative Redeemable Preferred Stock (liquidation preference $25.00 per share),19.1499,,,,,,22444,Uncategorized
ASB^E,Associated Banc-Corp Depositary Shares each representing a 1/40th interest in a share of 5.875% Non-Cumulative Perpetual Preferred Stock Series E,19.24,,,,,,6736,Uncategorized
ASB^F,Associated Banc-Corp Depositary Shares each representing a 1/40th interest in a share of Associated Banc-Corp 5.625% Non-Cumulative Perpetual Preferred Stock Series F,18.6701,,,,,,15336,Uncategorized
AUB^A,Atlantic Union Bankshares Corporation Depositary Shares each representing a 1/400th ownership interest in a share of 6.875% Perpetual Non-Cumulative Preferred Stock Series A,23.11,,,,,,7148,Uncategorized
BA^A,Boeing Company (The) Depositary Shares each representing a 1/20th interest in a share of 6.00% Series A Mandatory Convertible Preferred Stock par value $1.00,60.07,,,,,,63065,Uncategorized
BAC^B,Bank of America Corporation Depositary Shares each representing a 1/1000th interest in a share of 6.000% Non-Cumulative Preferred Stock Series GG,22.24,,,,,,155680,Uncategorized
BAC^E,Bank of America Corporation Depositary Sh repstg 1/1000th Perp Pfd Ser E,18.7,,,,,,19983,Uncategorized
BAC^K,Bank of America Corporation Depositary Shares each representing a 1/1000th interest in a share of 5.875% Non- Cumulative Preferred Stock Series HH,21.21,,,,,,140926,Uncategorized
BAC^L,Bank of America Corporation Non Cumulative Perpetual Conv Pfd Ser L,1195.0,,,,,,6317,Uncategorized
BAC^M,Bank of America Corporation Depositary Shares each representing a 1/1000th interest in a share of 5.375% Non-Cumulative Preferred Stock Series KK,19.07,,,,,,147500,Uncategorized
BAC^N,Bank of America Corporation Depositary shares each representing 1/1000th interest in a share of 5.000% Non-Cumulative Preferred Stock Series LL,17.84,,,,,,148028,Uncategorized
BAC^O,Bank of America Corporation Depositary shares each representing 1/1000th interest in a share of 4.375% Non-Cumulative Preferred Stock Series NN,15.7,,,,,,151623,Uncategorized
BAC^P,Bank of America Corporation Depositary Shares each representing a 1/1000th interest in a share of 4.125% Non-Cumulative Preferred Stock Series PP,15.21,,,,,,76351,Uncategorized
BAC^Q,Bank of America Corporation Depositary shares each representing 1/1000th interest in a share of 4.250% Non-Cumulative Preferred Stock Series QQ,15.28,,,,,,250345,Uncategorized
BAC^S,Bank of America Corporation Depositary shares each representing 1/1000th interest in a share of 4.750% Non-Cumulative Preferred Stock Series SS,17.01,,,,,,78912,Uncategorized
BANC^F,Banc of California Inc. Depositary Shares each representing a 1/40th interest in a share of 7.75% non-cumulative perpetual preferred stock Series F,24.82,,,,,,44332,Uncategorized
BC^C,Brunswick Corporation 6.375% Notes due 2049,22.63,,,,,,18732,Uncategorized
BCV^A,Bancroft Fund Limited 5.375% Series A Cumulative Preferred Shares,18.9702,,,,,,9,Uncategorized
BF/A,Brown Forman Corporation,26.79,26.889999389648438,27.100000381469727,26.799999237060547,26.899999618530273,,121331,Uncategorized
BF/B,Brown Forman Corporation,26.27,26.510000228881836,26.6299991607666,26.25,26.350000381469727,,2326059,Uncategorized
BFH^A,Bread Financial Holdings Inc. Depositary Shares each representing a 1/40th interest in a share of 8.625% Non-Cumulative Perpetual Preferred Stock Series A,24.3301,,,,,,3331,Uncategorized
BFH^B,Bread Financial Holdings Inc. Depositary Shares each representing a 1/40th interest in a share of 8.875% Fixed Rate Reset Non-Cumulative Perpetual Preferred Stock Series B,24.36,,,,,,10782,Uncategorized
BFS^D,Saul Centers Inc. Depositary Shares each representing 1/100th of a share of 6.125% Series D Cumulative Redeemable Preferred Stock,19.13,,,,,,2335,Uncategorized
BFS^E,Saul Centers Inc. Depositary shares each representing a 1/100th fractional interest in a share of 6.000% Series E Cumulative Redeemable Preferred Stock,18.55,,,,,,3929,Uncategorized
BHR^B,Braemar Hotels & Resorts Inc. 5.50% Series B Cumulative Convertible Preferred Stock par value $0.01 per share,12.24,,,,,,3847,Uncategorized
BHR^D,Braemar Hotels & Resorts Inc. 8.25% Series D Cumulative Preferred Stock  par value $0.01 per share,16.02,,,,,,6169,Uncategorized
BIO/B,Bio-Rad Laboratories Inc.,365.08,365.0799865722656,365.0799865722656,365.0799865722656,365.0799865722656,,13,Uncategorized
BML^G,Bank of America Corporation Depositary Shares (Each representing a 1/1200th interest in a share of Floating Rate Non-Cumulative Preferred Stock  Series 1),18.3571,,,,,,7897,Uncategorized
BML^H,Bank of America Corporation Depositary Shares (Each representing a 1/1200th interest in a Share of Floating Rate Non-Cumulative Preferred Stock Series 2),18.18,,,,,,21135,Uncategorized
BML^J,Bank of America Corporation Depositary Shares (Each representing a 1/1200th interest in a Share of Floating Rate Non-Cumulative Preferred Stock Series 4),19.79,,,,,,15419,Uncategorized
BML^L,Bank of America Corporation Depositary Shares (Each representing a 1/1200th Interest in a Share of Floating Rate Non-Cumulative Preferred Stock Series 5),19.9,,,,,,14405,Uncategorized
BNY^K,The Bank Of New York Mellon Corporation  Depositary Shares each representing a 1/4000th interest in a share of Series K Noncumulative Perpetual Preferred Stock,24.23,,,,,,96273,Uncategorized
BOH^A,Bank of Hawaii Corporation Depositary Shares Each Representing a 1/40th Interest in a Share of 4.375% Fixed Rate Non-Cumulative Perpetual Preferred Stock Series A,14.89,,,,,,2061,Uncategorized
BOH^B,Bank of Hawaii Corporation Depositary Shares Each Representing a 1/40th Interest in a Share of 8.000% Fixed Rate Non-Cumulative Perpetual Preferred Stock Series B,25.55,,,,,,23274,Uncategorized
BW^A,Babcock & Wilcox Enterprises Inc. 7.75% Series A Cumulative Perpetual Preferred Stock,18.86,,,,,,22033,Uncategorized
C^N,Citigroup Capital XIII 7.875% Fixed rate Floating Rate trust Preferred Securities (TruPS),26.48,,,,,,137865,Uncategorized
C^R,Citigroup Inc. Depositary Shares Each Representing a 1/1000th Interest in a Share of 6.250% Noncumulative Preferred Stock Series II,22.75,,,,,,150725,Uncategorized
CDR^B,Cedar Realty Trust Inc. 7.25% Series B Cumulative Redeemable Preferred Stock,16.2086,,,,,,386,Uncategorized
CDR^C,Cedar Realty Trust Inc. 6.50% Series C Cumulative Redeemable Preferred Stock,14.98,,,,,,14909,Uncategorized
CFG^E,Citizens Financial Group Inc. Depositary Shares Each Representing 1/40th Interest in a Share of 5.000% Fixed-Rate Non-Cumulative Perpetual Preferred Stock Series E,17.15,,,,,,102971,Uncategorized
CFG^H,Citizens Financial Group Inc. Depositary Shares Each Representing a 1/40th Interest in a Share of 7.375% Fixed-Rate Non-Cumulative Perpetual Preferred Stock Series H,25.32,,,,,,44743,Uncategorized
CFG^I,Citizens Financial Group Inc. Depositary Shares Each Representing a 1/40th Interest in a Share of 6.500% Fixed-Rate Reset Non-Cumulative Perpetual Preferred Stock Series I,23.96,,,,,,36115,Uncategorized
CFR^B,Cullen/Frost Bankers Inc. Depositary Shares each representing a 1/40th ownership interest in a share of 4.450% non-cumulative perpetual preferred stock Series B,15.55,,,,,,10872,Uncategorized
CIM^A,Chimera Investment Corporation 8.00% Series A Cumulative Redeemable Preferred Stock,19.3768,,,,,,8525,Uncategorized
CIM^B,Chimera Investment Corporation 8.00% Series B Fixed-to-Floating Rate Cumulative Redeemable Preferred Stock,23.2,,,,,,34934,Uncategorized
CIM^C,Chimera Investment Corporation 7.75% Series C Fixed-to-Floating Rate  Cumulative Redeemable  Preferred Stock,21.44,,,,,,33096,Uncategorized
CIM^D,Chimera Investment Corporation 8.00% Series D Fixed-to-Floating Rate Cumulative Redeemable Preferred Stock,23.33,,,,,,16280,Uncategorized
CLDT^A,Chatham Lodging Trust (REIT) 6.625% Series A Cumulative Redeemable Preferred Shares of Beneficial Interest,19.58,,,,,,18577,Uncategorized
CMS^B,CMS Energy Corporation Preferred Stock,76.74,,,,,,2184,Uncategorized
CMS^C,CMS Energy Corporation Depositary Shares each representing a 1/1000th interest in a share of 4.200% Cumulative Redeemable Perpetual Preferred Stock Series C,16.0,,,,,,31136,Uncategorized
CNO^A,CNO Financial Group Inc. 5.125% Subordinated Debentures due 2060,16.34,,,,,,189,Uncategorized
CODI^A,Compass Diversified Holdings 7.250% Series A Preferred Shares representing beneficial interest in Compass Diversified Holdings,18.82,,,,,,11495,Uncategorized
CODI^B,Compass Diversified Holdings 7.875% Series B Fixed-to-Floating Rate Cumulative Preferred Shares representing beneficial interests in Compass Diversified Holdings,22.31,,,,,,8799,Uncategorized
CODI^C,Compass Diversified Holdings 7.875% Series C Cumulative Preferred Shares,21.28,,,,,,16320,Uncategorized
COF^I,Capital One Financial Corporation Depositary shares each representing a 1/40th interest in a share of Fixed Rate Non-Cumulative Perpetual Preferred Stock Series I of the Issuer,16.61,,,,,,197214,Uncategorized
COF^J,Capital One Financial Corporation Depositary Shares Each Representing a 1/40th Interest in a Share of Fixed Rate Non- Cumulative Perpetual Preferred Stock Series J,16.09,,,,,,225345,Uncategorized
COF^K,Capital One Financial Corporation Depositary Shares Each Representing a 1/40th Ownership Interest in a Share of Fixed Rate Non-Cumulative Perpetual Preferred Stock Series K,15.5,,,,,,44051,Uncategorized
COF^L,Capital One Financial Corporation Depositary Shares Each Representing a 1/40th Interest in a Share of Fixed Rate Non-Cumulative Perpetual Preferred Stock Series L,14.6,,,,,,108329,Uncategorized
COF^N,Capital One Financial Corporation Depositary Shares Each Representing a 1/40th Ownership Interest in a Share of Fixed Rate Non-Cumulative Perpetual Preferred Stock Series N,14.48,,,,,,89692,Uncategorized
CRD/A,Crawford & Company,12.71,12.789999961853027,12.970000267028809,12.680000305175781,12.770000457763672,,36559,Uncategorized
CRD/B,Crawford & Company,12.16,12.09000015258789,12.130000114440918,11.630000114440918,12.130000114440918,,13920,Uncategorized
CTA^A,EIDP Inc. Preferred Stock $3.50 Series,47.5,,,,,,1106,Uncategorized
CTA^B,EIDP Inc. Preferred Stock $4.50 Series,60.5001,,,,,,4374,Uncategorized
CTO^A,CTO Realty Growth Inc. 6.375% Series A Cumulative Redeemable Preferred Stock,19.9465,,,,,,1836,Uncategorized
DCOM^,Dime Commercial Bancshares Inc. Preferred Stock Series A,16.71,,,,,,9433,Uncategorized
DLR^J,Digital Realty Trust Inc. 5.250% Series J Cumulative Redeemable Preferred Stock,18.42,,,,,,14171,Uncategorized
DLR^K,Digital Realty Trust Inc. 5.850% Series K Cumulative Redeemable Preferred Stock par value $0.01 per share,20.85,,,,,,24004,Uncategorized
DLR^L,Digital Realty Trust Inc. 5.200% Series L Cumulative Redeemable Preferred Stock,18.49,,,,,,24850,Uncategorized
DUK^A,Duke Energy Corporation Depositary Shares each representing a 1/1000th interest in a share of 5.75% Series A Cumulative Redeemable Perpetual Preferred Stock,21.67,,,,,,159676,Uncategorized
DX^C,Dynex Capital Inc. 6.900% Series C Fixed-to-Floating Rate Cumulative Redeemable Preferred Stock,25.7,,,,,,16733,Uncategorized
DX^D,Dynex Capital Inc. 9.375% Series D Fixed-Rate Cumulative Redeemable Preferred Stock,25.0,,,,,,158183,Uncategorized
ECC^D,Eagle Point Credit Company 6.75% Series D Preferred Stock,18.18,,,,,,3204,Uncategorized
ECF^A,Ellsworth Growth and Income Fund Ltd. 5.25% Series A Cumulative Preferred Shares (Liquidation Preference $25.00 per share),19.0,,,,,,149,Uncategorized
EFC^B,Ellington Financial Inc. 6.250% Series B Fixed-Rate Reset Cumulative Redeemable Preferred Stock,24.75,,,,,,9668,Uncategorized
EFC^C,Ellington Financial Inc. 8.625% Series C Fixed-Rate Reset Cumulative Redeemable Preferred Stock,25.2949,,,,,,1803,Uncategorized
EFC^D,Ellington Financial Inc. 7.00% Series D Cumulative Perpetual Redeemable Preferred Stock,23.0,,,,,,24,Uncategorized
EP^C,El Paso Corporation Preferred Stock,49.7702,,,,,,612,Uncategorized
EPR^C,EPR Properties 5.75% Series C Cumulative Convertible Preferred Shares,24.98,,,,,,19700,Uncategorized
EPR^E,EPR Properties Series E Cumulative Conv Pfd Shs Ser E,30.97,,,,,,1215,Uncategorized
EPR^G,EPR Properties 5.750% Series G Cumulative Redeemable Preferred Shares,19.555,,,,,,4356,Uncategorized
EQH^A,Equitable Holdings Inc. Depositary Shares,17.39,,,,,,78339,Uncategorized
EQH^C,Equitable Holdings Inc. Depositary Shares each representing a 1/1000th interest in a share of Fixed Rate Noncumulative Perpetual Preferred Stock Series C,15.34,,,,,,57162,Uncategorized
ETI^,Entergy Texas Inc 5.375% Series A Preferred Stock Cumulative No Par Value,20.78,,,,,,815,Uncategorized
F^B,Ford Motor Company 6.20% Notes due June 1 2059,19.12,,,,,,57495,Uncategorized
F^C,Ford Motor Company 6% Notes due December 1 2059,18.9,,,,,,67756,Uncategorized
F^D,Ford Motor Company 6.500% Notes due August 15 2062,19.85,,,,,,90293,Uncategorized
FBRT^E,Franklin BSP Realty Trust Inc. 7.50% Series E Cumulative Redeemable Preferred Stock,18.16,,,,,,25547,Uncategorized
FHN^E,First Horizon Corporation Depositary Shares each representing a 1/4000th interest in a share of Non-Cumulative Perpetual Preferred Stock Series E,21.35,,,,,,74541,Uncategorized
FHN^F,First Horizon Corporation Depositary Shares each representing 1/4000th Interest in a Share of Non-Cumulative Perpetual Preferred Stock Series F,15.4,,,,,,21745,Uncategorized
FHN^H,First Horizon Corporation Depositary Shares each representing a 1/4000th interest in a share of Non-Cumulative Perpetual Preferred Stock Series H,22.28,,,,,,183136,Uncategorized
FITB^A,Fifth Third Bancorp Depositary Shares each representing 1/40th share of Fifth Third 6.00% Non-Cumulative Perpetual Class B Preferred Stock Series A,21.6232,,,,,,9824,Uncategorized
FITB^I,Fifth Third Bancorp Depositary Share repstg 1/1000th Ownership Interest Perp Pfd Series I,25.35,,,,,,29396,Uncategorized
FITB^K,Fifth Third Bancorp Depositary Shares each representing a 1/1000th ownership interest in a share of Non-Cumulative Perpetual Preferred Stock Series K,17.42,,,,,,34074,Uncategorized
FITB^M,Fifth Third Bancorp Depositary Shares Representing a 1/40th Ownership Interest in a Share of 6.875% Fixed-Rate Reset Non-Cumulative Perpetual Preferred Stock Series M,25.05,,,,,,29989,Uncategorized
FLG^A,Flagstar Bank N.A. Depositary shares each representing a 1/40th interest in a share of Fixed-to-Floating Rate Series A Noncumulative Perpetual Preferred Stock,22.87,,,,,,37711,Uncategorized
FLG^U,Flagstar Bank N.A. Bifurcated Option Note Unit SecuritiES,36.88,,,,,,2031,Uncategorized
FOUR^A,Shift4 Payments Inc. 6.00% Series A Mandatory Convertible Preferred Stock,51.15,,,,,,20490,Uncategorized
FRT^C,Federal Realty Investment Trust Depositary Shares each representing a 1/1000th interest in a 5.000% Series C Cumulative Redeemable Preferred Share,18.22,,,,,,31918,Uncategorized
GAB^G,Gabelli Equity Trust Inc. (The) Series G Cumulative Preferred Stock,18.58,,,,,,6167,Uncategorized
GAB^H,Gabelli Equity Trust Inc. (The) Pfd Ser H,18.44,,,,,,35027,Uncategorized
GAB^K,Gabelli Equity Trust Inc. (The) 5.00% Series K Cumulative Preferred Stock,18.53,,,,,,16193,Uncategorized
GAM^B,General American Investors Company Inc. Cumulative Preferred Stock,22.37,,,,,,14607,Uncategorized
GDV^H,The Gabelli Dividend & Income Trust 5.375% Series H Cumulative Preferred Shares,20.7079,,,,,,5007,Uncategorized
GDV^K,The Gabelli Dividend & Income Trust 4.250% Series K Cumulative Preferred Shares,16.25,,,,,,6464,Uncategorized
GGN^B,GAMCO Global Gold Natural Reources & Income Trust 5.00% Series B Cumulative 25.00 Liquidation Preference,18.14,,,,,,8610,Uncategorized
GGT^E,Gabelli Multi-Media Trust Inc. (The) 5.125% Series E Cumulative Preferred Stock,19.98,,,,,,1594,Uncategorized
GGT^G,Gabelli Multi-Media Trust Inc. (The) 5.125% Series G Cumulative Preferred Shares,20.1,,,,,,716,Uncategorized
GL^D,Globe Life Inc. 4.25% Junior Subordinated Debentures due 2061,14.33,,,,,,14477,Uncategorized
GLU^B,The Gabelli Global Utility and Income Trust Series B Cumulative Puttable and Callable Preferred Shares,50.22,,,,,,126,Uncategorized
GNL^A,Global Net Lease Inc. 7.25% Series A Cumulative Redeemable Preferred Stock $0.01 par value per share,22.5858,,,,,,13881,Uncategorized
GNL^B,Global Net Lease Inc. 6.875% Series B Cumulative Redeemable Perpetual Preferred Stock,21.6,,,,,,9768,Uncategorized
GNL^D,Global Net Lease Inc. 7.50% Series D Cumulative Redeemable Perpetual Preferred Stock,22.71,,,,,,8079,Uncategorized
GNL^E,Global Net Lease Inc. 7.375% Series E Cumulative Redeemable Perpetual Preferred Stock,22.19,,,,,,3665,Uncategorized
GNT^A,GAMCO Natural Resources Gold & Income Tust  5.20% Series A Cumulative Preferred Shares (Liquidation Preference $25.00 per share),18.95,,,,,,722,Uncategorized
GPMT^A,Granite Point Mortgage Trust Inc. 7.00% Series A Fixed-to-Floating Rate Cumulative Redeemable Preferred Stock,13.76,,,,,,22912,Uncategorized
GPUS^D,Hyperscale Data Inc. 13.00% Series D Cumulative Redeemable Perpetual Preferred Stock,19.03,,,,,,1036,Uncategorized
GRBK^A,Green Brick Partners Inc. Depositary Shares (each representing a 1/1000th fractional interest in a share of 5.75% Series A Cumulative Perpetual Preferred Stock),20.02,,,,,,510,Uncategorized
GS^A,Goldman Sachs Group Inc. (The) Depositary Shares each representing 1/1000th Interest in a Share of Floating Rate Non-Cumulative Preferred Stock Series A,19.27,,,,,,53358,Uncategorized
GS^C,Goldman Sachs Group Inc. (The) Depositary Share repstg 1/1000th Preferred Series C,19.66,,,,,,14802,Uncategorized
GS^D,Goldman Sachs Group Inc. (The) Dep Shs repstg 1/1000 Pfd Ser D Fltg,18.83,,,,,,116548,Uncategorized
GUT^C,Gabelli Utility Trust (The) 5.375% Series C Cumulative Preferred Shares,19.905,,,,,,3173,Uncategorized
HEI/A,Heico Corporation,224.88,225.69000244140625,226.85000610351562,221.2100067138672,226.52000427246094,,328902,Uncategorized
HFRO^A,Highland Opportunities and Income Fund 5.375% Series A Cumulative Preferred Shares,15.65,,,,,,10944,Uncategorized
HFRO^B,Highland Opportunities and Income Fund 5.375% Series B Cumulative Preferred Shares,15.51,,,,,,27773,Uncategorized
HIG^G,The Hartford Insurance Group Inc. Depositary Shares each representing a 1/1000th interest in a share of 6.000% Non-Cumulative Preferred Stock Series G,22.075,,,,,,46317,Uncategorized
HL^B,Hecla Mining Company Preferred Stock,64.99,,,,,,13,Uncategorized
HPE^C,Hewlett Packard Enterprise Company 7.625% Series C Mandatory Convertible Preferred Stock,174.82,,,,,,219690,Uncategorized
HPP^C,Hudson Pacific Properties Inc. 4.750% Series C Cumulative Redeemable Preferred Stock,14.18,,,,,,6751,Uncategorized
HVT/A,Haverty Furniture Companies Inc.,28.09,28.09000015258789,28.09000015258789,28.09000015258789,28.09000015258789,,113,Uncategorized
IIPR^A,Innovative Industrial Properties Inc. 9.00% Series A Cumulative Redeemable Preferred Stock,24.35,,,,,,22983,Uncategorized
INN^E,Summit Hotel Properties Inc. 6.250% Series E Cumulative Redeemable Preferred Stock,17.135,,,,,,2777,Uncategorized
INN^F,Summit Hotel Properties Inc. 5.875% Series F Cumulative Redeemable Preferred Stock $0.01 par value per share,16.27,,,,,,3197,Uncategorized
IVR^C,INVESCO MORTGAGE CAPITAL INC 7.5% Fixed-to-Floating Series C Cumulative Redeemable Preferred Stock Liquation Preference $25.00 per Share,23.9,,,,,,16248,Uncategorized
JPM^C,J P Morgan Chase & Co Depositary Shares each representing a 1/400th interest in a share of 6.00% Non-Cumulative  Preferred Stock Series EE,22.66,,,,,,226418,Uncategorized
JPM^D,J P Morgan Chase & Co Depositary Shares each representing a 1/400th  interest in a share of 5.75% Non-Cumulative  Preferred Stock Series DD,21.52,,,,,,202721,Uncategorized
JPM^J,J P Morgan Chase & Co Depositary Shares each representing a 1/400th interest in a share of JPMorgan Chase & Co. 4.75% Non-Cumulative Preferred Stock Series GG,17.4,,,,,,159239,Uncategorized
JPM^K,J P Morgan Chase & Co Depositary Shares each representing a 1/400th interest in a share of 4.55% Non-Cumulative Preferred Stock Series JJ,16.72,,,,,,254395,Uncategorized
JPM^L,J P Morgan Chase & Co Depositary Shares each representing a 1/400th interest in a share of 4.625% Non-Cumulative Preferred Stock Series LL,16.96,,,,,,265026,Uncategorized
JPM^M,J P Morgan Chase & Co Depositary Shares each representing a 1/400th interest in a share of 4.20% Non-Cumulative Preferred Stock Series MM,15.72,,,,,,337230,Uncategorized
JXN^A,Jackson Financial Inc. Depositary Shares each representing a 1/1000th interest in a share of Fixed-Rate Reset Noncumulative Perpetual Preferred Stock Series A,25.67,,,,,,21698,Uncategorized
KEY^I,KeyCorp Depositary Shares Each Representing a 1/40th Ownership Interest in a Share of Fixed-to-Floating Rate Perpetual Non-Cumulative Preferred Stock Series E,24.98,,,,,,48736,Uncategorized
KEY^J,KeyCorp Depositary Shares each representing a 1/40th ownership interest in a share of Fixed Rate Perpetual Non-Cumulative Preferred Stock Series F,19.28,,,,,,46515,Uncategorized
KEY^K,KeyCorp Depositary Shares each representing a 1/40th ownership interest in a share of Fixed Rate Perpetual Non-Cumulative Preferred Stock Series G,19.23,,,,,,64354,Uncategorized
KEY^L,KeyCorp Depositary Shares each representing a 1/40th ownership interest in a share of Fixed Rate Perpetual Non-Cumulative Preferred Stock Series H,24.71,,,,,,71316,Uncategorized
KIM^L,Kimco Realty Corporation Class L Depositary Shares each of which represents a one-one thousandth fractional interest in a share of 5.125% Class L Cumulative Redeemable Preferred Stock liquidation preference $25000.00 per share,19.28,,,,,,31097,Uncategorized
KIM^M,Kimco Realty Corporation Class M Depositary Shares each of which represents a one-one thousandth fractional interest in a share of 5.25% Class M Cumulative Redeemable Preferred Stock liquidation preference $25000.00 per share,19.33,,,,,,27082,Uncategorized
KIM^N,Kimco Realty Corporation Depositary Shares each representing 1/1000th interest in a share of 7.25% Class N Cumulative Convertible Perpetual Preferred Stock,60.0,,,,,,16,Uncategorized
KKR^D,KKR & Co. Inc. 6.25% Series D Mandatory Convertible Preferred Stock,41.16,,,,,,43869,Uncategorized
KREF^A,KKR Real Estate Finance Trust Inc. 6.50% Series A Cumulative Redeemable Preferred Stock,18.48,,,,,,18883,Uncategorized
LFT^A,Lument Finance Trust Inc. 7.875% Series A Cumulative Redeemable Preferred Stock,16.05,,,,,,184,Uncategorized
LNC^D,Lincoln National Corporation Depositary Shares Each Representing a 1/1000th Interest in a Share of 9.000% Non-Cumulative Preferred Stock Series D,25.87,,,,,,53467,Uncategorized
LOB^A,Live Oak Bancshares Inc. Depositary Shares Each Representing a 1/40th Interest in a Share of 8.375% Fixed Rate Series A Non-Cumulative Perpetual Preferred Stock,24.87,,,,,,7018,Uncategorized
LXP^C,LXP Industrial Trust 6.5% Series C Cumulative Convertible Preferred Stock,49.3301,,,,,,3232,Uncategorized
MER^K,Bank of America Corporation Income Capital Obligation Notes initially due December 15 2066,23.11,,,,,,114867,Uncategorized
MET^A,MetLife Inc. Preferred Series A Floating Rate,21.26,,,,,,28621,Uncategorized
MET^E,MetLife Inc. Depositary Shares ,20.03,,,,,,122113,Uncategorized
MET^F,MetLife Inc. Depositary Shares each representing a 1/1000th interest in a share of 4.75% Non-Cumulative Preferred Stock Series F,16.86,,,,,,163500,Uncategorized
MFA^B,MFA Financial Inc. Preferred Series B,17.39,,,,,,39659,Uncategorized
MFA^C,MFA Financial Inc. 6.50% Series C Fixed-to-Floating Rate Cumulative Redeemable Preferred Stock,22.52,,,,,,71357,Uncategorized
MITT^A,TPG Mortgage Investment Trust Inc. 8.25% Series A Cumulative Redeemable Preferred Stock,19.3201,,,,,,4180,Uncategorized
MITT^B,TPG Mortgage Investment Trust Inc. 8.00% Series B Cumulative Redeemable Preferred Stock,18.55,,,,,,9180,Uncategorized
MITT^C,TPG Mortgage Investment Trust Inc. 8.00% Series C Fixed-to-Floating Rate Cumulative Redeemable Preferred Stock $0.01 par value per share,25.05,,,,,,14867,Uncategorized
MS^A,Morgan Stanley Dep Shs repstg 1/1000 Pfd Ser A,18.94,,,,,,73227,Uncategorized
MS^E,Morgan Stanley DEPOSITARY SHARES REP 1/1000TH SHARES FIXED/FLTG PREFERRED STOCK SERIES E,24.83,,,,,,193467,Uncategorized
MS^F,Morgan Stanley Dep Shs Rpstg 1/1000th Int Prd Ser F Fxd to Flag,24.02,,,,,,165903,Uncategorized
MS^I,Morgan Stanley Depository Shares Representing 1/1000th Preferred Series 1 Fixed to Floating Non (Cum),22.65,,,,,,143566,Uncategorized
MS^K,Morgan Stanley Depositary Shares each representing 1/1000th of a share of Fixed-to-Floating Rate Non-Cumulative Preferred Stock  Series K,20.71,,,,,,142371,Uncategorized
MS^L,Morgan Stanley Depositary Shares each representing 1/1000th of a share of 4.875% Non-Cumulative Preferred Stock Series L,17.54,,,,,,37250,Uncategorized
MS^O,Morgan Stanley Depositary Shares each representing 1/1000th of a share of 4.250% Non-Cumulative Preferred Stock Series O,15.19,,,,,,108931,Uncategorized
MS^P,Morgan Stanley Depositary Shares each representing 1/1000th of a share of 6.500% Non-Cumulative Preferred Stock Series P,23.09,,,,,,183637,Uncategorized
MS^Q,Morgan Stanley Depositary Shares each representing 1/1000th of a share of 6.625% Non-Cumulative Preferred Stock Series Q,23.67,,,,,,109478,Uncategorized
MTB^H,M&T Bank Corporation Perpetual Fixed-to-Floating Rate Non-Cumulative Preferred Stock Series H,25.055,,,,,,27953,Uncategorized
MTB^J,M&T Bank Corporation Depositary Shares each representing a 1/400th ownership interest in a share of Perpetual 7.500% Non-Cumulative Preferred Stock Series J,25.24,,,,,,67314,Uncategorized
MTB^K,M&T Bank Corporation Depositary Shares each representing a 1/400th interest in a share of Perpetual 6.350% Non-Cumulative Preferred Stock Series K,22.1701,,,,,,30600,Uncategorized
MTB^L,M&T Bank Corporation Depositary Shares each representing a 1/400th ownership interest in a share of Perpetual 6.625% Non-Cumulative Preferred Stock Series L,23.44,,,,,,45169,Uncategorized
NCV^A,Virtus Convertible & Income Fund 5.625% Series A Cumulative Preferred Shares,18.99,,,,,,27947,Uncategorized
NCZ^A,Virtus Convertible & Income Fund II 5.50% Series A Cumulative Preferred Shares,18.5,,,,,,13526,Uncategorized
NEE^N,NextEra Energy Capital Holdings Inc. Series N Junior Subordinated Debentures due March 1 2079,19.45,,,,,,124110,Uncategorized
NEE^S,NextEra Energy Inc. 7.299% Corporate Units,48.97,,,,,,17152,Uncategorized
NEE^T,NextEra Energy Inc. 7.234% Corporate Units,45.61,,,,,,70747,Uncategorized
NEE^U,NextEra Energy Inc. Series U Junior Subordinated Debentures due June 1 2085,22.4,,,,,,85672,Uncategorized
NEE^V,NextEra Energy Inc. 7.375% Corporate Units,43.09,,,,,,14824,Uncategorized
NEE^W,NextEra Energy Capital Holdings Inc. Series Z Junior Subordinated Debentures due April 15 2086,22.44,,,,,,91589,Uncategorized
NGL^B,NGL ENERGY PARTNERS LP 9.00% Class B Fixed-to-Floating Rate Cumulative Redeemable Perpetual Preferred Units representing limited partnership interests,25.62,,,,,,6782,Uncategorized
NGL^C,NGL ENERGY PARTNERS LP 9.625% Class C Fixed-to-Floating Rate Cumulative  Redeemable Perpetual Preferred Units representing  limited partner interests,25.68,,,,,,1455,Uncategorized
NLY^F,Annaly Capital Management Inc 6.95% Series F,25.28,,,,,,243164,Uncategorized
NLY^G,Annaly Capital Management Inc 6.50% Series G Fixed-to-Floating Rate Cumulative Redeemable Preferred Stock,25.16,,,,,,45293,Uncategorized
NLY^J,Annaly Capital Management Inc. 8.875% Series J Fixed-Rate Cumulative Redeemable Preferred Stock,25.89,,,,,,113174,Uncategorized
NREF^A,NexPoint Real Estate Finance Inc. 8.50% Series A Cumulative Redeemable Preferred Stock,24.71,,,,,,4518,Uncategorized
NXDT^A,NexPoint Diversified Real Estate Trust 5.50% Series A Cumulative Preferred Shares ($25.00 liquidation preference per share),12.9204,,,,,,857,Uncategorized
OAK^A,Brookfield Oaktree Holdings LLC 6.625% Series A Preferred Units,20.0801,,,,,,18915,Uncategorized
OAK^B,Brookfield Oaktree Holdings LLC 6.550% Series B Preferred Units,20.03,,,,,,13212,Uncategorized
OPP^A,RiverNorth/DoubleLine Strategic Opportunity Fund Inc. 4.375% Series A Cumulative Preferred Stock,14.845,,,,,,17198,Uncategorized
OPP^B,RiverNorth/DoubleLine Strategic Opportunity Fund Inc. 4.75% Series B Cumulative Preferred Stock,16.04,,,,,,15445,Uncategorized
OPP^C,RiverNorth/DoubleLine Strategic Opportunity Fund Inc. 6.00% Series C Term Preferred Stock (Liquidation Preference $10.00 per share),10.12,,,,,,878,Uncategorized
ORCL^D,Oracle Corporation Depositary Shares each representing a 1/2000th interest in a sh of 6.50% Series D Mandatory Convertible Preferred Stock,44.51,,,,,,575339,Uncategorized
PARA,Banzai International Inc. Class A Common Stock,0.5932,0.6000000238418579,0.6899999976158142,0.550000011920929,0.6729999780654907,,308120,Industrials
PBI^B,Pitney Bowes Inc 6.70% Notes Due 2043,21.03,,,,,,25530,Uncategorized
PCG^A,Pacific Gas & Electric Co. 6% Preferred Stock,19.8011,,,,,,7900,Uncategorized
PCG^B,Pacific Gas & Electric Co. 5 1/2% Preferred Stock,17.92,,,,,,315,Uncategorized
PCG^C,Pacific Gas & Electric Co. 5% 1st Preferred Stock,16.995,,,,,,22,Uncategorized
PCG^D,Pacific Gas & Electric Co. 5% 1st  Red. Preferred Stock,16.6,,,,,,3529,Uncategorized
PCG^E,Pacific Gas & Electric Co. 5% 1st A Preferred Stock,16.6,,,,,,3568,Uncategorized
PCG^G,Pacific Gas & Electric Co. 4.80% 1st Preferred Stock,16.0,,,,,,1074,Uncategorized
PCG^H,Pacific Gas & Electric Co. 4.50% 1st Preferred Stock,15.51,,,,,,20,Uncategorized
PCG^I,Pacific Gas & Electric Co. 4.36% 1st Preferred Stock,14.53,,,,,,1480,Uncategorized
PCG^X,PG&E Corp 6.000% Series A Mandatory Convertible Preferred Stock,31.83,,,,,,10104,Uncategorized
PEB^E,Pebblebrook Hotel Trust 6.375% Series E Cumulative Redeemable Preferred Shares of Beneficial Interest,19.51,,,,,,174,Uncategorized
PEB^F,Pebblebrook Hotel Trust 6.3% Series F Cumulative Redeemable Preferred Shares of Beneficial Interest,19.6,,,,,,2692,Uncategorized
PEB^G,Pebblebrook Hotel Trust 6.375% Series G Cumulative Redeemable Preferred Shares of Beneficial Interest,19.39,,,,,,4341,Uncategorized
PEB^H,Pebblebrook Hotel Trust 5.700% Series H Cumulative Redeemable Preferred Shares of Beneficial Interest,17.97,,,,,,5697,Uncategorized
PINE^A,Alpine Income Property Trust Inc. 8.00% Series A Cumulative Redeemable Preferred Stock,25.25,,,,,,1818,Uncategorized
PMT^A,PennyMac Mortgage Investment Trust 8.125% Series A Fixed-to-Floating Rate Cumulative Redeemable Preferred Shares of Beneficial Interest,20.99,,,,,,17651,Uncategorized
PMT^B,PennyMac Mortgage Investment Trust 8.00% Series B Fixed-to-Floating Rate Cumulative Redeemable Preferred Shares of Beneficial Interest,20.99,,,,,,19774,Uncategorized
PMT^C,PennyMac Mortgage Investment Trust 6.75% Series C Cumulative Redeemable Preferred Shares of Beneficial Interest,16.25,,,,,,56023,Uncategorized
PNFP^A,Pinnacle Financial Partners Inc. Fixed-to-Floating Rate Non-Cumulative Perpetual Preferred Stock Series A,25.0301,,,,,,6046,Uncategorized
PNFP^B,Pinnacle Financial Partners Inc. Fixed-to-Floating Rate Non-Cumulative Perpetual Preferred Stock Series B,25.81,,,,,,6440,Uncategorized
PNFP^C,Pinnacle Financial Partners Inc. Fixed-to-Floating Rate Non-Cumulative Perpetual Preferred Stock Series C,23.4899,,,,,,53158,Uncategorized
PSA^F,Public Storage Depositary Shares Each Representing 1/1000 of a 5.15% Cumulative Preferred Share of Beneficial Interest Series F par value $0.01 per share,18.125,,,,,,29963,Uncategorized
PSA^G,Public Storage Depositary Shares Each Representing 1/1000 of a 5.05% Cumulative Preferred Share of Beneficial Interest Series G,17.6,,,,,,30086,Uncategorized
PSA^H,Public Storage Depositary Shares Each Representing 1/1000 of a  5.60% Cumulative Preferred  Share of Beneficial Interest Series H,20.02,,,,,,57964,Uncategorized
PSA^I,Public Storage Depositary Shares Each Representing 1/1000 of a 4.875% Cumulative Preferred Share of Beneficial Interest Series I par value $0.01 per share,17.02,,,,,,44418,Uncategorized
PSA^J,Public Storage Depositary Shares Each Representing 1/1000 of a 4.700% Cumulative Preferred Share of Beneficial Interest Series J par value $0.01 per share,16.64,,,,,,15298,Uncategorized
PSA^K,Public Storage Depositary Shares Each Representing 1/1000 of a 4.75% Cumulative Preferred Share of Beneficial Interest Series K,16.73,,,,,,41176,Uncategorized
PSA^L,Public Storage Depositary Shares Each Representing 1/1000 of a 4.625% Cumulative Preferred Share of Beneficial Interest Series L par value $0.01 per share,16.17,,,,,,95002,Uncategorized
PSA^M,Public Storage Depositary Shares Each Representing 1/1000 of a 4.125% Cumulative Preferred Share of Beneficial Interest Series M,14.38,,,,,,25163,Uncategorized
PSA^N,Public Storage Depositary Shares Each Representing 1/1000 of a 3.875% Cumulative Preferred Share of Beneficial Interest Series N,13.6627,,,,,,48014,Uncategorized
PSA^O,Public Storage Depositary Shares Each Representing 1/1000 of a 3.900% Cumulative Preferred Share of Beneficial Interest Series O,13.79,,,,,,87139,Uncategorized
PSA^P,Public Storage Depositary Shares Each Representing 1/1000 of a 4.000% Cumulative Preferred Share of Bene cial Interest Series P,13.93,,,,,,123545,Uncategorized
PSA^Q,Public Storage Depositary Shares Each Representing 1/1000 of a 3.950% Cumulative Preferred Share of Beneficial Interest Series Q par value $0.01 per share,13.795,,,,,,21831,Uncategorized
PSA^R,Public Storage Depositary Shares Each Representing 1/1000 of a 4.00% Cumulative Preferred Share of Bene cial Interest Series R,13.96,,,,,,74186,Uncategorized
PSA^S,Public Storage Depositary Shares Each Representing 1/1000 of a 4.100% Cumulative Preferred Share of Beneficial Interest Series S,14.45,,,,,,56958,Uncategorized
PSA^T,Public Storage 6.000% Cumulative Preferred Shares of beneficial interest Series T,20.9479,,,,,,46844,Uncategorized
PSA^U,Public Storage 6.000% Cumulative Preferred Shares of Beneficial Interest Series U,22.36,,,,,,7242,Uncategorized
PSEC^A,Prospect Capital Corporation 5.35% Series A Fixed Rate Cumulative Perpetual Preferred Stock,14.84,,,,,,9617,Uncategorized
PW^A,Power REIT 7.75% Series A Cumulative Perpetual Preferred Stock,8.46,,,,,,8438,Uncategorized
QXO^B,QXO Inc.  Depositary Shares each representing a 1/20th interest in a share of 5.50% Series B Mandatory Convertible Preferred Stock,38.405,,,,,,59648,Uncategorized
RC^C,Ready Capital Corporation 6.25% Series C Cumulative Convertible Preferred Stock,10.8401,,,,,,4316,Uncategorized
RC^E,Ready Capital Corporation 6.50% Series E Cumulative Redeemable Preferred Stock,11.295,,,,,,4310,Uncategorized
REXR^B,Rexford Industrial Realty Inc. 5.875% Series B Cumulative Redeemable Preferred Stock,21.26,,,,,,11263,Uncategorized
REXR^C,Rexford Industrial Realty Inc. 5.625% Series C Cumulative Redeemable Preferred Stock par value $0.01 per share,19.95,,,,,,16814,Uncategorized
RF^C,Regions Financial Corporation Depositary Shares each Representing a 1/40th Interest in a  Share of 5.700% Fixed-to-Floating Rate Non-Cumulative  Perpetual Preferred Stock Series C,24.42,,,,,,32467,Uncategorized
RF^E,Regions Financial Corporation Depositary Shares Each Representing a 1/40th Interest in a Share of 4.45% Non-Cumulative Perpetual Preferred Stock Series E,15.32,,,,,,49746,Uncategorized
RF^F,Regions Financial Corporation Depositary Shares Each Representing a 1/40th Interest in a Share of Non-Cumulative Perpetual Preferred Stock Series F,24.575,,,,,,43179,Uncategorized
RITM^A,Rithm Capital Corp. 7.50% Series A Fixed-to-Floating Rate Cumulative Redeemable Preferred Stock,25.51,,,,,,23001,Uncategorized
RITM^B,Rithm Capital Corp. 7.125% Series B Fixed-to-Floating Rate Cumulative Redeemable Preferred Stock,25.45,,,,,,12634,Uncategorized
RITM^C,Rithm Capital Corp. 6.375% Series C Fixed-to-Floating Rate Cumulative Redeemable Preferred Stock,24.66,,,,,,24410,Uncategorized
RITM^D,Rithm Capital Corp. 7.00% Fixed-Rate Reset Series D Cumulative Redeemable Preferred Stock,25.23,,,,,,99660,Uncategorized
RITM^E,Rithm Capital Corp. 8.75% Series E Fixed-Rate Cumulative Redeemable Preferred Stock,24.02,,,,,,38407,Uncategorized
RITM^F,Rithm Capital Corp. 8.750% Series F Fixed-Rate Reset Cumulative Redeemable Preferred Stock,24.59,,,,,,21453,Uncategorized
RIV^A,RiverNorth Opportunities Fund Inc. 6.00% Series A Perpetual Preferred Stock,20.32,,,,,,7609,Uncategorized
RLJ^A,RLJ Lodging Trust $1.95 Series A Cumulative Convertible  Preferred Shares,24.81,,,,,,42227,Uncategorized
RPT^C,Rithm Property Trust Inc. 9.875% Series C Fixed-to-Floating Rate Cumulative Redeemable Preferred Stock,24.975,,,,,,569,Uncategorized
RWT^A,Redwood Trust Inc. 10.00% Series A Fixed-Rate Reset Cumulative Redeemable Preferred Stock,19.25,,,,,,60218,Uncategorized
SACH^A,Sachem Capital Corp. 7.75% Series A Cumulative Redeemable Preferred Stock,18.71,,,,,,18061,Uncategorized
SCE^G,SCE Trust II Trust Preferred Securities,15.8676,,,,,,25661,Uncategorized
SCE^L,SCE TRUST VI,15.75,,,,,,15891,Uncategorized
SCE^M,SCE Trust VII 7.50% Trust Preference Securities,22.25,,,,,,45067,Uncategorized
SCE^N,SCE Trust VIII 6.95% Trust Preference Securities,20.7,,,,,,48066,Uncategorized
SCHW^D,The Charles Schwab Corporation Depositary Shares each representing 1/40th interest in a share of 5.95% Non-Cumulative Perpetual Preferred Stock Series D,21.365,,,,,,83129,Uncategorized
SCHW^J,The Charles Schwab Corporation Depositary Shares Each Representing a 1/40th Interest in a Share of 4.450% Non-Cumulative Perpetual Preferred Stock Series J,15.78,,,,,,139578,Uncategorized
SF^B,Stifel Financial Corporation Depositary Shares Each Representing 1/1000th  Interest in a Share of 6.25% Non-Cumulative  Preferred Stock Series B,23.74,,,,,,15466,Uncategorized
SF^C,Stifel Financial Corporation Depositary Shares Each Representing 1/1000th Interest in a Share of 6.125% Non Cumulative Preferred Stock Series C,20.53,,,,,,26030,Uncategorized
SF^D,Stifel Financial Corporation Depositary Shares Each Representing 1/1000th Interest in a Share of 4.50% Non-Cumulative Preferred Stock Series D,15.2,,,,,,17952,Uncategorized
SHO^H,Sunstone Hotel Investors Inc. 6.125% Series H Cumulative Redeemable Preferred Stock,22.13,,,,,,12121,Uncategorized
SHO^I,Sunstone Hotel Investors Inc. 5.70% Series I Cumulative Redeemable Preferred Stock,21.81,,,,,,2310,Uncategorized
SLG^I,SL Green Realty Corporation Preferred Series I,21.3,,,,,,13613,Uncategorized
SPE^C,Special Opportunities Fund Inc. 2.75% Convertible Preferred Stock Series C,24.78,,,,,,5910,Uncategorized
SPG^J,Simon Property Group Inc. Simon Property Group 8 3/8% Series J Cumulative Redeemable Preferred Stock,53.2,,,,,,297,Uncategorized
SRG^A,Seritage Growth Properties 7.00% Series A Cumulative Redeemable Preferred Shares of Beneficial Interest,20.8,,,,,,208,Uncategorized
STT^G,State Street Corporation Depositary shares each representing a 1/4000th ownership interest in a share of Fixed-to-Floating Rate Non-Cumulative,19.43,,,,,,52203,Uncategorized
SYF^A,Synchrony Financial Depositary Shares each Representing a 1/40th Interest in a Share of 5.625% Fixed Rate Non-Cumulative Perpetual Preferred Stock Series A,18.08,,,,,,93022,Uncategorized
SYF^B,Synchrony Financial Depositary Shares Each Representing a 1/40th Interest in a Share of 8.250% Fixed Rate Reset Non-Cumulative Perpetual Preferred Stock Series B,25.27,,,,,,26791,Uncategorized
T^A,AT&T Inc. Depositary Shares each representing a 1/1000th interest in a share of 5.000% Perpetual Preferred Stock Series A,17.19,,,,,,153589,Uncategorized
T^C,AT&T Inc. Depositary Shares each representing a 1/1000th interest in a share of 4.750% Perpetual Preferred Stock Series C,16.34,,,,,,282486,Uncategorized
TDS^U,Telephone and Data Systems Inc. Depositary Shares Each Representing a 1/1000th Interest in a 6.625% Series UU Cumulative Redeemable Perpetual Preferred Stock,19.595,,,,,,26138,Uncategorized
TDS^V,Telephone and Data Systems Inc. Depositary Shares Each Representing a 1/1000th Interest in a 6.000% Series VV Cumulative Redeemable Perpetual Preferred Stock,17.82,,,,,,29822,Uncategorized
TFC^I,Truist Financial Corporation Depositary Shares,18.31,,,,,,28389,Uncategorized
TFC^O,Truist Financial Corporation Depositary Shares Each Representing a 1/1000th Interest in a Share of Series O Non-Cumulative Perpetual Preferred Stock,18.36,,,,,,108408,Uncategorized
TFC^R,Truist Financial Corporation Depositary Shares each representing 1/1000th interest in a share of Series R Non-Cumulative Perpetual Preferred Stock,16.58,,,,,,106726,Uncategorized
TFIN^,Triumph Financial Inc. Depositary Shares Each Representing a 1/40th Interest in a Share of 7.125% Series C Fixed-Rate Non-Cumulative Perpetual Preferred Stock,21.625,,,,,,2474,Uncategorized
TRTN^A,Triton International Limited 8.50% Series A Cumulative Redeemable Perpetual  Preference Shares,25.455,,,,,,5567,Uncategorized
TRTN^B,Triton International Limited 8.00% Series B Cumulative Redeemable Perpetual Preference Shares,24.79,,,,,,6472,Uncategorized
TRTN^C,Triton International Limited 7.375% Series C Cumulative Redeemable Perpetual Preference Shares,22.34,,,,,,10802,Uncategorized
TRTN^D,Triton International Limited 6.875% Series D Cumulative Redeemable Perpetual Preference Shares,21.01,,,,,,2290,Uncategorized
TRTN^E,Triton International Limited 5.75% Series E Cumulative Redeemable Perpetual Preference Shares,17.73,,,,,,1569,Uncategorized
TRTN^F,Triton International Limited 7.625% Series F Cumulative Redeemable Perpetual Preference Shares,23.025,,,,,,18578,Uncategorized
TRTN^G,Triton International Limited 7.500% Series G Cumulative Redeemable Perpetual Preference Shares,22.61,,,,,,17378,Uncategorized
TRTX^C,TPG RE Finance Trust Inc. 6.25% Series C Cumulative Redeemable Preferred Stock $0.001 par value per share,16.11,,,,,,11544,Uncategorized
TY^,Tri Continental Corporation Preferred Stock,39.68,,,,,,674,Uncategorized
UMH^D,UMH Properties Inc. 6.375% Series D Cumulative Redeemable Preferred Stock Liquidation Preference $25 per share,21.08,,,,,,33528,Uncategorized
USB^A,U.S. Bancorp Depositary Shares Each representing a 1/100th interest in a share of Series A Non-CumulativePerpetual Pfd Stock,763.39,,,,,,256,Uncategorized
USB^H,U.S. Bancorp Depositary Shares repstg 1/1000th Pfd Ser B,18.28,,,,,,78139,Uncategorized
USB^P,U.S. Bancorp Depositary Shares each representing a 1/1000th interest in a share of Series K Non-Cumulative Perpetual Preferred Stock,19.71,,,,,,49861,Uncategorized
USB^Q,U.S. Bancorp Depositary Shares Each Representing a 1/1000th Interest in a Share of Series L Non-Cumulative Perpetual Preferred Stock,13.77,,,,,,84772,Uncategorized
USB^R,U.S. Bancorp Depositary Shares Each Representing a 1/1000th Interest in a Share of Series M Non-Cumulative Perpetual Preferred Stock,14.41,,,,,,129807,Uncategorized
USB^S,U.S. Bancorp Depositary Shares each representing a 1/1000th interest in a share of Series O Non-Cumulative Perpetual Preferred Stock,15.92,,,,,,62881,Uncategorized
VNO^L,Vornado Realty Trust Pfd Ser L %,16.85,,,,,,5824,Uncategorized
VNO^M,Vornado Realty Trust 5.25% Series M Cumulative Redeemable Preferred Shares of Beneficial Interest liquidation preference $25.00 per share no par value per share,17.0,,,,,,20955,Uncategorized
VNO^N,Vornado Realty Trust 5.25% Series N Cumulative Redeemable Preferred Shares of Beneficial Interest liquidation preference $25.00 per share,16.71,,,,,,8625,Uncategorized
VNO^O,Vornado Realty Trust 4.45% Series O Cumulative Redeemable Preferred Shares Liquidation Preference $25.00 Per Share,13.895,,,,,,20936,Uncategorized
VOYA^B,Voya Financial Inc. Depositary Shares each representing a 1/40th interest in a share of 5.35% Fixed-Rate Reset Non-Cumulative Preferred Stock Series B,22.9,,,,,,67947,Uncategorized
WAL^A,Western Alliance Bancorporation Depositary Shares Each Representing a 1/400th Interest in a Share of 4.250% Fixed-Rate Non-Cumulative Perpetual Preferred Stock Series A,24.84,,,,,,50897,Uncategorized
WFC^A,Wells Fargo & Company Depositary Shares each representing a 1/1000th interest in a share of Non-Cumulative Perpetual Class A Preferred Stock Series AA,16.64,,,,,,136021,Uncategorized
WFC^C,Wells Fargo & Company Depositary Shares each representing a 1/1000th interest in a share of Non-Cumulative Perpetual Class A Preferred Stock Series CC,15.55,,,,,,218709,Uncategorized
WFC^D,Wells Fargo & Company Depositary Shares each representing a 1/1000th interest in  a share of Non-Cumulative Perpetual Class A Preferred Stock Series DD,15.16,,,,,,129050,Uncategorized
WFC^L,Wells Fargo & Company 7.50% Non-Cumulative Perpetual Convertible Class A Preferred Stock Series L,1084.99,,,,,,25653,Uncategorized
WFC^Y,Wells Fargo & Company Depositary Shares each representing a 1/1000th interest in a share of Non-Cumulative Perpetual Class A Preferred Stock Series Y,19.9,,,,,,97836,Uncategorized
WFC^Z,Wells Fargo & Company Depositary Shares each representing a 1/1000th interest in a share of Non-Cumulative Perpetual Class A Preferred Stock Series Z,16.77,,,,,,255370,Uncategorized
WHR^A,Whirlpool Corporation Depositary Shares each representing a 1/20th interest in a share of 8.50% Series A Mandatory Convertible Preferred Stock,28.4,,,,,,18101,Uncategorized
WRB^E,W.R. Berkley Corporation 5.70% Subordinated Debentures due 2058,19.695,,,,,,10786,Uncategorized
WRB^F,W.R. Berkley Corporation 5.10% Subordinated Debentures due 2059,17.55,,,,,,36467,Uncategorized
WRB^G,W.R. Berkley Corporation 4.25% Subordinated Debentures due 2060,15.04,,,,,,2218,Uncategorized
WRB^H,W.R. Berkley Corporation 4.125% Subordinated Debentures due 2061,14.44,,,,,,53366,Uncategorized
WSO/B,Watsco Inc.,310.9,310.8999938964844,310.8999938964844,310.8999938964844,310.8999938964844,,57,Uncategorized
XRN^A,Chiron Real Estate Inc. Series A Cumulative Redeemable Preferred Stock,24.6613,,,,,,7487,Uncategorized
XRN^B,Chiron Real Estate Inc. 8.00% Series B Cumulative Redeemable Preferred Stock $0.001 par value per share,25.21,,,,,,91,Uncategorized
