symbol,name,price,open,high,low,close,marketCap,volume,industry
AMZN,Amazon.com Inc. Common Stock,251.52,250.19000244140625,254.52999877929688,250.17999267578125,251.39999389648438,2712973589629.0,33433513,Consumer Discretionary
WMT,Walmart Inc. Common Stock,104.26,103.83999633789062,105.0999984741211,103.38999938964844,105.06999969482422,827172383087.0,23275492,Consumer Discretionary
V,Visa Inc.,360.66,359.489990234375,370.1700134277344,359.04998779296875,369.7099914550781,644411139449.0,4011300,Consumer Discretionary
MA,Mastercard Incorporated Common Stock,552.26,552.0399780273438,565.8699951171875,551.1500244140625,564.5900268554688,483785249464.0,2453639,Consumer Discretionary
COST,Costco Wholesale Corporation Common Stock,920.65,920.0,925.3400268554688,914.75,923.52001953125,408288760903.0,2025694,Consumer Discretionary
PG,Procter & Gamble Company (The) Common Stock,144.91,145.0,146.08999633789062,144.3800048828125,145.94000244140625,336833594725.0,6251448,Consumer Discretionary
HD,Home Depot Inc. (The) Common Stock,282.85,283.5400085449219,283.5400085449219,279.760009765625,281.1499938964844,282196510714.0,4792643,Consumer Discretionary
NFLX,Netflix Inc. Common Stock,67.06,67.05000305175781,67.5,66.54000091552734,67.5,279233794673.0,38672377,Consumer Discretionary
DIS,Walt Disney Company (The) Common Stock,102.19,101.80999755859375,103.72000122070312,101.31999969482422,103.61000061035156,176450134515.0,6704936,Consumer Discretionary
MCD,McDonald's Corporation Common Stock,231.89,231.89999389648438,233.0800018310547,229.1999969482422,233.0399932861328,164094994624.0,6428546,Consumer Discretionary
TJX,TJX Companies Inc. (The) Common Stock,132.68,133.55999755859375,136.14999389648438,133.33999633789062,134.41000366210938,145944558413.0,6951628,Consumer Discretionary
UBER,Uber Technologies Inc. Common Stock,68.11,68.4000015258789,70.01000213623047,68.37999725341797,69.4800033569336,139118769841.0,15575552,Consumer Discretionary
BKNG,Booking Holdings Inc. Common Stock,159.02,158.6699981689453,158.8000030517578,154.05999755859375,158.3300018310547,119484527110.0,7693146,Consumer Discretionary
SBUX,Starbucks Corporation Common Stock,94.71,94.76000213623047,95.0,93.55000305175781,94.43000030517578,107969400000.0,6366528,Consumer Discretionary
LOW,Lowe's Companies Inc. Common Stock,180.8,180.0,180.85000610351562,178.4499969482422,179.5,101438566635.0,2773010,Consumer Discretionary
ABNB,Airbnb Inc. Class A Common Stock,162.43,162.83999633789062,164.86000061035156,161.85000610351562,164.07000732421875,97260758327.0,3443511,Consumer Discretionary
MAR,Marriott International Class A Common Stock,358.96,357.7900085449219,358.9599914550781,354.69000244140625,355.8900146484375,93604666740.0,1000893,Consumer Discretionary
DASH,DoorDash Inc. Class A Common Stock,189.15,188.1300048828125,194.24000549316406,188.1300048828125,191.77000427246094,81958304784.0,4237849,Consumer Discretionary
SHW,Sherwin-Williams Company (The) Common Stock,319.51,318.7099914550781,320.5400085449219,315.6400146484375,318.4599914550781,77563656826.0,1572084,Consumer Discretionary
ECL,Ecolab Inc. Common Stock,273.7,272.05999755859375,279.57000732421875,271.0,277.07000732421875,76725938641.0,1225832,Consumer Discretionary
RCL,Royal Caribbean Cruises Ltd. Common Stock,277.74,277.0299987792969,277.0799865722656,269.69000244140625,275.0299987792969,74282141810.0,3419445,Consumer Discretionary
ROST,Ross Stores Inc. Common Stock,228.54,228.7899932861328,231.25,224.94000244140625,226.3699951171875,73007813759.0,2358678,Consumer Discretionary
HLT,Hilton Worldwide Holdings Inc. Common Stock ,319.36,318.8800048828125,319.8599853515625,316.0400085449219,316.1199951171875,71876729658.0,1124490,Consumer Discretionary
TGT,Target Corporation Common Stock,156.0,155.1300048828125,155.50999450683594,150.6699981689453,152.99000549316406,70870290816.0,4300972,Consumer Discretionary
CVNA,Carvana Co. Class A Common Stock,63.77,63.70500183105469,65.12000274658203,63.06800079345703,63.720001220703125,70176574613.0,8865585,Consumer Discretionary
FDX,FedEx Corporation Common Stock,290.36,291.0,292.04998779296875,285.0400085449219,289.1300048828125,68719627507.0,1462718,Consumer Discretionary
ORLY,O'Reilly Automotive Inc. Common Stock,84.9,84.19999694824219,84.62000274658203,83.01000213623047,83.9000015258789,68680771241.0,3772716,Consumer Discretionary
URI,United Rentals Inc. Common Stock,1081.04,1082.0699462890625,1090.6099853515625,1067.719970703125,1074.280029296875,67286620309.0,617363,Consumer Discretionary
CL,Colgate-Palmolive Company Common Stock,84.26,84.51000213623047,86.36000061035156,84.33000183105469,86.19000244140625,67169782572.0,6610721,Consumer Discretionary
SE,Sea Limited American Depositary Shares each representing one Class A Ordinary Share,95.19,96.75,98.43000030517578,96.31999969482422,96.8499984741211,58302401649.0,3972342,Consumer Discretionary
FAST,Fastenal Company Common Stock,50.75,50.619998931884766,50.9900016784668,49.9900016784668,50.689998626708984,58235501830.0,7156941,Consumer Discretionary
BKR,Baker Hughes Company Class A Common Stock,56.0,56.0,57.970001220703125,55.72999954223633,57.380001068115234,55589747976.0,4222681,Consumer Discretionary
DAL,Delta Air Lines Inc. Common Stock,84.09,85.0,85.3499984741211,82.80999755859375,83.08000183105469,55299520593.0,8153404,Consumer Discretionary
NKE,Nike Inc. Common Stock,33.87,33.81999969482422,34.119998931884766,32.7599983215332,33.959999084472656,50246101071.0,142717198,Consumer Discretionary
EBAY,eBay Inc. Common Stock,106.4,107.44000244140625,107.77999877929688,105.66000366210938,107.13999938964844,47348000000.0,2972905,Consumer Discretionary
AZO,AutoZone Inc. Common Stock,2792.03,2782.090087890625,2812.0,2730.64990234375,2807.72998046875,45580880921.0,169830,Consumer Discretionary
TRI,Thomson Reuters Corporation Common Shares,97.62,96.76000213623047,97.9000015258789,95.13999938964844,97.08000183105469,42288984000.0,1735882,Consumer Discretionary
CMG,Chipotle Mexican Grill Inc. Common Stock,32.36,32.119998931884766,32.15999984741211,30.209999084472656,30.850000381469727,40948926480.0,15078921,Consumer Discretionary
LYV,Live Nation Entertainment Inc. Common Stock,168.77,168.22999572753906,171.9499969482422,167.0800018310547,170.6699981689453,39767926552.0,2070682,Consumer Discretionary
MSCI,MSCI Inc. Common Stock,535.95,536.0499877929688,553.530029296875,535.3499755859375,552.3499755859375,38963565000.0,487617,Consumer Discretionary
SYY,Sysco Corporation Common Stock,77.49,77.43000030517578,77.63999938964844,76.08999633789062,76.37999725341797,38119455233.0,3987721,Consumer Discretionary
DHI,D.R. Horton Inc. Common Stock,135.0,134.22999572753906,134.55999755859375,132.17999267578125,133.22999572753906,37759671045.0,2822532,Consumer Discretionary
YUM,Yum! Brands Inc.,136.12,136.6300048828125,138.05999755859375,135.35000610351562,136.97000122070312,37147295690.0,1755036,Consumer Discretionary
UAL,United Airlines Holdings Inc. Common Stock,112.51,113.1500015258789,113.4000015258789,109.5199966430664,110.0,36518920188.0,4026366,Consumer Discretionary
VIK,Viking Holdings Ltd Ordinary Shares,80.56,80.61000061035156,82.47000122070312,80.54000091552734,81.02999877929688,35912523302.0,3459988,Consumer Discretionary
CCL,Carnival Corporation Ltd. Common Shares,25.76,25.889999389648438,25.940000534057617,25.34000015258789,25.559999465942383,34637156923.0,27462885,Consumer Discretionary
EL,Estee Lauder Companies Inc. (The) Common Stock,91.97,94.0,94.80000305175781,92.93000030517578,93.30000305175781,33322825617.0,2699301,Consumer Discretionary
TKO,TKO Group Holdings Inc. Class A Common Stock,175.58,174.77999877929688,178.86000061035156,171.19000244140625,177.0399932861328,33231976209.0,930308,Consumer Discretionary
KVUE,Kenvue Inc. Common Stock,17.2,17.239999771118164,17.405000686645508,17.165000915527344,17.389999389648438,33037303632.0,13997087,Consumer Discretionary
SUNB,Sunbelt Rentals Holdings Inc. Common Stock,77.1,76.61000061035156,78.9800033569336,76.47000122070312,77.38999938964844,31592873559.0,3172448,Consumer Discretionary
KMB,Kimberly-Clark Corporation Common Stock,94.36,94.47000122070312,95.55999755859375,93.94999694824219,95.41000366210938,31382158026.0,4449391,Consumer Discretionary
EXPE,Expedia Group Inc. Common Stock,265.0,265.5899963378906,268.0,257.510009765625,260.1700134277344,30341411115.0,1428970,Consumer Discretionary
ECHO,EchoStar  Corporation Common Stock,94.25,94.72000122070312,99.55000305175781,94.22000122070312,98.20999908447266,27409393297.0,4944390,Consumer Discretionary
WSM,Williams-Sonoma Inc. Common Stock (DE),232.3,233.2100067138672,240.4600067138672,231.69000244140625,238.6999969482422,27360101888.0,945152,Consumer Discretionary
DG,Dollar General Corporation Common Stock,118.94,118.93000030517578,121.44000244140625,118.19999694824219,119.31999969482422,26240161003.0,1603904,Consumer Discretionary
CPAY,Corpay Inc. Common Stock,394.6,393.55999755859375,405.4800109863281,393.55999755859375,401.7200012207031,25909277765.0,578403,Consumer Discretionary
SN,SharkNinja Inc. Ordinary Shares,182.57,182.8800048828125,186.3249969482422,181.17999267578125,182.69000244140625,25718919249.0,925087,Consumer Discretionary
CPRT,Copart Inc. (DE) Common Stock,27.22,27.209999084472656,27.709999084472656,26.850000381469727,27.649999618530273,25214714903.0,8446544,Consumer Discretionary
CPNG,Coupang Inc. Class A Common Stock,13.78,13.880000114440918,14.270000457763672,13.800000190734863,14.199999809265137,24769711254.0,19022746,Consumer Discretionary
TPR,Tapestry Inc. Common Stock,118.12,118.1500015258789,119.41000366210938,116.38999938964844,116.94999694824219,23594519847.0,3638986,Consumer Discretionary
FISV,Fiserv Inc. Common Stock,44.36,44.15999984741211,46.279998779296875,44.099998474121094,46.13999938964844,23589171744.0,6419394,Consumer Discretionary
LVS,Las Vegas Sands Corp. Common Stock,36.23,36.650001525878906,37.0099983215332,36.08000183105469,36.61000061035156,23466213896.0,7318117,Consumer Discretionary
PPG,PPG Industries Inc. Common Stock,105.15,105.05999755859375,105.95999908447266,103.95999908447266,105.2699966430664,23374845000.0,1135603,Consumer Discretionary
ULTA,Ulta Beauty Inc. Common Stock,543.69,543.6900024414062,549.1400146484375,541.6300048828125,542.719970703125,23246809408.0,341215,Consumer Discretionary
DRI,Darden Restaurants Inc. Common Stock,200.33,201.88999938964844,202.49000549316406,196.8000030517578,199.72000122070312,22853239530.0,1097098,Consumer Discretionary
CASY,Casey's General Stores Inc. Common Stock,617.76,617.3699951171875,619.0499877929688,600.3099975585938,617.3300170898438,22832512766.0,609553,Consumer Discretionary
ASTS,AST SpaceMobile Inc. Class A Common Stock,58.45,58.689998626708984,59.2599983215332,57.29499816894531,58.439998626708984,22746840024.0,15068809,Consumer Discretionary
CHD,Church & Dwight Company Inc. Common Stock,94.31,94.63999938964844,95.95999908447266,94.23999786376953,95.66000366210938,22370700469.0,2182069,Consumer Discretionary
XPO,XPO Inc. Common Stock,186.09,185.14999389648438,186.8000030517578,179.80999755859375,182.86000061035156,21788620272.0,1358731,Consumer Discretionary
PHM,PulteGroup Inc. Common Stock,115.73,115.27999877929688,115.27999877929688,113.05000305175781,113.9800033569336,21693882454.0,1824950,Consumer Discretionary
DLTR,Dollar Tree Inc. Common Stock,112.16,113.25,115.55000305175781,111.29000091552734,113.19000244140625,21044614336.0,1626735,Consumer Discretionary
USFD,US Foods Holding Corp. Common Stock,96.92,96.61000061035156,96.98999786376953,94.56500244140625,94.62999725341797,20966773673.0,3479348,Consumer Discretionary
LUV,Southwest Airlines Company Common Stock,42.47,42.5,42.59000015258789,41.70000076293945,41.849998474121094,20776672296.0,6196358,Consumer Discretionary
GPN,Global Payments Inc. Common Stock,78.38,78.30000305175781,82.47000122070312,78.02999877929688,82.18000030517578,20740789408.0,2517009,Consumer Discretionary
PKG,Packaging Corporation of America Common Stock,228.54,227.0,230.50999450683594,224.83999633789062,229.30999755859375,20362525253.0,530936,Consumer Discretionary
OMC,Omnicom Group Inc. Common Stock,74.15,74.26000213623047,75.48999786376953,74.1500015258789,75.25,20342753453.0,1948207,Consumer Discretionary
LEN,Lennar Corporation Class A Common Stock,79.81,78.97000122070312,79.7300033569336,73.75,74.44000244140625,19225841283.0,9017011,Consumer Discretionary
SNA,Snap-On Incorporated Common Stock,368.9,367.07000732421875,370.6499938964844,364.0400085449219,367.3999938964844,19082136044.0,249400,Consumer Discretionary
WCC,WESCO International Inc. Common Stock,381.73,383.3599853515625,384.8500061035156,374.54998779296875,377.0899963378906,18602792357.0,466883,Consumer Discretionary
BBY,Best Buy Co. Inc. Common Stock,87.97,88.05999755859375,88.37999725341797,86.13999938964844,87.38999938964844,18449745593.0,2188026,Consumer Discretionary
BR,Broadridge Financial Solutions Inc. Common Stock,156.93,156.72000122070312,159.0800018310547,155.67999267578125,159.0800018310547,17717402022.0,743228,Consumer Discretionary
GPC,Genuine Parts Company Common Stock,127.24,127.12999725341797,127.4800033569336,124.94999694824219,126.23999786376953,17541275608.0,777895,Consumer Discretionary
APG,APi Group Corporation Common Stock,40.48,40.310001373291016,41.439998626708984,40.11600112915039,40.65999984741211,17493848823.0,2960721,Consumer Discretionary
BURL,Burlington Stores Inc. Common Stock,275.34,277.760009765625,278.8699951171875,271.6400146484375,271.80999755859375,17295535791.0,1991939,Consumer Discretionary
NWS,News Corporation Class B Common Stock,31.65,31.649999618530273,32.02000045776367,31.389999389648438,32.0,17105115995.0,936298,Consumer Discretionary
FDXF,FedEx Freight Holding Company Inc. Common Stock,112.89,112.4800033569336,114.43000030517578,111.33000183105469,111.58000183105469,16879102034.0,1554560,Consumer Discretionary
FIS,Fidelity National Information Services Inc. Common Stock,32.44,32.5,33.65999984741211,32.400001525878906,33.58000183105469,16729499947.0,7033264,Consumer Discretionary
CDW,CDW Corporation Common Stock,133.29,133.1199951171875,137.3699951171875,132.39999389648438,133.9199981689453,16663572712.0,1330323,Consumer Discretionary
TSCO,Tractor Supply Company Common Stock,31.09,30.760000228881836,31.520000457763672,30.530000686645508,31.420000076293945,16199137859.0,13638964,Consumer Discretionary
NVR,NVR Inc. Common Stock,5993.85,6000.0,6000.0,5880.0,5970.2099609375,15972771111.0,41045,Consumer Discretionary
AKAM,Akamai Technologies Inc. Common Stock,108.92,108.87000274658203,109.54000091552734,106.2699966430664,107.98999786376953,15653613052.0,5045508,Consumer Discretionary
NWSA,News Corporation Class A Common Stock,28.69,28.649999618530273,28.979999542236328,28.40999984741211,28.950000762939453,15505395826.0,3253072,Consumer Discretionary
H,Hyatt Hotels Corporation Class A Common Stock,158.9,160.0,160.0,156.0,156.77000427246094,14968634399.0,562606,Consumer Discretionary
PFGC,Performance Food Group Company Common Stock,93.85,93.95999908447266,94.3949966430664,92.51000213623047,92.58000183105469,14784475053.0,1193185,Consumer Discretionary
ARMK,Aramark Common Stock,55.55,55.68000030517578,55.7599983215332,54.849998474121094,55.22999954223633,14644371194.0,1983699,Consumer Discretionary
ROL,Rollins Inc. Common Stock,30.16,29.799999237060547,30.1299991607666,29.290000915527344,29.690000534057617,14511345385.0,5576932,Consumer Discretionary
FICO,Fair Isaac Corporation Common Stock,661.25,661.72998046875,692.9199829101562,648.9500122070312,689.6099853515625,14281436144.0,1645538,Consumer Discretionary
SGI,Somnigroup International Inc. Common Stock,61.97,61.63999938964844,63.18000030517578,61.400001525878906,62.290000915527344,14267922604.0,2412718,Consumer Discretionary
WMG,Warner Music Group Corp. Class A Common Stock,26.815,26.899999618530273,27.69499969482422,26.700000762939453,27.6299991607666,14027188456.0,2539644,Consumer Discretionary
W,Wayfair Inc. Class A Common Stock,101.25,101.5199966430664,107.22000122070312,101.5199966430664,106.05000305175781,13868017088.0,2214694,Consumer Discretionary
SWK,Stanley Black & Decker Inc. Common Stock,91.34,91.0,91.2699966430664,88.77999877929688,89.68000030517578,13793859989.0,2042359,Consumer Discretionary
YUMC,Yum China Holdings Inc. Common Stock,39.98,40.459999084472656,40.47999954223633,40.02000045776367,40.25,13691476277.0,1480517,Consumer Discretionary
PAG,Penske Automotive Group Inc. Common Stock,204.03,202.41000366210938,203.9600067138672,199.85000610351562,200.58999633789062,13397195978.0,450703,Consumer Discretionary
ALLE,Allegion plc Ordinary Shares,154.21,153.35000610351562,154.72000122070312,151.74000549316406,153.6699981689453,13113522769.0,888007,Consumer Discretionary
AVY,Avery Dennison Corporation Common Stock,169.87,168.3000030517578,171.0800018310547,166.9499969482422,170.0,12874131682.0,631824,Consumer Discretionary
GNRC,Generac Holdlings Inc. Common Stock,216.8,215.4600067138672,216.36000061035156,211.2899932861328,215.1999969482422,12792579065.0,1114415,Consumer Discretionary
RPM,RPM International Inc. Common Stock,99.19,99.13999938964844,99.38999938964844,95.04000091552734,95.30000305175781,12670670656.0,1017632,Consumer Discretionary
HAS,Hasbro Inc. Common Stock,89.54,89.6500015258789,92.43000030517578,89.6500015258789,92.37999725341797,12629121575.0,1819536,Consumer Discretionary
AIT,Applied Industrial Technologies Inc. Common Stock,343.45,342.8500061035156,352.010009765625,341.5400085449219,345.7900085449219,12616256238.0,268399,Consumer Discretionary
TOL,Toll Brothers Inc. Common Stock,136.61,136.2100067138672,136.88999938964844,134.66000366210938,135.3800048828125,12588201670.0,1457004,Consumer Discretionary
QXO,QXO Inc. Common Stock,12.06,11.989999771118164,12.149999618530273,11.770000457763672,11.880000114440918,12512137951.0,16799405,Consumer Discretionary
GME,GameStop Corporation Common Stock,24.7,24.969999313354492,25.780000686645508,24.770000457763672,25.239999771118164,12461174453.0,13520815,Consumer Discretionary
BWA,BorgWarner Inc. Common Stock,60.52,60.400001525878906,61.06999969482422,59.849998474121094,60.2599983215332,12325887744.0,2228790,Consumer Discretionary
WSO,Watsco Inc. Common Stock,297.47,295.0,295.0,285.6199951171875,292.1499938964844,12271290149.0,420723,Consumer Discretionary
TME,Tencent Music Entertainment Group American Depositary Shares each representing two Class A Ordinary Shares,7.74,7.760000228881836,7.880000114440918,7.730000019073486,7.869999885559082,12182020830.0,5238286,Consumer Discretionary
FIVE,Five Below Inc. Common Stock,221.19,221.47000122070312,224.99000549316406,214.10000610351562,215.92999267578125,12177402002.0,624645,Consumer Discretionary
DKS,Dick's Sporting Goods Inc Common Stock,136.08,135.1999969482422,137.75,132.9600067138672,137.1300048828125,12101125740.0,3839915,Consumer Discretionary
UHAL,U-Haul Holding Company Common Stock,61.89,62.20000076293945,62.36000061035156,61.099998474121094,61.099998474121094,12031013406.0,167035,Consumer Discretionary
BJ,BJ's Wholesale Club Holdings Inc. Common Stock,94.96,94.80999755859375,95.62000274658203,93.73999786376953,93.80000305175781,11994843152.0,2439325,Consumer Discretionary
IT,Gartner Inc. Common Stock,184.8,185.07000732421875,188.1199951171875,184.4499969482422,187.75999450683594,11669930765.0,628570,Consumer Discretionary
DECK,Deckers Outdoor Corporation Common Stock,79.12,79.4800033569336,80.30999755859375,78.72000122070312,80.20999908447266,10793093640.0,2708747,Consumer Discretionary
GSAT,Globalstar Inc. Common Stock,83.22,83.22000122070312,83.7300033569336,83.0199966430664,83.54000091552734,10782265316.0,534968,Consumer Discretionary
SCI,Service Corporation International Common Stock,77.14,76.7300033569336,77.22000122070312,75.91999816894531,75.94000244140625,10538826224.0,1056792,Consumer Discretionary
CART,Maplebear Inc. Common Stock,44.25,44.779998779296875,46.14500045776367,44.57500076293945,45.66999816894531,10502002950.0,2313884,Consumer Discretionary
TXRH,Texas Roadhouse Inc. Common Stock,156.14,159.52000427246094,160.75,154.86000061035156,158.97000122070312,10249174186.0,1173027,Consumer Discretionary
NYT,New York Times Company (The) Common Stock,62.7,62.61000061035156,64.43000030517578,62.0099983215332,64.0,10063529447.0,5035625,Consumer Discretionary
RTO,Rentokil Initial plc American Depositary Shares (each representing five (5) Ordinary Shares),19.95,19.8799991607666,20.110000610351562,19.850000381469727,20.020000457763672,10062780000.0,2236674,Consumer Discretionary
VSAT,ViaSat Inc. Common Stock,72.0,71.66000366210938,72.27999877929688,69.66999816894531,69.79000091552734,9918418320.0,1949740,Consumer Discretionary
DPZ,Domino's Pizza Inc Common Stock,297.615,298.260009765625,299.8999938964844,293.45001220703125,297.2699890136719,9845620562.0,579135,Consumer Discretionary
MSGS,Madison Square Garden Sports Corp. Class A Common Stock (New),406.95,408.5400085449219,408.5799865722656,397.19000244140625,400.32000732421875,9799331990.0,392472,Consumer Discretionary
ALSN,Allison Transmission Holdings Inc. Common Stock,117.97,117.58999633789062,118.7300033569336,114.37999725341797,115.75,9741731143.0,749682,Consumer Discretionary
CLX,Clorox Company (The) Common Stock,80.41,80.95999908447266,82.44000244140625,80.81999969482422,82.01000213623047,9724062112.0,2284082,Consumer Discretionary
WMS,Advanced Drainage Systems Inc. Common Stock,127.27,128.19000244140625,131.30999755859375,126.08999633789062,129.42999267578125,9596837876.0,538159,Consumer Discretionary
MUSA,Murphy USA Inc. Common Stock,515.02,510.6700134277344,515.0599975585938,504.55999755859375,511.67999267578125,9466246312.0,190162,Consumer Discretionary
MOD,Modine Manufacturing Company Common Stock,178.2,179.47000122070312,186.0800018310547,176.50999450683594,182.91000366210938,9464684566.0,1270121,Consumer Discretionary
TTC,Toro Company (The) Common Stock,98.64,98.73999786376953,100.20999908447266,97.58000183105469,98.94000244140625,9337595606.0,580087,Consumer Discretionary
AYI,Acuity Inc. Common Stock,308.76,308.8699951171875,308.8699951171875,301.0899963378906,304.8399963378906,9242899492.0,745825,Consumer Discretionary
DKNG,DraftKings Inc. Class A Common Stock,18.59,19.25,20.21500015258789,18.96500015258789,19.600000381469727,9229080752.0,17857189,Consumer Discretionary
LTH,Life Time Group Holdings Inc. Common Stock,40.99,40.869998931884766,41.05500030517578,39.92499923706055,40.060001373291016,9159705249.0,4088253,Consumer Discretionary
FCFS,FirstCash Holdings Inc. Common Stock,210.36,209.80999755859375,213.38999938964844,207.0,211.3300018310547,9123691848.0,277717,Consumer Discretionary
R,Ryder System Inc. Common Stock,237.24,239.2899932861328,240.66000366210938,235.80999755859375,235.94000244140625,9097410964.0,294883,Consumer Discretionary
LLYVK,Liberty Live Holdings Inc. Series C Liberty Live Group Common Stock,97.87,97.23999786376953,100.20999908447266,96.52999877929688,98.87000274658203,9004566149.0,372892,Consumer Discretionary
LLYVA,Liberty Live Holdings Inc. Series A Liberty Live Group Common Stock,95.72,95.5,97.5999984741211,95.06999969482422,96.16999816894531,8806754591.0,104443,Consumer Discretionary
SIRI,SiriusXM Holdings Inc. Common Stock,25.72,25.8700008392334,26.329999923706055,25.43000030517578,26.309999465942383,8669360437.0,5273848,Consumer Discretionary
AAL,American Airlines Group Inc. Common Stock,12.94,13.0,13.029999732971191,12.789999961853027,12.829999923706055,8565891166.0,73233061,Consumer Discretionary
MHK,Mohawk Industries Inc. Common Stock,126.41,126.02999877929688,127.19999694824219,124.20999908447266,124.93000030517578,8562778909.0,980127,Consumer Discretionary
TTEK,Tetra Tech Inc. Common Stock,33.12,33.04999923706055,33.54999923706055,32.56999969482422,33.33000183105469,8480191455.0,1913026,Consumer Discretionary
EAT,Brinker International Inc. Common Stock,202.0,201.02000427246094,202.17999267578125,187.44000244140625,194.16000366210938,8460014520.0,954779,Consumer Discretionary
BAH,Booz Allen Hamilton Holding Corporation Common Stock,67.35,67.30000305175781,69.19000244140625,66.5,68.61000061035156,8101192932.0,2771021,Consumer Discretionary
GAP,Gap Inc. (The) Common Stock,22.51,22.709999084472656,23.520000457763672,22.6299991607666,23.299999237060547,7907090784.0,4370738,Consumer Discretionary
CNM,Core & Main Inc. Class A Common Stock,41.35,41.150001525878906,42.040000915527344,40.619998931884766,41.81999969482422,7876928968.0,1391343,Consumer Discretionary
MGM,MGM Resorts International Common Stock,30.48,30.670000076293945,31.030000686645508,30.049999237060547,30.170000076293945,7873689399.0,4087472,Consumer Discretionary
WYNN,Wynn Resorts Limited Common stock,75.88,76.0999984741211,78.68000030517578,76.0199966430664,77.16999816894531,7813658849.0,2187033,Consumer Discretionary
KMX,CarMax Inc,54.92,54.400001525878906,55.61000061035156,52.7599983215332,54.86000061035156,7795498960.0,2910671,Consumer Discretionary
AOS,A.O. Smith Corporation Common Stock,56.75,56.22999954223633,57.2400016784668,55.599998474121094,56.970001220703125,7712811518.0,1091183,Consumer Discretionary
ACM,AECOM Common Stock,59.66,59.33000183105469,60.970001220703125,59.0,59.7599983215332,7678028716.0,1325654,Consumer Discretionary
LEVI,Levi Strauss & Co Class A Common Stock,19.87,20.049999237060547,20.424999237060547,19.895000457763672,20.270000457763672,7646980667.0,3067778,Consumer Discretionary
HQY,HealthEquity Inc. Common Stock,90.04,90.37999725341797,92.37999725341797,89.66999816894531,91.55000305175781,7447685252.0,834513,Consumer Discretionary
VSXY,Victorias Secret & Co. Common Stock ,91.73,91.2699966430664,91.80000305175781,86.6500015258789,89.41000366210938,7316755297.0,1678729,Consumer Discretionary
CHWY,Chewy Inc. Class A Common Stock,18.17,18.059999465942383,18.25,17.780000686645508,18.219999313354492,7303018114.0,7936574,Consumer Discretionary
KEX,Kirby Corporation Common Stock,137.87,137.97000122070312,140.72000122070312,136.5800018310547,139.85000610351562,7279536000.0,503514,Consumer Discretionary
SSD,Simpson Manufacturing Company Inc. Common Stock,173.56,172.39999389648438,174.83999633789062,170.16000366210938,172.77000427246094,7113301408.0,310853,Consumer Discretionary
NCLH,Norwegian Cruise Line Holdings Ltd. Ordinary Shares,15.14,15.130000114440918,15.260000228881836,14.829999923706055,14.869999885559082,6952103988.0,31250029,Consumer Discretionary
URBN,Urban Outfitters Inc. Common Stock,80.8,81.0199966430664,82.33999633789062,79.79000091552734,81.5999984741211,6921342625.0,1071291,Consumer Discretionary
MATX,Matson Inc. Common Stock,231.11,231.11000061035156,232.42999267578125,224.2899932861328,230.66000366210938,6910988178.0,211412,Consumer Discretionary
AXTA,Axalta Coating Systems Ltd. Common Shares,32.2,32.83000183105469,33.209999084472656,32.2400016784668,32.68000030517578,6891443903.0,2704618,Consumer Discretionary
LAD,Lithia Motors Inc. Common Stock,307.77,304.3900146484375,304.9599914550781,292.6600036621094,303.0,6765743611.0,456141,Consumer Discretionary
BROS,Dutch Bros Inc. Class A Common Stock,38.67,38.790000915527344,39.060001373291016,37.41999816894531,38.22999954223633,6754941958.0,3026070,Consumer Discretionary
NOV,NOV Inc. Common Stock,18.8,18.829999923706055,19.760000228881836,18.790000915527344,19.510000228881836,6701788750.0,3141102,Consumer Discretionary
ETSY,Etsy Inc. Common Stock,72.77,71.55999755859375,72.37999725341797,70.4749984741211,70.88999938964844,6678957802.0,1975191,Consumer Discretionary
RUSHB,Rush Enterprises Inc. Class B,56.71,56.869998931884766,57.18000030517578,56.060001373291016,56.29999923706055,6619778545.0,110213,Consumer Discretionary
ANDG,Andersen Group Inc. Class A Common Stock,57.14,57.18000030517578,57.34000015258789,55.939998626708984,56.0,6456160204.0,685484,Consumer Discretionary
CAVA,CAVA Group Inc. Common Stock,54.41,54.45000076293945,54.86000061035156,52.099998474121094,54.099998474121094,6355425233.0,2826467,Consumer Discretionary
ZG,Zillow Group Inc. Class A Common Stock,28.095,28.0,28.549999237060547,27.90999984741211,28.1299991607666,6317861833.0,645407,Consumer Discretionary
ECG,Everus Construction Group Inc. Common Stock,123.35,124.05000305175781,128.19000244140625,120.91000366210938,126.16999816894531,6298724171.0,415419,Consumer Discretionary
ELF,e.l.f. Beauty Inc. Common Stock,104.68,105.94999694824219,106.97000122070312,103.66999816894531,103.75,6176957021.0,1023944,Consumer Discretionary
Z,Zillow Group Inc. Class C Capital Stock,27.41,27.5,27.899999618530273,27.200000762939453,27.40999984741211,6163822489.0,3272739,Consumer Discretionary
BLDR,Builders FirstSource Inc. Common Stock,56.25,56.4900016784668,56.9900016784668,54.9900016784668,55.630001068115234,6052300706.0,1940873,Consumer Discretionary
CZR,Caesars Entertainment Inc. Common Stock,29.65,29.649999618530273,29.770000457763672,29.6299991607666,29.649999618530273,6040309030.0,4498033,Consumer Discretionary
GATX,GATX Corporation Common Stock,171.03,171.13999938964844,173.5399932861328,168.49000549316406,172.27000427246094,6037359000.0,295154,Consumer Discretionary
LEA,Lear Corporation Common Stock,120.85,121.16999816894531,122.43000030517578,120.66999816894531,121.33000183105469,5960897729.0,452459,Consumer Discretionary
M,Macy's Inc Common Stock,22.73,22.690000534057617,22.8700008392334,22.100000381469727,22.510000228881836,5936545164.0,4601452,Consumer Discretionary
XMTR,Xometry Inc. Class A Common Stock,102.53,103.22000122070312,108.55000305175781,102.0,107.69999694824219,5877385940.0,676565,Consumer Discretionary
POOL,Pool Corporation Common Stock,161.42,161.4199981689453,161.4199981689453,157.39999389648438,159.35000610351562,5866123381.0,632333,Consumer Discretionary
LYFT,Lyft Inc. Class A Common Stock,15.46,15.449999809265137,15.800000190734863,15.4399995803833,15.729999542236328,5852232250.0,8248812,Consumer Discretionary
LGN,Legence Corp. Class A Common stock,53.61,53.59000015258789,56.54999923706055,52.20000076293945,53.790000915527344,5793926483.0,1189338,Consumer Discretionary
LKQ,LKQ Corporation Common Stock,22.8,22.6200008392334,22.8700008392334,22.290000915527344,22.399999618530273,5768447561.0,2285975,Consumer Discretionary
ANF,Abercrombie & Fitch Company Common Stock,135.91,136.97000122070312,142.25,136.72999572753906,141.39999389648438,5767256178.0,1053871,Consumer Discretionary
WEX,WEX Inc. common stock,169.1,169.6699981689453,176.02999877929688,169.6699981689453,172.47999572753906,5763200420.0,532351,Consumer Discretionary
SEI,Solaris Energy Infrastructure Inc. Class A Common Stock,74.93,75.16000366210938,75.87999725341797,73.62000274658203,74.75,5737119753.0,2870623,Consumer Discretionary
INSW,International Seaways Inc. Common Stock ,115.81,119.48999786376953,120.0,112.62999725341797,116.5999984741211,5736221127.0,765980,Consumer Discretionary
WFRD,Weatherford International plc Ordinary Shares,79.72,79.44999694824219,83.13999938964844,79.44999694824219,82.31999969482422,5700944931.0,1036649,Consumer Discretionary
CROX,Crocs Inc. Common Stock,118.09,118.08999633789062,120.29000091552734,117.5999984741211,118.19000244140625,5661833907.0,1009103,Consumer Discretionary
RUSHA,Rush Enterprises Inc. Common Stock Cl A,47.18,47.25,47.70000076293945,46.40999984741211,47.15999984741211,5507338243.0,781940,Consumer Discretionary
CAKE,Cheesecake Factory Incorporated (The) Common Stock,109.65,110.0,111.0,107.18000030517578,109.02999877929688,5456253518.0,733318,Consumer Discretionary
EXLS,ExlService Holdings Inc. Common Stock,35.75,35.900001525878906,36.18000030517578,35.540000915527344,35.900001525878906,5420146839.0,2997505,Consumer Discretionary
AGX,Argan Inc. Common Stock,383.83,385.0,393.92999267578125,378.6600036621094,387.739990234375,5385074255.0,270677,Consumer Discretionary
AN,AutoNation Inc. Common Stock,162.46,158.0,162.38999938964844,155.5500030517578,161.6699981689453,5371058543.0,402084,Consumer Discretionary
GXO,GXO Logistics Inc. Common Stock ,46.56,46.869998931884766,46.880001068115234,45.720001220703125,45.9900016784668,5339713998.0,1132246,Consumer Discretionary
WH,Wyndham Hotels & Resorts Inc. Common Stock ,71.79,71.44999694824219,72.19000244140625,70.33000183105469,71.22000122070312,5327616448.0,900773,Consumer Discretionary
FTDR,Frontdoor Inc. Common Stock,77.24,76.87999725341797,78.3499984741211,75.7300033569336,77.62000274658203,5321319728.0,633159,Consumer Discretionary
CHDN,Churchill Downs Incorporated Common Stock,76.05,75.80999755859375,79.2300033569336,74.94999694824219,77.56999969482422,5300703480.0,1194511,Consumer Discretionary
RRR,Red Rock Resorts Inc. Class A Common Stock,50.31,50.15999984741211,52.2400016784668,50.10499954223633,51.060001373291016,5283364469.0,1631109,Consumer Discretionary
PSMT,PriceSmart Inc. Common Stock,170.68,170.63999938964844,173.88999938964844,169.7899932861328,171.80999755859375,5267274236.0,286321,Consumer Discretionary
OLLI,Ollie's Bargain Outlet Holdings Inc. Common Stock,88.055,88.83000183105469,89.38999938964844,86.73999786376953,86.8499984741211,5230678596.0,1683328,Consumer Discretionary
IRDM,Iridium Communications Inc Common Stock,48.96,48.689998626708984,48.81999969482422,48.29999923706055,48.439998626708984,5187820352.0,1328975,Consumer Discretionary
IBP,Installed Building Products Inc. Common Stock,193.0,192.14999389648438,194.9199981689453,188.80999755859375,191.11000061035156,5129781161.0,418678,Consumer Discretionary
HRB,H&R Block Inc. Common Stock,41.68,41.66999816894531,43.040000915527344,41.66999816894531,42.0,5108178428.0,1712763,Consumer Discretionary
WHD,Cactus Inc. Class A Common Stock,63.44,62.7599983215332,65.7300033569336,62.7599983215332,64.75,5086582214.0,493455,Consumer Discretionary
MBGL,Mobility Global Inc. Common Stock,17.21,17.309999465942383,17.719999313354492,17.09000015258789,17.59000015258789,5073874917.0,5329399,Consumer Discretionary
MTN,Vail Resorts Inc. Common Stock,141.16,141.05999755859375,141.3699951171875,137.9600067138672,139.3000030517578,5030278666.0,845672,Consumer Discretionary
BYD,Boyd Gaming Corporation Common Stock,67.25,67.13999938964844,70.04000091552734,66.98999786376953,68.70999908447266,4886076592.0,1356079,Consumer Discretionary
GOLF,Acushnet Holdings Corp. Common Stock,83.65,83.75,84.13500213623047,82.2300033569336,83.38999938964844,4885581931.0,285959,Consumer Discretionary
FND,Floor & Decor Holdings Inc. Common Stock,45.49,45.40999984741211,47.209999084472656,44.47999954223633,46.54999923706055,4844228508.0,1745198,Consumer Discretionary
SON,Sonoco Products Company Common Stock,48.74,48.33000183105469,48.59000015258789,47.65999984741211,48.220001220703125,4819167646.0,964886,Consumer Discretionary
SKY,Champion Homes Inc. Common Stock,88.1,87.52999877929688,88.12000274658203,85.76000213623047,85.76000213623047,4782079805.0,368841,Consumer Discretionary
CHEF,The Chefs' Warehouse Inc. Common Stock,116.42,117.58999633789062,118.1500015258789,110.7300033569336,111.06999969482422,4749479983.0,632559,Consumer Discretionary
NSIT,Insight Enterprises Inc. Common Stock,160.66,160.0,162.52999877929688,158.57000732421875,159.38999938964844,4715186241.0,285199,Consumer Discretionary
REYN,Reynolds Consumer Products Inc. Common Stock,22.32,22.350000381469727,22.399999618530273,22.030000686645508,22.229999542236328,4704854718.0,1690097,Consumer Discretionary
VSEC,VSE Corporation Common Stock,167.28,167.22000122070312,171.72999572753906,163.58999633789062,168.1300048828125,4694708516.0,615148,Consumer Discretionary
EQPT,EquipmentShare.com Inc Class A Common Stock,18.5,18.75,19.40999984741211,18.3799991607666,18.899999618530273,4687455316.0,3386536,Consumer Discretionary
GNTX,Gentex Corporation Common Stock,22.08,22.15999984741211,22.200000762939453,21.850000381469727,21.90999984741211,4651887948.0,2180477,Consumer Discretionary
RSI,Rush Street Interactive Inc. Class A Common Stock,20.01,20.354999542236328,21.719999313354492,20.309999465942383,20.989999771118164,4637784894.0,1859083,Consumer Discretionary
CHH,Choice Hotels International Inc. Common Stock,102.5,101.7699966430664,101.7699966430664,98.69000244140625,99.58000183105469,4630892600.0,661883,Consumer Discretionary
RELY,Remitly Global Inc. Common Stock,21.77,21.760000228881836,23.420000076293945,21.704999923706055,22.90999984741211,4608361856.0,4118712,Consumer Discretionary
SPHR,Sphere Entertainment Co. Class A Common Stock,128.25,120.98999786376953,122.44000244140625,110.02999877929688,110.80000305175781,4605920098.0,540963,Consumer Discretionary
ADT,ADT Inc. Common Stock,6.25,6.269999980926514,6.324999809265137,6.190000057220459,6.210000038146973,4565995300.0,5226694,Consumer Discretionary
TPC,Tutor Perini Corporation Common Stock,86.73,87.51000213623047,88.37000274658203,86.33999633789062,86.43000030517578,4559319517.0,448951,Consumer Discretionary
UNF,Unifirst Corporation Common Stock,251.78,251.6199951171875,256.69000244140625,251.6199951171875,252.88999938964844,4553233078.0,555378,Consumer Discretionary
CVCO,Cavco Industries Inc. Common Stock When Issued,585.13,585.9199829101562,585.9199829101562,567.4099731445312,576.27001953125,4499299792.0,92233,Consumer Discretionary
AMTM,Amentum Holdings Inc. Common Stock,18.14,18.1200008392334,18.6299991607666,18.020000457763672,18.239999771118164,4435346332.0,2312424,Consumer Discretionary
ALK,Alaska Air Group Inc. Common Stock,39.53,39.5,39.900001525878906,39.119998931884766,39.189998626708984,4411671334.0,2663130,Consumer Discretionary
MAT,Mattel Inc. Common Stock,15.27,15.199999809265137,16.149999618530273,14.829999923706055,16.049999237060547,4362639000.0,19031286,Consumer Discretionary
FELE,Franklin Electric Co. Inc. Common Stock,98.65,98.19000244140625,100.05999755859375,97.29000091552734,99.04000091552734,4361460924.0,294630,Consumer Discretionary
OPLN,OPENLANE Inc. Common Stock,35.53,35.41999816894531,35.81999969482422,35.2400016784668,35.31999969482422,4337142303.0,1128532,Consumer Discretionary
CNK,Cinemark Holdings Inc Cinemark Holdings Inc. Common Stock,36.05,36.47999954223633,36.79999923706055,35.7400016784668,35.970001220703125,4178622373.0,1657703,Consumer Discretionary
MTH,Meritage Homes Corporation Common Stock,63.85,63.54999923706055,63.650001525878906,62.16999816894531,62.279998779296875,4161365838.0,579433,Consumer Discretionary
GEO,Geo Group Inc (The) REIT,31.36,32.900001525878906,33.16999816894531,31.670000076293945,32.34000015258789,4127590154.0,2720436,Consumer Discretionary
TDW,Tidewater Inc. Common Stock,82.42,82.25,85.29000091552734,81.69000244140625,83.93000030517578,4100908559.0,467309,Consumer Discretionary
BRC,Brady Corporation Common Stock,84.78,85.0,86.72000122070312,84.77999877929688,85.41000366210938,3976115363.0,407330,Consumer Discretionary
CAR,Avis Budget Group Inc. Common Stock,111.22,112.91999816894531,113.29000091552734,106.5199966430664,107.9800033569336,3928930360.0,495425,Consumer Discretionary
KFY,Korn Ferry Common Stock,71.92,72.01000213623047,72.7699966430664,71.52999877929688,71.70999908447266,3923872564.0,611583,Consumer Discretionary
SITE,SiteOne Landscape Supply Inc. Common Stock,89.56,88.13999938964844,88.80000305175781,86.66500091552734,87.66000366210938,3909776728.0,899171,Consumer Discretionary
PAY,Paymentus Holdings Inc. Class A Common Stock,30.83,30.8799991607666,31.790000915527344,30.8799991607666,31.6200008392334,3882719317.0,1176036,Consumer Discretionary
RXO,RXO Inc. Common Stock,23.38,29.0,29.110000610351562,28.030000686645508,28.649999618530273,3855972873.0,3674142,Consumer Discretionary
TNL,Travel   Leisure Co. Common  Stock,62.92,63.0099983215332,63.209999084472656,61.650001525878906,61.720001220703125,3850970277.0,555076,Consumer Discretionary
MSGE,Madison Square Garden Entertainment Corp. Class A Common Stock,79.87,80.0,80.31999969482422,78.3499984741211,80.01000213623047,3778269040.0,516824,Consumer Discretionary
BFH,Bread Financial Holdings Inc. Common Stock,98.05,97.87999725341797,100.16000366210938,96.1500015258789,98.9000015258789,3767009227.0,448853,Consumer Discretionary
FCN,FTI Consulting Inc. Common Stock,136.4,137.64999389648438,138.77000427246094,134.8800048828125,138.02000427246094,3766218830.0,472323,Consumer Discretionary
SKYW,SkyWest Inc. Common Stock,96.43,96.5,97.25,95.55000305175781,96.05999755859375,3744215380.0,242406,Consumer Discretionary
ATMU,Atmus Filtration Technologies Inc. Common Stock,45.7,45.630001068115234,46.564998626708984,45.130001068115234,46.18000030517578,3728915584.0,875049,Consumer Discretionary
BATRA,Atlanta Braves Holdings Inc. Series A Common Stock,57.62,57.77000045776367,58.040000915527344,56.90999984741211,57.7400016784668,3697354225.0,38761,Consumer Discretionary
RHI,Robert Half Inc. Common Stock,36.12,35.720001220703125,35.900001525878906,33.630001068115234,34.31999969482422,3697309227.0,1662308,Consumer Discretionary
BOOT,Boot Barn Holdings Inc. Common Stock,121.88,123.4800033569336,124.2699966430664,120.93000030517578,122.87999725341797,3691116787.0,786799,Consumer Discretionary
DORM,Dorman Products Inc. Common Stock,123.06,122.1500015258789,124.37999725341797,121.38999938964844,123.44000244140625,3651881551.0,373539,Consumer Discretionary
IPAR,Interparfums Inc. Common Stock,113.95,113.70999908447266,114.13999938964844,112.02999877929688,113.76000213623047,3649337745.0,253842,Consumer Discretionary
MHO,M/I Homes Inc. Common Stock,134.76,134.24000549316406,134.8300018310547,131.86000061035156,132.0,3407141258.0,174405,Consumer Discretionary
HNI,HNI Corporation Common Stock,46.82,46.58000183105469,47.70000076293945,46.0099983215332,47.08000183105469,3379551876.0,516978,Consumer Discretionary
SHOO,Steven Madden Ltd. Common Stock,45.97,46.060001373291016,46.290000915527344,45.540000915527344,45.68000030517578,3363951057.0,1032378,Consumer Discretionary
BATRK,Atlanta Braves Holdings Inc. Series C Common Stock,52.03,51.79999923706055,52.470001220703125,51.43000030517578,52.16999816894531,3338655681.0,501639,Consumer Discretionary
BBWI,Bath & Body Works Inc.,16.06,16.389999389648438,17.530000686645508,16.389999389648438,17.459999084472656,3238423727.0,5654389,Consumer Discretionary
EXPO,Exponent Inc. Common Stock,67.3,66.91999816894531,69.04000091552734,66.91999816894531,68.75,3199851453.0,582209,Consumer Discretionary
PLNT,Planet Fitness Inc. Common Stock,42.41,42.099998474121094,42.5099983215332,40.935001373291016,42.06999969482422,3189951486.0,1713686,Consumer Discretionary
ASH,Ashland Inc. Common Stock,69.52,68.97000122070312,69.2300033569336,68.16999816894531,68.77999877929688,3183555082.0,501061,Consumer Discretionary
ABG,Asbury Automotive Group Inc Common Stock,175.88,171.80999755859375,176.80999755859375,167.3000030517578,171.8300018310547,3157383162.0,145937,Consumer Discretionary
PK,Park Hotels & Resorts Inc. Common Stock ,15.53,15.479999542236328,15.585000038146973,15.149999618530273,15.260000228881836,3126784265.0,3291476,Consumer Discretionary
BFAM,Bright Horizons Family Solutions Inc. Common Stock,64.26,64.0999984741211,65.04000091552734,63.83000183105469,64.20999908447266,3125304764.0,597481,Consumer Discretionary
PTRN,Pattern Group Inc. Series A Common Stock,17.33,17.239999771118164,17.69099998474121,17.204999923706055,17.40999984741211,3074326212.0,1115923,Consumer Discretionary
PII,Polaris Inc. Common Stock,53.71,53.310001373291016,53.619998931884766,52.099998474121094,52.65999984741211,3056288274.0,679383,Consumer Discretionary
ASO,Academy Sports and Outdoors Inc. Common Stock,48.73,48.90999984741211,52.400001525878906,48.59000015258789,51.97999954223633,3000739358.0,1432715,Consumer Discretionary
DAN,Dana Incorporated Common Stock ,27.88,28.010000228881836,28.469999313354492,27.84000015258789,28.100000381469727,2999237811.0,981936,Consumer Discretionary
YETI,YETI Holdings Inc. Common Stock,40.87,40.599998474121094,40.93000030517578,40.09000015258789,40.52000045776367,2983052093.0,1105692,Consumer Discretionary
GPI,Group 1 Automotive Inc. Common Stock,249.84,244.41000366210938,244.88999938964844,234.94000244140625,241.44000244140625,2978648694.0,250665,Consumer Discretionary
AEO,American Eagle Outfitters Inc. Common Stock,17.71,17.739999771118164,18.149999618530273,17.3700008392334,18.110000610351562,2967723727.0,5532794,Consumer Discretionary
CBZ,CBIZ Inc. Common Stock,54.69,54.650001525878906,54.7599983215332,54.650001525878906,54.720001220703125,2967691543.0,591406,Consumer Discretionary
COLM,Columbia Sportswear Company Common Stock,57.27,56.970001220703125,57.5099983215332,56.31999969482422,56.93000030517578,2931834220.0,486456,Consumer Discretionary
WING,Wingstop Inc. Common Stock,106.89,106.3499984741211,107.72000122070312,103.6500015258789,106.83999633789062,2911955742.0,734653,Consumer Discretionary
TNET,TriNet Group Inc. Common Stock,63.24,63.599998474121094,64.5,62.93000030517578,63.900001525878906,2903015631.0,322241,Consumer Discretionary
MGRC,McGrath RentCorp Common Stock,117.56,116.55999755859375,117.12999725341797,115.08000183105469,116.56999969482422,2871480942.0,154770,Consumer Discretionary
ABM,ABM Industries Incorporated Common Stock,48.97,48.83000183105469,49.18000030517578,48.33000183105469,48.4900016784668,2870356570.0,370123,Consumer Discretionary
GRBK,Green Brick Partners Inc. Common Stock,66.66,66.5999984741211,66.5999984741211,65.4000015258789,65.47000122070312,2867092995.0,379056,Consumer Discretionary
FOUR,Shift4 Payments Inc. Class A Common Stock,36.17,36.459999084472656,38.16999816894531,36.29999923706055,37.54999923706055,2855987540.0,1803643,Consumer Discretionary
DNOW,DNOW Inc. Common Stock,15.76,15.65999984741211,16.1299991607666,15.579999923706055,15.899999618530273,2849185642.0,2058731,Consumer Discretionary
KBH,KB Home Common Stock,45.75,45.41999816894531,45.619998931884766,44.75,45.040000915527344,2804920056.0,1408135,Consumer Discretionary
MMS,Maximus Inc. Common Stock,52.65,52.54999923706055,54.45000076293945,52.45000076293945,54.40999984741211,2756636222.0,610111,Consumer Discretionary
UNFI,United Natural Foods Inc. Common Stock,45.59,45.310001373291016,45.54999923706055,44.400001525878906,44.529998779296875,2749855860.0,605779,Consumer Discretionary
HWKN,Hawkins Inc. Common Stock,131.41,130.24000549316406,132.9600067138672,128.52000427246094,132.05999755859375,2743199125.0,199698,Consumer Discretionary
HGV,Hilton Grand Vacations Inc. Common Stock ,34.86,35.04999923706055,35.21200180053711,33.98500061035156,34.04999923706055,2709463695.0,900683,Consumer Discretionary
BCC,Boise Cascade L.L.C. Common Stock,74.99,74.58999633789062,76.1500015258789,73.7249984741211,74.83999633789062,2616502411.0,308553,Consumer Discretionary
SHAK,Shake Shack Inc. Class A Common Stock,60.98,61.25,62.959999084472656,60.220001220703125,62.400001525878906,2609879239.0,1119095,Consumer Discretionary
GPK,Graphic Packaging Holding Company,8.78,8.59000015258789,8.720000267028809,8.399999618530273,8.609999656677246,2599508411.0,8671170,Consumer Discretionary
HURN,Huron Consulting Group Inc. Common Stock,162.15,162.67999267578125,163.72999572753906,158.1300048828125,160.10000610351562,2579818175.0,269954,Consumer Discretionary
CALY,Callaway Golf Company Common Stock,14.45,14.449999809265137,14.449999809265137,14.109999656677246,14.279999732971191,2579477028.0,1814032,Consumer Discretionary
HOG,Harley-Davidson Inc. Common Stock,24.55,25.790000915527344,27.200000762939453,25.40999984741211,26.190000534057617,2554980047.0,1709348,Consumer Discretionary
MAN,ManpowerGroup Common Stock,54.16,54.27000045776367,55.0,53.5,54.20000076293945,2518741671.0,1139075,Consumer Discretionary
WLYB,John Wiley & Sons Inc. Common Stock,49.535,49.53499984741211,49.53499984741211,49.53499984741211,49.53499984741211,2514574431.0,1129,Consumer Discretionary
CENT,Central Garden & Pet Company Common Stock,39.81,39.54999923706055,40.0099983215332,39.47999954223633,39.70000076293945,2491811326.0,81178,Consumer Discretionary
AMC,AMC Entertainment Holdings Inc. Class A Common Stock,2.77,2.7300000190734863,2.869999885559082,2.700000047683716,2.7899999618530273,2472514847.0,19086412,Consumer Discretionary
LPG,Dorian LPG Ltd. Common Stock,57.21,57.9900016784668,58.189998626708984,55.029998779296875,57.63999938964844,2447597180.0,794667,Consumer Discretionary
PAYO,Payoneer Global Inc. Common Stock,7.15,7.150000095367432,7.159999847412109,7.139999866485596,7.150000095367432,2422783477.0,1590998,Consumer Discretionary
WLY,John Wiley & Sons Inc. Common Stock,47.5,47.779998779296875,48.75,47.52000045776367,48.540000915527344,2411270525.0,398567,Consumer Discretionary
VC,Visteon Corporation Common Stock,88.77,88.70999908447266,91.05999755859375,87.9800033569336,89.2699966430664,2369753232.0,342801,Consumer Discretionary
COTY,Coty Inc. Class A Common Stock,2.66,2.6600000858306885,2.7699999809265137,2.6500000953674316,2.7200000286102295,2342625994.0,4209205,Consumer Discretionary
AAP,Advance Auto Parts Inc.,38.68,38.720001220703125,39.83000183105469,38.09000015258789,39.650001525878906,2336272000.0,1532998,Consumer Discretionary
CNXN,PC Connection Inc. Common Stock,92.38,92.5199966430664,93.87000274658203,91.97000122070312,92.4000015258789,2331495586.0,124232,Consumer Discretionary
LIND,Lindblad Expeditions Holdings Inc. Common Stock,34.78,34.779998779296875,36.040000915527344,34.650001525878906,35.599998474121094,2282252783.0,1003331,Consumer Discretionary
RH,RH Common Stock,120.46,120.6500015258789,120.68000030517578,115.66000366210938,117.44999694824219,2280688333.0,783413,Consumer Discretionary
FIGS,FIGS Inc. Class A Common Stock,13.52,13.539999961853027,13.760000228881836,13.199999809265137,13.630000114440918,2246216072.0,2209183,Consumer Discretionary
VVX,V2X Inc. Common Stock,70.79,70.91999816894531,72.05000305175781,69.55999755859375,70.87000274658203,2218937893.0,457403,Consumer Discretionary
BKE,Buckle Inc. (The) Common Stock,42.9,43.06999969482422,43.58000183105469,42.650001525878906,43.45000076293945,2209883419.0,386425,Consumer Discretionary
CALX,Calix Inc Common Stock,34.81,34.72999954223633,35.119998931884766,34.290000915527344,34.34000015258789,2191776457.0,1149572,Consumer Discretionary
PHIN,PHINIA Inc. Common Stock,59.78,59.61000061035156,60.61000061035156,59.01499938964844,60.18000030517578,2190224901.0,580667,Consumer Discretionary
PTON,Peloton Interactive Inc. Class A Common Stock,4.92,4.920000076293945,5.059999942779541,4.869999885559082,5.010000228881836,2159249261.0,8160919,Consumer Discretionary
PATK,Patrick Industries Inc. Common Stock,67.16,67.05000305175781,67.19000244140625,65.66999816894531,66.58999633789062,2157062610.0,493163,Consumer Discretionary
CENTA,Central Garden & Pet Company Class A Common Stock Nonvoting,34.28,34.25,34.83000183105469,34.0099983215332,34.2599983215332,2145674259.0,297227,Consumer Discretionary
FLYW,Flywire Corporation Voting Common Stock,17.58,17.559999465942383,18.200000762939453,17.559999465942383,18.170000076293945,2138917709.0,1273661,Consumer Discretionary
KSS,Kohl's Corporation Common Stock,18.81,18.979999542236328,19.790000915527344,18.84000015258789,19.530000686645508,2132610930.0,3429042,Consumer Discretionary
ALGT,Allegiant Travel Company Common Stock,77.61,77.0199966430664,77.75,74.70999908447266,75.13999938964844,2121683166.0,466824,Consumer Discretionary
SHO,Sunstone Hotel Investors Inc. Sunstone Hotel Investors Inc. Common Shares,11.39,11.420000076293945,11.420000076293945,11.229999542236328,11.319999694824219,2117901488.0,1821509,Consumer Discretionary
MCRI,Monarch Casino & Resort Inc. Common Stock,117.55,117.38999938964844,119.36000061035156,116.37999725341797,118.16999816894531,2106792344.0,210323,Consumer Discretionary
STUB,StubHub Holdings Inc. Class A Common Stock,5.41,5.409999847412109,5.614999771118164,5.409999847412109,5.53000020980835,2067106716.0,3959002,Consumer Discretionary
UAA,Under Armour Inc. Class A Common Stock,4.71,4.71999979019165,4.739999771118164,4.590000152587891,4.699999809265137,2023159498.0,13939557,Consumer Discretionary
TILE,Interface Inc. Common Stock,34.89,34.7599983215332,35.25,34.380001068115234,34.86000061035156,2016658049.0,497956,Consumer Discretionary
LCII,LCI Industries,82.81,82.79000091552734,83.68000030517578,81.16000366210938,82.58000183105469,2013235895.0,499819,Consumer Discretionary
SAH,Sonic Automotive Inc. Common Stock,62.83,61.5,62.83000183105469,59.279998779296875,62.630001068115234,1986358010.0,219145,Consumer Discretionary
PENN,PENN Entertainment Inc. Common Stock,14.77,14.800000190734863,15.319999694824219,14.6899995803833,15.100000381469727,1980163549.0,4201809,Consumer Discretionary
WHR,Whirlpool Corporation Common Stock,30.31,30.25,30.610000610351562,29.489999771118164,30.030000686645508,1976193147.0,3012002,Consumer Discretionary
UA,Under Armour Inc. Class C Common Stock,4.59,4.559999942779541,4.590000152587891,4.460000038146973,4.570000171661377,1971614033.0,3864094,Consumer Discretionary
DRVN,Driven Brands Holdings Inc. Common Stock,11.68,11.649999618530273,11.744999885559082,11.416000366210938,11.649999618530273,1926964251.0,914765,Consumer Discretionary
GCT,GigaCloud Technology Inc Class A Ordinary Shares,53.75,54.689998626708984,55.0,53.42499923706055,54.65999984741211,1919425239.0,442159,Consumer Discretionary
INVX,Innovex International Inc. Common Stock,27.31,27.510000228881836,29.229999542236328,27.40999984741211,28.40999984741211,1909947435.0,1013372,Consumer Discretionary
TH,Target Hospitality Corp. Common Stock,18.84,18.84000015258789,19.040000915527344,18.670000076293945,18.90999984741211,1876905289.0,8980749,Consumer Discretionary
WU,Western Union Company (The) Common Stock,6.0,6.010000228881836,6.119999885559082,6.010000228881836,6.099999904632568,1871273886.0,6368010,Consumer Discretionary
EZPW,EZCORP Inc. Class A Non Voting Common Stock,30.2,30.200000762939453,30.770000457763672,29.809999465942383,30.5,1855589985.0,445286,Consumer Discretionary
BOBS,Bob's Discount Furniture Inc. Common Stock,14.19,14.130000114440918,14.430000305175781,13.829999923706055,14.149999618530273,1854449608.0,742785,Consumer Discretionary
VSTS,Vestis Corporation Common Stock,14.03,13.9399995803833,14.145000457763672,13.720000267028809,14.010000228881836,1854206273.0,1981198,Consumer Discretionary
BRSL,Brightstar Lottery PLC Trading under the Legal Name to begin at the market open on July 21 2025. Ordinary Shares,9.85,9.819999694824219,10.119999885559082,9.819999694824219,9.930000305175781,1817325000.0,2419417,Consumer Discretionary
TIC,TIC Solutions Inc. Common Stock,8.26,8.300000190734863,8.479999542236328,8.180999755859375,8.260000228881836,1802500141.0,1241216,Consumer Discretionary
ASTH,Astrana Health Inc. Common Stock,35.88,35.72999954223633,37.060001373291016,35.72999954223633,36.810001373291016,1779804652.0,310380,Consumer Discretionary
NSP,Insperity Inc. Common Stock,46.48,46.09000015258789,47.939998626708984,45.65999984741211,47.560001373291016,1775316150.0,459875,Consumer Discretionary
ACVA,ACV Auctions Inc. Class A Common Stock,10.45,10.460000038146973,10.5,10.4399995803833,10.5,1774493391.0,2777317,Consumer Discretionary
BLBD,Blue Bird Corporation Common Stock,56.53,56.65999984741211,57.459999084472656,55.7599983215332,57.029998779296875,1772049471.0,406076,Consumer Discretionary
AIN,Albany International Corporation Common Stock,60.88,60.2400016784668,61.97999954223633,59.119998931884766,59.47999954223633,1728992000.0,215711,Consumer Discretionary
THRM,Gentherm Inc Common Stock,31.3,31.219999313354492,33.560001373291016,31.100000381469727,32.22999954223633,1704012001.0,6124328,Consumer Discretionary
CCS,Century Communities Inc. Common Stock,59.87,59.650001525878906,60.474998474121094,58.0099983215332,58.130001068115234,1702277723.0,165320,Consumer Discretionary
XHR,Xenia Hotels & Resorts Inc. Common Stock,18.2,18.299999237060547,18.389999389648438,17.899999618530273,18.149999618530273,1678874197.0,822960,Consumer Discretionary
FLOC,Flowco Holdings Inc. Class A Common Stock,18.46,18.790000915527344,19.110000610351562,18.360000610351562,18.489999771118164,1667920589.0,717246,Consumer Discretionary
DSGR,Distribution Solutions Group Inc. Common Stock,34.98,34.970001220703125,35.029998779296875,34.939998626708984,35.02000045776367,1618014662.0,136236,Consumer Discretionary
WWW,Wolverine World Wide Inc. Common Stock,19.2,18.969999313354492,19.360000610351562,18.6200008392334,18.940000534057617,1575673709.0,933650,Consumer Discretionary
JBLU,JetBlue Airways Corporation Common Stock,4.15,4.179999828338623,4.179999828338623,4.019999980926514,4.059999942779541,1565845551.0,14655962,Consumer Discretionary
OXSQG,Oxford Square Capital Corp. 5.50% Notes due 2028,24.395,24.34000015258789,24.340999603271484,24.34000015258789,24.340999603271484,1555372995.0,12,Consumer Discretionary
SBH,Sally Beauty Holdings Inc. (Name to be changed from Sally Holdings Inc.) Common Stock,16.24,16.280000686645508,16.350000381469727,15.90999984741211,16.040000915527344,1520426022.0,1383202,Consumer Discretionary
NUTX,Nutex Health Inc. Common Stock,216.5,216.35000610351562,225.66000366210938,214.17999267578125,225.0,1482586155.0,297177,Consumer Discretionary
RVLV,Revolve Group Inc. Class A Common Stock,20.75,20.530000686645508,21.299999237060547,20.399999618530273,21.049999237060547,1475022465.0,587819,Consumer Discretionary
PRKS,United Parks & Resorts Inc. Common Stock,32.46,32.220001220703125,34.52000045776367,31.700000762939453,34.38999938964844,1471778890.0,678322,Consumer Discretionary
ICFI,ICF International Inc. Common Stock,81.86,81.47000122070312,83.13999938964844,81.01000213623047,82.86000061035156,1468067744.0,123396,Consumer Discretionary
CSWC,Capital Southwest Corporation Common Stock,23.52,23.579999923706055,23.889999389648438,23.520000457763672,23.56999969482422,1461549876.0,469852,Consumer Discretionary
AMSC,American Superconductor Corporation Common Stock,30.01,30.059999465942383,30.299999237060547,29.239999771118164,29.979999542236328,1453748711.0,534914,Consumer Discretionary
ARHS,Arhaus Inc. Class A Common Stock,10.24,10.229999542236328,10.255000114440918,9.9399995803833,10.109999656677246,1451537746.0,2786674,Consumer Discretionary
SCL,Stepan Company Common Stock,63.0,62.970001220703125,63.720001220703125,61.849998474121094,62.7400016784668,1432150020.0,138022,Consumer Discretionary
MBC,MasterBrand Inc. Common Stock,7.02,6.980000019073486,7.065000057220459,6.855000019073486,6.980000019073486,1428503240.0,2022366,Consumer Discretionary
PRSU,Pursuit Attractions and Hospitality Inc. Common Stock,52.38,52.150001525878906,53.2400016784668,51.630001068115234,52.290000915527344,1428096439.0,270984,Consumer Discretionary
SVV,Savers Value Village Inc. Common Stock,9.25,9.390000343322754,9.59000015258789,9.15999984741211,9.1899995803833,1426869249.0,1987433,Consumer Discretionary
ULCC,Frontier Group Holdings Inc. Common Stock,6.19,6.21999979019165,6.28000020980835,6.085000038146973,6.110000133514404,1425035622.0,2728243,Consumer Discretionary
WBTN,WEBTOON Entertainment Inc. Common stock,10.5,10.569999694824219,10.640000343322754,10.350000381469727,10.460000038146973,1424966235.0,333946,Consumer Discretionary
AMN,AMN Healthcare Services Inc,36.63,36.45000076293945,36.93000030517578,35.810001373291016,36.84000015258789,1418679570.0,887207,Consumer Discretionary
EFOR,Everforth Inc. Common Stock,34.25,34.25,36.81999969482422,33.79999923706055,36.13999938964844,1404250000.0,723851,Consumer Discretionary
GT,The Goodyear Tire & Rubber Company Common Stock,4.84,4.840000152587891,4.860000133514404,4.610000133514404,4.679999828338623,1393429887.0,11104739,Consumer Discretionary
MLKN,MillerKnoll Inc. Common Stock,20.24,20.200000762939453,20.829999923706055,19.790000915527344,20.639999389648438,1392507851.0,584388,Consumer Discretionary
ARLO,Arlo Technologies Inc. Common Stock,12.78,12.760000228881836,13.0,12.59000015258789,12.59000015258789,1375298025.0,1377241,Consumer Discretionary
HLMN,Hillman Solutions Corp. Common Stock,7.04,6.989999771118164,7.079999923706055,6.889999866485596,6.960000038146973,1369596793.0,1344271,Consumer Discretionary
LQDT,Liquidity Services Inc. Common Stock,43.23,43.349998474121094,43.810001373291016,42.970001220703125,43.220001220703125,1354465846.0,383751,Consumer Discretionary
ADNT,Adient plc Ordinary Shares ,17.31,17.389999389648438,17.834999084472656,17.170000076293945,17.239999771118164,1334547893.0,832487,Consumer Discretionary
DCH,Dauch Corporation Common Stock,5.6,5.579999923706055,5.739999771118164,5.519999980926514,5.650000095367432,1330585771.0,4880465,Consumer Discretionary
BJRI,BJ's Restaurants Inc. Common Stock,61.93,62.22999954223633,62.7400016784668,60.88999938964844,61.65999984741211,1317484266.0,484989,Consumer Discretionary
ODC,Oil-Dri Corporation Of America Common Stock,89.66,89.91000366210938,89.91000366210938,87.69000244140625,87.88999938964844,1299024116.0,119932,Consumer Discretionary
CBRL,Cracker Barrel Old Country Store Inc Common Stock,55.76,55.95000076293945,56.54999923706055,54.22999954223633,56.31999969482422,1246371497.0,1054722,Consumer Discretionary
EPC,Edgewell Personal Care Company Common Stock,26.97,26.889999389648438,26.989999771118164,26.170000076293945,26.75,1243018038.0,413316,Consumer Discretionary
PRG,PROG Holdings Inc. Common Stock,31.0,31.0,31.329999923706055,30.709999084472656,30.899999618530273,1234780623.0,555837,Consumer Discretionary
CCO,Clear Channel Outdoor Holdings Inc. Common Stock,2.39,2.390000104904175,2.4000000953674316,2.380000114440918,2.4000000953674316,1216734290.0,5224009,Consumer Discretionary
GNK,Genco Shipping & Trading Limited Ordinary Shares New (Marshall Islands),27.67,27.670000076293945,27.84000015258789,27.020000457763672,27.600000381469727,1206041360.0,290952,Consumer Discretionary
LZB,La-Z-Boy Incorporated Common Stock,29.94,29.709999084472656,29.75,28.93000030517578,29.520000457763672,1199179964.0,696895,Consumer Discretionary
VTOL,Bristow Group Inc. Common Stock,40.26,40.2400016784668,41.31999969482422,40.2400016784668,40.43000030517578,1193386920.0,152507,Consumer Discretionary
FUN,Six Flags Entertainment Corporation Common Stock New,11.6,11.600000381469727,12.270000457763672,11.130000114440918,12.130000114440918,1186869219.0,3070859,Consumer Discretionary
GIII,G-III Apparel Group LTD. Common Stock,27.37,27.3700008392334,27.420000076293945,26.959999084472656,26.989999771118164,1173530024.0,517407,Consumer Discretionary
WEN,Wendy's Company (The) Common Stock,6.12,6.119999885559082,6.139999866485596,5.940000057220459,6.099999904632568,1166899972.0,4567667,Consumer Discretionary
CRI,Carter's Inc. Common Stock,31.59,31.3799991607666,32.439998626708984,31.3799991607666,32.31999969482422,1159706334.0,1218375,Consumer Discretionary
HZO,MarineMax Inc.  (FL) Common Stock,52.35,52.27000045776367,52.43000030517578,52.2400016784668,52.349998474121094,1156241153.0,458550,Consumer Discretionary
DFIN,Donnelley Financial Solutions Inc. Common Stock ,46.56,46.849998474121094,48.665000915527344,46.59000015258789,48.279998779296875,1144695432.0,210852,Consumer Discretionary
AMRC,Ameresco Inc. Class A Common Stock,21.57,21.600000381469727,21.84000015258789,20.579999923706055,21.489999771118164,1144638171.0,380488,Consumer Discretionary
WLDN,Willdan Group Inc. Common Stock,73.54,73.48999786376953,74.43000030517578,72.80999755859375,73.58000183105469,1120167972.0,248924,Consumer Discretionary
LGIH,LGI Homes Inc. Common Stock,48.14,47.970001220703125,47.970001220703125,46.349998474121094,46.45000076293945,1119171814.0,235688,Consumer Discretionary
TPB,Turning Point Brands Inc. Common Stock,55.64,55.470001220703125,58.75,55.06999969482422,57.61000061035156,1115522020.0,444077,Consumer Discretionary
SPH,Suburban Propane Partners L.P. Common Stock,16.67,16.670000076293945,16.8799991607666,16.59000015258789,16.770000457763672,1112095491.0,117146,Consumer Discretionary
SG,Sweetgreen Inc. Class A Common Stock,9.1,9.239999771118164,9.395000457763672,8.96500015258789,9.09000015258789,1083275967.0,6459768,Consumer Discretionary
REAL,The RealReal Inc. Common Stock,8.9,9.0,9.524999618530273,9.0,9.319999694824219,1082872924.0,2024499,Consumer Discretionary
CRAI,CRA International Inc. Common Stock,170.38,170.63999938964844,173.61000061035156,170.19000244140625,171.2899932861328,1069451407.0,165260,Consumer Discretionary
WINA,Winmark Corporation Common Stock,297.69,297.69000244140625,299.54998779296875,280.8299865722656,293.8599853515625,1069352790.0,46219,Consumer Discretionary
FBYD,Falcon's Beyond Global Inc. Class A Common Stock,8.565,8.470000267028809,8.520000457763672,7.909999847412109,8.149999618530273,1038585459.0,198869,Consumer Discretionary
DLX,Deluxe Corporation Common Stock,22.61,22.700000762939453,23.110000610351562,22.329999923706055,22.670000076293945,1036810717.0,353569,Consumer Discretionary
TDAY,USA TODAY Co. Inc. Common Stock,7.05,7.349999904632568,7.539999961853027,7.309999942779541,7.429999828338623,1035066484.0,3370233,Consumer Discretionary
AEVA,Aeva Technologies Inc. Common Stock,14.76,14.699999809265137,14.744999885559082,14.09000015258789,14.300000190734863,1028856988.0,1274233,Consumer Discretionary
YELP,Yelp Inc. Common Stock,18.26,18.170000076293945,18.8700008392334,18.139999389648438,18.5,990853719.0,1238850,Consumer Discretionary
DFH,Dream Finders Homes Inc. Class A Common Stock,10.75,10.59000015258789,10.670000076293945,9.734999656677246,9.880000114440918,973252519.0,993579,Consumer Discretionary
WLFC,Willis Lease Finance Corporation Common Stock,45.67,45.880001068115234,46.7599983215332,42.7599983215332,42.84000015258789,965651549.0,306391,Consumer Discretionary
IBTA,Ibotta Inc. Class A Common Stock,41.61,41.790000915527344,42.349998474121094,40.89500045776367,41.349998474121094,964087639.0,193349,Consumer Discretionary
KODK,Eastman Kodak Company Common New,9.81,9.829999923706055,10.1899995803833,9.640000343322754,10.029999732971191,960399000.0,866655,Consumer Discretionary
FET,Forum Energy Technologies Inc. Common Stock,83.14,83.2699966430664,89.93000030517578,83.2699966430664,87.37000274658203,953840195.0,143320,Consumer Discretionary
KFRC,Kforce Inc. Common Stock,52.86,52.470001220703125,52.72999954223633,51.77000045776367,51.79999923706055,946669740.0,143410,Consumer Discretionary
FUBO,FuboTV Inc. Class A Common Stock,8.66,8.649999618530273,8.6899995803833,8.479999542236328,8.619999885559082,945644245.0,1586136,Consumer Discretionary
UPBD,Upbound Group Inc. Common Stock,15.91,15.90999984741211,16.200000762939453,15.640000343322754,15.720000267028809,927543534.0,977015,Consumer Discretionary
DJCO,Daily Journal Corp. (S.C.) Common Stock,656.44,651.0,668.0,649.3900146484375,651.4400024414062,904542811.0,32127,Consumer Discretionary
BZH,Beazer Homes USA Inc. Common Stock,33.4,33.38999938964844,33.43000030517578,33.36000061035156,33.369998931884766,891099408.0,644130,Consumer Discretionary
ACEL,Accel Entertainment Inc. ,10.84,10.869999885559082,11.104999542236328,10.8100004196167,10.880000114440918,880137269.0,422904,Consumer Discretionary
DAKT,Daktronics Inc. Common Stock,17.96,17.93000030517578,17.93000030517578,17.700000762939453,17.799999237060547,863743994.0,408550,Consumer Discretionary
OI,O-I Glass Inc. Common Stock,5.6,5.369999885559082,5.590000152587891,5.300000190734863,5.570000171661377,860494583.0,2871534,Consumer Discretionary
QNST,QuinStreet Inc. Common Stock,14.97,14.890000343322754,15.220000267028809,14.800000190734863,14.989999771118164,856634178.0,813739,Consumer Discretionary
BH,Biglari Holdings Inc. Class B Common Stock,363.76,366.3699951171875,375.010009765625,364.1000061035156,364.3999938964844,846305828.0,44675,Consumer Discretionary
SMP,Standard Motor Products Inc. Common Stock,37.52,37.54999923706055,37.77000045776367,37.150001525878906,37.41999816894531,838207793.0,104685,Consumer Discretionary
MCS,Marcus Corporation (The) Common Stock,27.06,27.110000610351562,27.15999984741211,26.600000381469727,26.65999984741211,834318223.0,254132,Consumer Discretionary
RJET,Republic Airways Holdings Inc. Common Stock,17.64,17.639999389648438,17.90999984741211,17.010000228881836,17.059999465942383,825895980.0,54509,Consumer Discretionary
CODI,D/B/A Compass Diversified Holdings Shares of Beneficial Interest,10.93,10.829999923706055,11.140000343322754,10.640000343322754,11.0600004196167,822329108.0,503376,Consumer Discretionary
HYLN,Hyliion Holdings Corp. Class A Common Stock,4.53,4.5,4.539999961853027,4.074999809265137,4.139999866485596,809045398.0,1962782,Consumer Discretionary
HMH,HMH Holding Inc. Class A Common Stock,18.31,18.309999465942383,19.540000915527344,18.309999465942383,19.18000030517578,807345631.0,305360,Consumer Discretionary
LYTS,LSI Industries Inc. Common Stock,21.25,21.3700008392334,21.3700008392334,20.690000534057617,20.84000015258789,791803390.0,246074,Consumer Discretionary
GRPN,Groupon Inc. Common Stock,19.31,19.280000686645508,19.829999923706055,19.18000030517578,19.709999084472656,785246866.0,845087,Consumer Discretionary
FOXF,Fox Factory Holding Corp. Common Stock,18.65,18.639999389648438,19.540000915527344,18.200000762939453,19.229999542236328,783878169.0,692025,Consumer Discretionary
KELYB,Kelly Services Inc. Class B Common Stock,22.4,22.399999618530273,22.399999618530273,22.399999618530273,22.399999618530273,777995523.0,219,Consumer Discretionary
ANGX,Angel Studios Inc. Class A Common Stock,4.08,4.119999885559082,4.186999797821045,4.0,4.159999847412109,761965782.0,2192642,Consumer Discretionary
MOV,Movado Group Inc. Common Stock,33.66,33.849998474121094,33.849998474121094,33.33000183105469,33.45000076293945,751030167.0,201863,Consumer Discretionary
APOG,Apogee Enterprises Inc. Common Stock,35.615,36.119998931884766,36.349998474121094,35.29999923706055,35.65999984741211,743224291.0,268796,Consumer Discretionary
MNTN,MNTN Inc. Class A Common Stock,9.89,9.819999694824219,10.15999984741211,9.819999694824219,10.079999923706055,739803282.0,610523,Consumer Discretionary
BBSI,Barrett Business Services Inc. Common Stock,30.51,30.56999969482422,31.299999237060547,29.940000534057617,31.229999542236328,739415342.0,433603,Consumer Discretionary
BWMN,Bowman Consulting Group Ltd. Common Stock,42.6,42.650001525878906,42.779998779296875,42.650001525878906,42.7599983215332,738492811.0,188899,Consumer Discretionary
BLMN,Bloomin' Brands Inc. Common Stock,8.48,8.510000228881836,8.5600004196167,8.0600004196167,8.279999732971191,726065376.0,2695542,Consumer Discretionary
QVCG,QVC Group Inc. Common Stock,14.46,14.609999656677246,14.6899995803833,13.449999809265137,14.069999694824219,722998511.0,481132,Consumer Discretionary
LUCK,Lucky Strike Entertainment Corporation Class A Common Stock,5.29,5.260000228881836,5.409999847412109,5.25,5.260000228881836,721175226.0,36091,Consumer Discretionary
BALY,Bally's Corporation Common Stock,14.09,14.0,14.100000381469727,13.380000114440918,13.789999961853027,711115565.0,253415,Consumer Discretionary
LEGH,Legacy Housing Corporation Common Stock (TX),29.35,29.389999389648438,29.389999389648438,28.40999984741211,29.200000762939453,698032165.0,53801,Consumer Discretionary
HOV,Hovnanian Enterprises Inc. Class A Common Stock,116.2,115.19999694824219,115.19999694824219,111.01000213623047,111.69000244140625,692539218.0,135558,Consumer Discretionary
CASS,Cass Information Systems Inc Common Stock,54.06,54.02000045776367,54.279998779296875,53.790000915527344,54.150001525878906,692300415.0,60573,Consumer Discretionary
CNNE,Cannae Holdings Inc. Common Stock,15.54,15.550000190734863,15.734999656677246,15.460000038146973,15.59000015258789,674035488.0,398361,Consumer Discretionary
SCHL,Scholastic Corporation Common Stock,36.2,36.13999938964844,37.599998474121094,36.13999938964844,37.40999984741211,666421873.0,500865,Consumer Discretionary
MG,Mistras Group Inc Common Stock,20.65,20.649999618530273,20.700000762939453,20.360000610351562,20.6299991607666,657700290.0,344307,Consumer Discretionary
FWRG,First Watch Restaurant Group Inc. Common Stock,10.57,10.640000343322754,10.789999961853027,10.119999885559082,10.510000228881836,652300438.0,1838312,Consumer Discretionary
PRTH,Priority Technology Holdings Inc. Common Stock,7.78,7.78000020980835,7.800000190734863,7.78000020980835,7.78000020980835,641386094.0,1022770,Consumer Discretionary
PZZA,Papa John's International Inc. Common Stock,19.43,19.469999313354492,19.68000030517578,18.920000076293945,19.540000915527344,639668378.0,1016625,Consumer Discretionary
RSVR,Reservoir Media Inc. Common Stock,9.52,9.5,9.729999542236328,9.5,9.550000190734863,627660673.0,39503,Consumer Discretionary
HTZ,Hertz Global Holdings Inc Common Stock,1.76,1.784999966621399,1.840000033378601,1.715000033378601,1.7899999618530273,627354452.0,18585389,Consumer Discretionary
WOOF,Petco Health and Wellness Company Inc. Class A Common Stock,2.19,2.180000066757202,2.2100000381469727,2.1500000953674316,2.180000066757202,627258392.0,4288169,Consumer Discretionary
PHR,Phreesia Inc. Common Stock,10.07,10.119999885559082,10.489999771118164,10.09000015258789,10.369999885559082,625054406.0,528914,Consumer Discretionary
MLR,Miller Industries Inc. Common Stock,54.39,54.83000183105469,54.83000183105469,52.81999969482422,54.29999923706055,617445288.0,50098,Consumer Discretionary
TITN,Titan Machinery Inc. Common Stock,25.42,25.34000015258789,25.950000762939453,25.0,25.329999923706055,598206242.0,263538,Consumer Discretionary
MAX,MediaAlpha Inc. Class A Common Stock,9.62,9.550000190734863,9.779999732971191,9.470000267028809,9.640000343322754,589359468.0,923933,Consumer Discretionary
LMB,Limbach Holdings Inc. Common Stock,49.1,49.36000061035156,50.59000015258789,48.20500183105469,49.939998626708984,585517156.0,248635,Consumer Discretionary
BXC,Bluelinx Holdings Inc. Common Stock,73.64,72.62000274658203,75.69999694824219,71.95999908447266,74.5999984741211,578826380.0,189978,Consumer Discretionary
EBF,Ennis Inc. Common Stock,22.56,22.670000076293945,22.790000915527344,22.40999984741211,22.579999923706055,570729016.0,149894,Consumer Discretionary
RMR,The RMR Group Inc. Class A Common Stock,17.73,17.790000915527344,17.850000381469727,17.399999618530273,17.440000534057617,568782407.0,93729,Consumer Discretionary
XMAX,XMAX Inc. Common Stock,8.59,8.59000015258789,8.720000267028809,8.550000190734863,8.710000038146973,557281627.0,434469,Consumer Discretionary
HNST,The Honest Company Inc. Common Stock,5.16,5.130000114440918,5.204999923706055,5.090000152587891,5.150000095367432,553587396.0,1050872,Consumer Discretionary
PANL,Pangaea Logistics Solutions Ltd. Common Shares,8.43,8.449999809265137,8.649999618530273,8.300000190734863,8.529999732971191,551943898.0,310014,Consumer Discretionary
KELYA,Kelly Services Inc. Class A Common Stock,15.72,15.84000015258789,15.899999618530273,15.630000114440918,15.800000190734863,545986144.0,206475,Consumer Discretionary
ETD,Ethan Allen Interiors Inc. Common Stock,21.06,20.90999984741211,21.15999984741211,20.649999618530273,21.079999923706055,530764713.0,361386,Consumer Discretionary
CWH,Camping World Holdings Inc. Class A Common Stock,5.03,4.909999847412109,5.0,3.9649999141693115,4.550000190734863,519573427.0,1129432,Consumer Discretionary
PUSA,Powerus Corporation Common Stock,3.16,3.2799999713897705,3.3399999141693115,2.8299999237060547,2.8949999809265137,512689719.0,2560900,Consumer Discretionary
SDHC,Smith Douglas Homes Corp. Class A Common Stock,10.08,10.140000343322754,10.470000267028809,10.069999694824219,10.069999694824219,512350080.0,54524,Consumer Discretionary
CSV,Carriage Services Inc. Common Stock,32.17,31.93000030517578,32.81999969482422,31.540000915527344,32.279998779296875,510933462.0,314875,Consumer Discretionary
HBB,Hamilton Beach Brands Holding Company Class A Common Stock ,37.99,37.79999923706055,38.064998626708984,35.630001068115234,36.369998931884766,510674193.0,88780,Consumer Discretionary
KRUS,Kura Sushi USA Inc. Class A Common Stock,41.53,41.77000045776367,41.77000045776367,39.33000183105469,40.369998931884766,504582689.0,220673,Consumer Discretionary
OIS,Oil States International Inc. Common Stock,8.23,8.229999542236328,8.6899995803833,8.15999984741211,8.479999542236328,496455154.0,499086,Consumer Discretionary
BBCP,Concrete Pumping Holdings Inc. Common Stock,9.85,9.770000457763672,9.970000267028809,9.710000038146973,9.829999923706055,496375187.0,128154,Consumer Discretionary
QUAD,Quad Graphics Inc Class A Common Stock,9.42,9.449999809265137,9.520000457763672,9.079999923706055,9.5,484765465.0,290198,Consumer Discretionary
ASPN,Aspen Aerogels Inc. Common Stock,5.69,5.739999771118164,5.784999847412109,5.59499979019165,5.690000057220459,472206181.0,839121,Consumer Discretionary
JOUT,Johnson Outdoors Inc. Class A Common Stock,44.91,45.16999816894531,45.16999816894531,43.72999954223633,44.5,470641980.0,21913,Consumer Discretionary
CIX,CompX International Inc. Common Stock,37.4,37.83000183105469,38.22999954223633,36.720001220703125,38.22999954223633,461390972.0,19172,Consumer Discretionary
SPCE,Virgin Galactic Holdings Inc. Common Stock,3.03,3.0299999713897705,3.059999942779541,2.950000047683716,3.049999952316284,459335586.0,3900710,Consumer Discretionary
SPIR,Spire Global Inc. Class A Common Stock,11.11,11.289999961853027,11.289999961853027,10.649999618530273,10.890000343322754,451314542.0,553419,Consumer Discretionary
ONT,Onterris Inc. Common Stock,12.71,12.739999771118164,14.25,12.350000381469727,14.210000038146973,446342459.0,996130,Consumer Discretionary
MNRO,Monro Inc. Common Stock,14.18,14.100000381469727,14.100000381469727,13.539999961853027,13.640000343322754,443324371.0,595622,Consumer Discretionary
EVGO,EVgo Inc. Class A Common Stock,1.38,1.3799999952316284,1.399999976158142,1.3300000429153442,1.350000023841858,434031694.0,5539165,Consumer Discretionary
CCOI,Cogent Communications Holdings Inc.,8.46,8.4399995803833,8.920000076293945,7.989999771118164,8.880000114440918,433285127.0,2479583,Consumer Discretionary
LOCO,El Pollo Loco Holdings Inc. Common Stock,14.22,14.260000228881836,14.420000076293945,14.062999725341797,14.399999618530273,432756364.0,251974,Consumer Discretionary
GLAD,Gladstone Capital Corporation Common Stock,19.15,19.15999984741211,19.399999618530273,19.100000381469727,19.1200008392334,432657271.0,151516,Consumer Discretionary
HVT,Haverty Furniture Companies Inc. Common Stock,27.5,27.489999771118164,27.979999542236328,27.31999969482422,27.889999389648438,428824715.0,111553,Consumer Discretionary
VRRM,Verra Mobility Corporation Class A Common Stock,2.81,2.7799999713897705,2.930000066757202,2.7799999713897705,2.869999885559082,427071679.0,5302757,Consumer Discretionary
SGU,Star Group L.P. Common Stock,12.88,12.850000381469727,13.0600004196167,12.760000228881836,12.899999618530273,422608462.0,15731,Consumer Discretionary
CAL,Caleres Inc. Common Stock,12.22,12.3100004196167,12.569999694824219,12.050000190734863,12.25,421650819.0,416224,Consumer Discretionary
BLW,Blackrock Limited Duration Income Trust,11.72,11.649999618530273,11.770000457763672,11.649999618530273,11.680000305175781,418535885.0,200914,Consumer Discretionary
NATH,Nathan's Famous Inc. Common Stock,101.49,101.76000213623047,101.76000213623047,101.5,101.5199966430664,415871615.0,32013,Consumer Discretionary
BNED,Barnes & Noble Education Inc Common Stock,11.71,11.600000381469727,11.699999809265137,11.4399995803833,11.539999961853027,405926916.0,112400,Consumer Discretionary
FOSL,Fossil Group Inc. Common Stock,6.8,6.849999904632568,7.329999923706055,6.849999904632568,7.21999979019165,402138754.0,1110716,Consumer Discretionary
CTEV,Claritev Corporation Class A Common Stock,23.72,23.770000457763672,24.78499984741211,22.690000534057617,24.68000030517578,401993822.0,228912,Consumer Discretionary
HCMA,HCM III Acquisition Corp. Class A Ordinary Share,10.3,10.300999641418457,10.300999641418457,10.300000190734863,10.300000190734863,399768750.0,94,Consumer Discretionary
CTRN,Citi Trends Inc. Common Stock,47.91,47.93000030517578,48.09000015258789,47.08000183105469,47.86000061035156,399542906.0,138631,Consumer Discretionary
STRZ,Starz Entertainment Corp. Common Shares,23.25,23.1299991607666,23.15999984741211,22.15999984741211,23.030000686645508,398136976.0,186751,Consumer Discretionary
ACCO,Acco Brands Corporation Common Stock,4.3,4.269999980926514,4.349999904632568,4.239999771118164,4.340000152587891,396922542.0,385342,Consumer Discretionary
RMNI,Rimini Street Inc. (DE) Common Stock,4.24,4.320000171661377,4.320000171661377,4.159999847412109,4.179999828338623,395829440.0,611793,Consumer Discretionary
EVH,Evolent Health Inc Class A Common Stock,3.46,3.450000047683716,3.6449999809265137,3.440999984741211,3.609999895095825,391185299.0,1772527,Consumer Discretionary
CPS,Cooper-Standard Holdings Inc. Common Stock,21.83,21.920000076293945,22.280000686645508,21.84000015258789,22.030000686645508,387901811.0,239820,Consumer Discretionary
KPLT,Katapult Holdings Inc. Common Stock,4.52,4.440000057220459,4.670000076293945,4.429999828338623,4.5,383517729.0,129061,Consumer Discretionary
DIN,Dine Brands Global Inc. Common Stock,29.92,30.079999923706055,30.399999618530273,28.81999969482422,29.860000610351562,378761768.0,906869,Consumer Discretionary
GCO,Genesco Inc. Common Stock,34.8,34.86000061035156,35.66999816894531,34.43000030517578,35.65999984741211,376541290.0,126068,Consumer Discretionary
JILL,J. Jill Inc. Common Stock,24.84,24.739999771118164,25.059999465942383,24.260000228881836,24.6200008392334,369196349.0,267058,Consumer Discretionary
RDIB,Reading International Inc Class B Common Stock,16.08,15.000100135803223,15.029999732971191,14.239999771118164,14.449999809265137,368073242.0,14696,Consumer Discretionary
FLXS,Flexsteel Industries Inc. Common Stock,88.82,88.76000213623047,89.0,84.61000061035156,88.05000305175781,363428436.0,65286,Consumer Discretionary
ADV,Advantage Solutions Inc. Class A Common Stock,27.64,27.639999389648438,27.94499969482422,26.360000610351562,27.3700008392334,354406437.0,45959,Consumer Discretionary
PACK,Ranpak Holdings Corp Class A Common Stock,4.09,4.070000171661377,4.070000171661377,3.9149999618530273,3.9600000381469727,350751402.0,467123,Consumer Discretionary
RCKY,Rocky Brands Inc. Common Stock,46.74,46.90999984741211,46.90999984741211,45.43000030517578,46.13999938964844,350171920.0,48897,Consumer Discretionary
SFIX,Stitch Fix Inc. Class A Common Stock,2.61,2.609999895095825,2.7249999046325684,2.5850000381469727,2.680000066757202,348705623.0,3163330,Consumer Discretionary
BRCB,Black Rock Coffee Bar Inc. Class A Common Stock,6.96,7.0,7.070000171661377,6.710000038146973,6.920000076293945,348505846.0,229730,Consumer Discretionary
IMXI,International Money Express Inc. Common Stock,11.51,11.449999809265137,11.835000038146973,11.404999732971191,11.779999732971191,347735827.0,322526,Consumer Discretionary
RPAY,Repay Holdings Corporation Class A Common Stock,3.82,3.799999952316284,3.930000066757202,3.799999952316284,3.9000000953674316,343267672.0,384178,Consumer Discretionary
SHOE,Shoe Station Group Inc. Common Stock,12.58,12.65999984741211,12.869999885559082,12.319999694824219,12.819999694824219,341972393.0,936614,Consumer Discretionary
FNKO,Funko Inc. Class A Common Stock,5.86,5.829999923706055,6.090000152587891,5.75,6.070000171661377,328135189.0,475166,Consumer Discretionary
LVWR,LiveWire Group Inc. Common Stock,1.57,1.5299999713897705,1.590000033378601,1.4500000476837158,1.4700000286102295,322497557.0,210559,Consumer Discretionary
HTZWW,Hertz Global Holdings Inc Warrant,0.892,2.9000000953674316,0.9200000166893005,0.8700000047683716,0.8999999761581421,317954643.0,36341,Consumer Discretionary
ELA,Envela Corporation Common Stock,12.16,12.029999732971191,12.130000114440918,11.850000381469727,12.050000190734863,315715868.0,92899,Consumer Discretionary
BBW,Build-A-Bear Workshop Inc. Common Stock,25.56,25.43000030517578,26.079999923706055,25.270000457763672,26.0,314882203.0,268762,Consumer Discretionary
JAKK,JAKKS Pacific Inc. Common Stock,27.15,27.100000381469727,27.940000534057617,26.8799991607666,27.780000686645508,310732076.0,143219,Consumer Discretionary
DBI,Designer Brands Inc. Class A Common Stock,6.06,6.059999942779541,6.059999942779541,5.860000133514404,5.96999979019165,309807828.0,656554,Consumer Discretionary
LE,Lands' End Inc. Common Stock,10.29,10.25,10.670000076293945,10.119999885559082,10.630000114440918,304009345.0,205437,Consumer Discretionary
RCMT,RCM Technologies Inc. Common Stock,42.01,42.0099983215332,42.40999984741211,41.560001373291016,41.59000015258789,298722986.0,57069,Consumer Discretionary
MTRX,Matrix Service Company Common Stock,10.28,10.289999961853027,10.5,10.140000343322754,10.420000076293945,290840948.0,647318,Consumer Discretionary
TSSI,TSS Inc. Common Stock,10.24,10.279999732971191,10.279999732971191,9.75,10.050000190734863,288963277.0,730499,Consumer Discretionary
PMTS,CPI Card Group Inc. Common Stock,24.86,24.780000686645508,24.940000534057617,24.010000228881836,24.690000534057617,288176673.0,129336,Consumer Discretionary
SEG,Seaport Entertainment Group Inc. Common Stock,22.38,22.450000762939453,22.799999237060547,22.049999237060547,22.5,286677416.0,110296,Consumer Discretionary
GOGO,Gogo Inc. Common Stock,2.11,2.109999895095825,2.1500000953674316,2.049999952316284,2.140000104904175,285921589.0,819026,Consumer Discretionary
TDUP,ThredUp Inc. Class A Common Stock,2.17,2.1500000953674316,2.174999952316284,2.130000114440918,2.1700000762939453,284994021.0,1291056,Consumer Discretionary
HLLY,Holley Inc. Common Stock,2.34,2.3499999046325684,2.3499999046325684,2.25,2.2899999618530273,283687895.0,742610,Consumer Discretionary
TBI,TrueBlue Inc. Common Stock,9.18,9.15999984741211,9.15999984741211,8.8100004196167,8.899999618530273,279479078.0,143890,Consumer Discretionary
GPRO,GoPro Inc. Class A Common Stock,1.35,1.3300000429153442,1.3899999856948853,1.3300000429153442,1.3600000143051147,278581091.0,7518907,Consumer Discretionary
III,Information Services Group Inc. Common Stock,5.7,5.639999866485596,5.900000095367432,5.639999866485596,5.820000171661377,275956733.0,212329,Consumer Discretionary
HCKT,Hackett Group Inc (The). Common Stock,10.78,10.75,10.859999656677246,10.630000114440918,10.819999694824219,268183471.0,183874,Consumer Discretionary
PTLO,Portillo's Inc. Class A Common Stock,3.51,3.5299999713897705,3.5899999141693115,3.4649999141693115,3.549999952316284,266560716.0,1802442,Consumer Discretionary
ESCA,Escalade Incorporated Common Stock,19.26,19.440000534057617,19.440000534057617,18.520000457763672,19.0,265134585.0,23385,Consumer Discretionary
NXH,Neighborhood Intelligence Inc. Common Stock,2.76,2.5999999046325684,2.5999999046325684,2.0199999809265137,2.059999942779541,263573605.0,2384122,Consumer Discretionary
STRT,STRATTEC SECURITY CORPORATION Common Stock,65.8,65.75,66.36000061035156,65.16000366210938,65.91999816894531,262213855.0,41607,Consumer Discretionary
HQI,HireQuest Inc. Common Stock (DE),18.81,18.0,19.360000610351562,18.0,19.06999969482422,261459000.0,15785,Consumer Discretionary
IHRT,iHeartMedia Inc. Class A Common Stock,1.94,1.940000057220459,2.059999942779541,1.8600000143051147,2.049999952316284,259376306.0,630135,Consumer Discretionary
CNDT,Conduent Incorporated Common Stock ,1.65,1.659999966621399,1.7100000381469727,1.6299999952316284,1.6399999856948853,256609320.0,1937215,Consumer Discretionary
CURV,Torrid Holdings Inc. Common Stock,2.5,2.4700000286102295,2.5439999103546143,2.450000047683716,2.4600000381469727,249298588.0,203875,Consumer Discretionary
EVI,EVI Industries Inc.  Common Stock,19.29,19.34000015258789,19.350000381469727,18.3700008392334,19.149999618530273,248426882.0,38376,Consumer Discretionary
ANGI,Angi Inc. Class A Common Stock,6.05,6.010000228881836,6.360000133514404,5.96999979019165,6.059999942779541,245365319.0,640417,Consumer Discretionary
ACU,Acme United Corporation. Common Stock,63.5,63.83000183105469,64.12000274658203,62.630001068115234,63.70000076293945,243447761.0,34995,Consumer Discretionary
ASLE,AerSale Corporation Common Stock,5.04,5.019999980926514,5.019999980926514,4.889999866485596,4.949999809265137,240542886.0,579191,Consumer Discretionary
JACK,Jack In The Box Inc. Common Stock,12.45,12.529999732971191,12.65999984741211,12.130000114440918,12.359999656677246,238782659.0,489345,Consumer Discretionary
ALIT,Alight Inc. Class A Common Stock,8.85,8.739999771118164,8.880000114440918,8.510000228881836,8.739999771118164,238410973.0,489323,Consumer Discretionary
PLAY,Dave & Buster's Entertainment Inc. Common Stock,6.75,6.849999904632568,6.949999809265137,6.360000133514404,6.760000228881836,235106847.0,2080978,Consumer Discretionary
XPOF,Xponential Fitness Inc. Class A Common Stock,4.7,4.630000114440918,4.730000019073486,4.510000228881836,4.639999866485596,231822800.0,1329166,Consumer Discretionary
AENT,Alliance Entertainment Holding Corporation Class A Common Stock,4.49,4.519999980926514,4.730000019073486,4.5,4.690000057220459,228898539.0,25114,Consumer Discretionary
SMHI,SEACOR Marine Holdings Inc. Common Stock ,8.27,8.3100004196167,8.720000267028809,8.25,8.6899995803833,224388471.0,85023,Consumer Discretionary
KLC,KinderCare Learning Companies Inc. Common Stock,1.86,1.840000033378601,1.899999976158142,1.809999942779541,1.809999942779541,220441681.0,585009,Consumer Discretionary
HDSN,Hudson Technologies Inc. Common Stock,5.23,5.210000038146973,5.239999771118164,5.119999885559082,5.21999979019165,220123101.0,206688,Consumer Discretionary
LOVE,The Lovesac Company Common Stock,14.7,14.699999809265137,15.119999885559082,14.154999732971191,14.829999923706055,212024465.0,144047,Consumer Discretionary
AMWL,American Well Corporation Class A Common Stock,12.39,12.270000457763672,12.854999542236328,12.0,12.720000267028809,210738512.0,146907,Consumer Discretionary
LCUT,Lifetime Brands Inc. Common Stock,9.12,9.3100004196167,9.470000267028809,8.920000076293945,9.0600004196167,209658184.0,214543,Consumer Discretionary
DHX,DHI Group Inc. Common Stock,4.81,4.809999942779541,4.889999866485596,4.610000133514404,4.809999942779541,208870354.0,147341,Consumer Discretionary
SGC,Superior Group of Companies Inc. Common Stock,12.98,12.920000076293945,13.079999923706055,12.800000190734863,13.0,206968709.0,24459,Consumer Discretionary
AOUT,American Outdoor Brands Inc. Common Stock ,16.35,16.309999465942383,16.84000015258789,15.913000106811523,16.600000381469727,206357029.0,160906,Consumer Discretionary
ZUMZ,Zumiez Inc. Common Stock,13.29,13.260000228881836,13.890000343322754,13.1899995803833,13.729999542236328,203743847.0,252811,Consumer Discretionary
RICK,RCI Hospitality Holdings Inc. Common Stock,26.62,26.469999313354492,26.469999313354492,25.940000534057617,26.030000686645508,203496590.0,37891,Consumer Discretionary
TPVG,TriplePoint Venture Growth BDC Corp. Common Stock,4.9,4.900000095367432,4.929999828338623,4.800000190734863,4.829999923706055,199477643.0,198429,Consumer Discretionary
MPAA,Motorcar Parts  of America Inc. Common Stock,10.53,10.529999732971191,10.6899995803833,10.449999809265137,10.619999885559082,199366670.0,99715,Consumer Discretionary
NCMI,National CineMedia Inc. Common Stock,2.11,2.109999895095825,2.190000057220459,1.9900000095367432,2.140000104904175,198488635.0,757092,Consumer Discretionary
FC,Franklin Covey Company Common Stock,17.33,17.1200008392334,17.479999542236328,17.1200008392334,17.350000381469727,195722819.0,45046,Consumer Discretionary
AUC,ATIF Holdings Limited Ordinary Shares,8.67,8.5,8.5,8.449999809265137,8.449999809265137,191853037.0,6121,Consumer Discretionary
SRI,Stoneridge Inc. Common Stock,6.72,6.699999809265137,6.699999809265137,6.510000228881836,6.53000020980835,191673713.0,159124,Consumer Discretionary
BSET,Bassett Furniture Industries Incorporated Common Stock,20.72,20.739999771118164,21.15999984741211,20.170000076293945,20.940000534057617,179256200.0,69806,Consumer Discretionary
CURI,CuriosityStream Inc. Class A Common Stock,2.91,2.9100000858306885,2.940000057220459,2.871000051498413,2.9200000762939453,172673661.0,373135,Consumer Discretionary
ATER,Aterian Inc. Common Stock,0.6547,0.6399999856948853,0.6899999976158142,0.6100000143051147,0.6359999775886536,170109968.0,334435,Consumer Discretionary
FLWS,1-800-FLOWERS.COM Inc. Common Stock,2.56,2.559999942779541,2.5999999046325684,2.5,2.5399999618530273,164313846.0,198011,Consumer Discretionary
ONEW,OneWater Marine Inc. Class A Common Stock,9.82,9.770000457763672,9.819999694824219,9.413000106811523,9.670000076293945,163656379.0,117944,Consumer Discretionary
OPRX,OptimizeRx Corporation Common Stock,8.57,8.600000381469727,8.789999961853027,8.449999809265137,8.720000267028809,161424100.0,224868,Consumer Discretionary
SKYX,SKYX Platforms Corp. Common Stock,1.18,1.1799999475479126,1.190000057220459,1.149999976158142,1.149999976158142,159808573.0,271295,Consumer Discretionary
RRGB,Red Robin Gourmet Burgers Inc. Common Stock,7.95,8.029999732971191,8.25,7.659999847412109,8.050000190734863,150284828.0,213485,Consumer Discretionary
LEE,Lee Enterprises Incorporated Common Stock,6.71,6.820000171661377,7.159999847412109,6.820000171661377,7.070000171661377,149579615.0,52255,Consumer Discretionary
DLTH,Duluth Holdings Inc. Class B Common Stock,3.93,3.880000114440918,4.170000076293945,3.8399999141693115,4.099999904632568,149359654.0,63857,Consumer Discretionary
COOK,Traeger Inc. Common Stock,53.1,52.75,55.20000076293945,52.7400016784668,53.439998626708984,148585694.0,13697,Consumer Discretionary
EML,Eastern Company (The) Common Stock,24.61,24.799999237060547,25.510000228881836,24.530000686645508,24.790000915527344,148092102.0,8926,Consumer Discretionary
WW,WW International Inc.  Common Stock,14.74,14.630000114440918,15.010000228881836,14.399999618530273,14.869999885559082,147381722.0,249388,Consumer Discretionary
VRA,Vera Bradley Inc. Common Stock,5.11,5.159999847412109,5.190000057220459,4.929999828338623,5.019999980926514,146599073.0,450256,Consumer Discretionary
DVLT,Datavault AI Inc. Common Stock,0.1541,0.15000000596046448,0.1599999964237213,0.15000000596046448,0.1599999964237213,146353178.0,21561528,Consumer Discretionary
BRLT,Brilliant Earth Group Inc. Class A Common Stock,1.39,1.399999976158142,1.4299999475479126,1.3760000467300415,1.399999976158142,141533685.0,32440,Consumer Discretionary
HOFT,Hooker Furnishings Corporation Common Stock,13.17,13.199999809265137,13.640000343322754,13.010000228881836,13.010000228881836,140816234.0,31807,Consumer Discretionary
TLYS,Tilly's Inc. Common Stock,4.58,4.510000228881836,4.619999885559082,4.369999885559082,4.610000133514404,140089674.0,133806,Consumer Discretionary
RTB,RTB Digital Inc. Common Stock,9.26,9.329999923706055,9.880000114440918,8.819999694824219,8.890000343322754,138517321.0,53158,Consumer Discretionary
VNCE,Vince Holding Corp. Common Stock,10.5,10.65999984741211,11.600000381469727,10.609999656677246,11.4399995803833,135919865.0,186491,Consumer Discretionary
DIBS,1stdibs.com Inc. Common Stock,4.02,4.010000228881836,4.28000020980835,3.8399999141693115,4.03000020980835,135133478.0,117304,Consumer Discretionary
RGP,Resources Connection Inc. Common Stock,3.89,3.890000104904175,3.9200000762939453,3.7300000190734863,3.740000009536743,134988065.0,249312,Consumer Discretionary
TISI,Team Inc. Common Stock,28.9,29.030000686645508,29.350000381469727,28.280000686645508,28.3799991607666,132454740.0,15657,Consumer Discretionary
CLAR,Clarus Corporation Common Stock,3.45,3.4700000286102295,3.4700000286102295,3.390000104904175,3.450000047683716,132094135.0,118955,Consumer Discretionary
SRFM,Surf Air Mobility Inc. Common Stock,0.972,0.9800000190734863,0.9900000095367432,0.8519999980926514,0.890999972820282,129128966.0,10691767,Consumer Discretionary
KVHI,KVH Industries Inc. Common Stock,7.01,7.010000228881836,7.099999904632568,6.829999923706055,6.960000038146973,127168144.0,95211,Consumer Discretionary
PLBY,Playboy Inc. Common Stock,1.04,1.0499999523162842,1.059000015258789,1.0299999713897705,1.0299999713897705,124599996.0,589100,Consumer Discretionary
OESX,Orion Energy Systems Inc. Common Stock,30.44,30.440000534057617,30.850000381469727,29.469999313354492,30.049999237060547,124477866.0,35409,Consumer Discretionary
FBYDW,Falcon's Beyond Global Inc. Warrants,1.02,,,,,123684433.0,14,Consumer Discretionary
UFI,Unifi Inc. New Common Stock,6.54,6.559999942779541,6.579999923706055,6.409999847412109,6.420000076293945,121570994.0,30298,Consumer Discretionary
CVGI,Commercial Vehicle Group Inc. Common Stock,2.96,2.930000066757202,3.0399999618530273,2.9200000762939453,3.0,120272739.0,136101,Consumer Discretionary
BXBL,BOXABL Inc. Common stock,3.23,3.25,3.3499999046325684,3.184999942779541,3.25,111748801.0,72586,Consumer Discretionary
HOVNP,Hovnanian Enterprises Inc Dep Shr Srs A Pfd,18.0023,18.229999542236328,18.229999542236328,17.950000762939453,17.950000762939453,107291728.0,5570,Consumer Discretionary
VIRC,Virco Manufacturing Corporation Common Stock,6.51,6.590000152587891,7.0,6.550000190734863,6.789999961853027,102622436.0,10037,Consumer Discretionary
PAL,Proficient Auto Logistics Inc. Common Stock,3.56,3.569999933242798,3.634999990463257,3.4700000286102295,3.5899999141693115,99868406.0,559711,Consumer Discretionary
BZFD,BuzzFeed Inc. Class A Common Stock,1.11,1.100000023841858,1.190000057220459,1.0950000286102295,1.159999966621399,99161554.0,113415,Consumer Discretionary
FJET,Starfighters Space Inc. Common Stock,1.72,1.7000000476837158,1.715000033378601,1.5700000524520874,1.6200000047683716,94593153.0,1806108,Consumer Discretionary
FLNT,Fluent Inc. Common Stock,2.98,2.9100000858306885,3.049999952316284,2.8299999237060547,2.8399999141693115,94189116.0,37891,Consumer Discretionary
GRWG,GrowGeneration Corp. Common Stock,1.57,1.5800000429153442,1.5800000429153442,1.5399999618530273,1.559999942779541,92505105.0,260657,Consumer Discretionary
HFFG,HF Foods Group Inc. Common Stock,1.63,1.6299999952316284,1.6399999856948853,1.559999942779541,1.600000023841858,90632590.0,53379,Consumer Discretionary
MDIA,Mediaco Holding Inc. Class A Common Stock ,1.07,1.031000018119812,1.0390000343322754,1.0299999713897705,1.0299999713897705,89901248.0,8017,Consumer Discretionary
BDL,Flanigan's Enterprises Inc. Common Stock,46.51,47.060001373291016,48.529998779296875,46.5,46.5,86445672.0,88403,Consumer Discretionary
MHH,Mastech Digital Inc Common Stock,7.15,7.159999847412109,7.289999961853027,6.920000076293945,6.920000076293945,85889954.0,2458,Consumer Discretionary
TSQ,Townsquare Media Inc. Class A Common Stock,4.55,4.559999942779541,4.60099983215332,4.369999885559082,4.440000057220459,82953957.0,132553,Consumer Discretionary
VENU,Venu Holding Corporation Common Stock,1.4,1.4299999475479126,1.4500000476837158,1.350000023841858,1.4299999475479126,82417075.0,317074,Consumer Discretionary
CPHC,Canterbury Park Holding Corporation 'New' Common Stock,15.75,15.460000038146973,15.890000343322754,15.460000038146973,15.600000381469727,81638456.0,771,Consumer Discretionary
DTI,Drilling Tools International Corporation Common Stock,2.29,2.2899999618530273,2.380000114440918,2.2780001163482666,2.359999895095825,80796293.0,89696,Consumer Discretionary
NDLS,Noodles & Company Class A Common Stock,13.4,13.380000114440918,13.90999984741211,13.079999923706055,13.079999923706055,79953244.0,9348,Consumer Discretionary
AIRT,Air T Inc. Common Stock,29.8,30.0,30.860000610351562,29.829999923706055,30.209999084472656,79916090.0,17646,Consumer Discretionary
JRSH,Jerash Holdings (US) Inc. Common Stock,6.15,6.0,6.070000171661377,5.78000020980835,6.03000020980835,78104631.0,198496,Consumer Discretionary
CPSH,CPS Technologies Corp. Common Stock,3.84,3.799999952316284,3.819999933242798,3.5299999713897705,3.630000114440918,74449697.0,170059,Consumer Discretionary
BARK,BARK Inc. Class A Common Stock,8.12,8.100000381469727,8.199999809265137,8.050000190734863,8.100000381469727,73351671.0,43444,Consumer Discretionary
RGS,Regis Corporation Common Stock,29.05,29.049999237060547,29.799999237060547,29.049999237060547,29.280000686645508,72629561.0,2144,Consumer Discretionary
AMCI,AMC Robotics Corporation Common Stock,3.01,3.059999942779541,3.0999999046325684,2.930000066757202,2.9700000286102295,69851333.0,34696,Consumer Discretionary
PRTS,CarParts.com Inc. Common Stock,8.63,8.579999923706055,8.699999809265137,8.5,8.520000457763672,69604678.0,16590,Consumer Discretionary
TTEC,TTEC Holdings Inc. Common Stock,1.38,1.3799999952316284,1.409999966621399,1.3600000143051147,1.3799999952316284,68028397.0,418772,Consumer Discretionary
THRY,Thryv Holdings Inc. Common Stock,1.52,1.5,1.524999976158142,1.4850000143051147,1.4900000095367432,67547449.0,305361,Consumer Discretionary
DIT,AMCON Distributing Company Common Stock,67.56,64.01000213623047,69.4000015258789,64.01000213623047,67.7300033569336,65940452.0,258,Consumer Discretionary
HOUR,Hour Loop Inc. Common Stock,1.86,1.809999942779541,1.9249999523162842,1.8020000457763672,1.8200000524520874,65471665.0,19333,Consumer Discretionary
SCOR,comScore Inc. Common Stock,4.24,4.349999904632568,4.53000020980835,4.190000057220459,4.300000190734863,64381542.0,58155,Consumer Discretionary
DLHC,DLH Holdings Corp.,4.05,4.070000171661377,4.320000171661377,4.03000020980835,4.079999923706055,58696792.0,15905,Consumer Discretionary
SLSN,Solesence Inc. Common Stock,0.82,0.8600000143051147,0.8600000143051147,0.8100000023841858,0.8100000023841858,57930577.0,16735,Consumer Discretionary
GENK,GEN Restaurant Group Inc. Class A Common Stock,1.61,1.5800000429153442,1.6799999475479126,1.559999942779541,1.6100000143051147,56187301.0,15644,Consumer Discretionary
SCWO,374Water Inc. Common Stock,3.08,3.109999895095825,3.180000066757202,2.8499999046325684,2.950000047683716,54571936.0,60365,Consumer Discretionary
SGA,Saga Communications Inc. Class A Common Stock (FL),8.47,8.420000076293945,8.470000267028809,8.289999961853027,8.359999656677246,53852158.0,5028,Consumer Discretionary
TZOO,Travelzoo Common Stock,5.21,5.230000019073486,5.489999771118164,5.210000038146973,5.380000114440918,53154176.0,46195,Consumer Discretionary
BGSF,BGSF Inc. Common Stock,4.92,4.960000038146973,5.110000133514404,4.78000020980835,4.78000020980835,52544444.0,9131,Consumer Discretionary
RENT,Rent the Runway Inc. Class A Common Stock,1.55,1.5299999713897705,1.5800000429153442,1.5099999904632568,1.5499999523162842,52349888.0,197448,Consumer Discretionary
LIDR,AEye Inc. Class A Common Stock,1.12,1.1299999952316284,1.1399999856948853,1.100000023841858,1.100000023841858,52272829.0,571988,Consumer Discretionary
FLL,Full House Resorts Inc. Common Stock,1.39,1.3899999856948853,1.4199999570846558,1.350000023841858,1.3700000047683716,50935827.0,160086,Consumer Discretionary
AIRTP,Air T Inc. Air T Funding Alpha Income Trust Preferred Securities,18.9,18.799999237060547,18.799999237060547,18.799999237060547,18.799999237060547,50685037.0,2258,Consumer Discretionary
CULP,Culp Inc. Common Stock,3.89,3.930000066757202,3.9700000286102295,3.7300000190734863,3.7799999713897705,49540410.0,62163,Consumer Discretionary
STKS,The ONE Group Hospitality Inc. Common Stock,1.56,1.5499999523162842,1.659999966621399,1.5399999618530273,1.5399999618530273,49434877.0,9684,Consumer Discretionary
CATO,Cato Corporation (The) Class A Common Stock,2.4,2.369999885559082,2.4000000953674316,2.369999885559082,2.390000104904175,47788678.0,50472,Consumer Discretionary
ACFN,Acorn Energy Inc. Common Stock,19.02,18.799999237060547,19.079999923706055,18.440000534057617,18.719999313354492,47732934.0,4781,Consumer Discretionary
VRM,Vroom Inc. Common Stock,9.03,8.979999542236328,9.604999542236328,8.979999542236328,9.020000457763672,47266208.0,3522,Consumer Discretionary
XOS,Xos Inc. Common Stock,3.3,3.259999990463257,3.440000057220459,3.119999885559082,3.3299999237060547,46918912.0,365532,Consumer Discretionary
CNVS,Cineverse Corp. Class A Common Stock,1.905,1.9199999570846558,1.9800000190734863,1.8899999856948853,1.940000057220459,45284492.0,174899,Consumer Discretionary
RDI,Reading International Inc Class A Common Stock,1.965,1.9299999475479126,1.9800000190734863,1.850000023841858,1.850000023841858,44979100.0,39509,Consumer Discretionary
HGBL,Heritage Global Inc. Common Stock,1.29,1.3200000524520874,1.3200000524520874,1.2899999618530273,1.2999999523162842,44684884.0,166803,Consumer Discretionary
PLCE,Children's Place Inc. (The) Common Stock,1.99,1.9900000095367432,2.0399999618530273,1.840000033378601,1.909999966621399,44251763.0,73220,Consumer Discretionary
SPWH,Sportsman's Warehouse Holdings Inc. Common Stock,1.13,1.1299999952316284,1.1699999570846558,1.1200000047683716,1.159999966621399,44229855.0,330731,Consumer Discretionary
IZEA,IZEA Worldwide Inc. Common Stock,2.45,2.450000047683716,2.5899999141693115,2.430000066757202,2.430000066757202,42669901.0,17404,Consumer Discretionary
ELWT,Elauwit Connection Inc. Common Stock,6.35,6.0,6.5,6.0,6.119999885559082,42035705.0,2239,Consumer Discretionary
SEAT,Vivid Seats Inc. Class A Common Stock,3.52,3.509999990463257,3.569999933242798,3.259999990463257,3.2799999713897705,41226793.0,114871,Consumer Discretionary
MAMO,Massimo Group Common Stock,0.969,0.9599999785423279,0.9779999852180481,0.9309999942779541,0.949999988079071,40350081.0,25136,Consumer Discretionary
GAME,GameSquare Holdings Inc. Common Stock,3.08,3.0899999141693115,3.25,3.0299999713897705,3.059999942779541,40238112.0,133623,Consumer Discretionary
BIRD,Smartbird Inc. Class A Common Stock,3.365,3.4700000286102295,3.509999990463257,3.2899999618530273,3.4100000858306885,39737934.0,1926630,Consumer Discretionary
LVLU,Lulu's Fashion Lounge Holdings Inc. Common Stock,13.64,13.529999732971191,13.529999732971191,11.5,12.399999618530273,39168297.0,5794,Consumer Discretionary
HCMAW,HCM III Acquisition Corp. Warrants,0.4931,0.6000000238418579,0.6000000238418579,0.6000000238418579,0.6000000238418579,39074661.0,5570,Consumer Discretionary
OMEX,Odyssey Marine Exploration Inc. Common Stock,0.6639,0.6740000247955322,0.6769999861717224,0.6420000195503235,0.6420000195503235,38965213.0,264175,Consumer Discretionary
AERT,Aeries Technology Inc. Class A Ordinary Share,7.41,7.429999828338623,7.429999828338623,6.75,6.75,38886583.0,13620,Consumer Discretionary
LVO,LiveOne Inc. Common Stock,2.63,2.6500000953674316,2.809999942779541,2.509999990463257,2.6500000953674316,36062005.0,121146,Consumer Discretionary
STRR,Star Equity Holdings Inc. Common Stock,9.76,10.069999694824219,10.069999694824219,9.800000190734863,9.800000190734863,36008573.0,3091,Consumer Discretionary
BODI,The Beachbody Company Inc. Class A Common Stock,4.92,4.900000095367432,5.09499979019165,4.800000190734863,4.820000171661377,35724031.0,6537,Consumer Discretionary
GAIA,Gaia Inc. Class A Common Stock,1.39,1.3700000047683716,1.4199999570846558,1.3700000047683716,1.399999976158142,35341852.0,71016,Consumer Discretionary
BBBYW,Neighborhood Intelligence Inc. Warrants,0.37,0.3799000084400177,0.4893999993801117,0.25999999046325684,0.30169999599456787,35334143.0,312115,Consumer Discretionary
TOON,Kartoon Studios Inc. Common Stock,0.561,0.5600000023841858,0.5770000219345093,0.5509999990463257,0.5509999990463257,34896503.0,200423,Consumer Discretionary
STRRP,Star Equity Holdings Inc. 10% Series A Cumulative Perpetual Preferred Stock,9.285,9.244999885559082,9.305000305175781,9.244999885559082,9.305000305175781,34256107.0,1045,Consumer Discretionary
HHS,Harte Hanks Inc. Common Stock,4.56,4.590000152587891,4.590000152587891,4.539999961853027,4.539999961853027,33991334.0,17758,Consumer Discretionary
SDOT,Sadot Group Inc. Common Stock,10.71,10.569999694824219,11.15999984741211,10.199999809265137,11.079999923706055,33899056.0,70132,Consumer Discretionary
RAVE,Rave Restaurant Group Inc. Common Stock,2.31,2.2899999618530273,2.309999942779541,2.2799999713897705,2.2899999618530273,32828717.0,62083,Consumer Discretionary
UG,United-Guardian Inc. Common Stock,7.13,7.079999923706055,7.25,7.0,7.0,32757494.0,3880,Consumer Discretionary
VTSI,VirTra Inc. Common Stock,2.79,2.7799999713897705,2.9149999618530273,2.7799999713897705,2.8399999141693115,31581751.0,32111,Consumer Discretionary
NOMA,NOMADAR Corp. Class A Common Stock,1.945,1.8799999952316284,2.0899999141693115,1.7899999618530273,1.7899999618530273,29726464.0,36755,Consumer Discretionary
NTRP,NextTrip Inc. Common Stock,1.95,1.878000020980835,2.0450000762939453,1.878000020980835,1.9199999570846558,29417897.0,46663,Consumer Discretionary
CNTY,Century Casinos Inc. Common Stock,1.04,1.0399999618530273,1.059999942779541,1.0299999713897705,1.0299999713897705,29263200.0,64933,Consumer Discretionary
AIFA,All In FutureTech Alliance Inc. Common Stock,4.47,5.15500020980835,6.199999809265137,5.079999923706055,5.880000114440918,28698813.0,144047,Consumer Discretionary
SWAG,Stran & Company Inc. Common Stock,1.47,1.4199999570846558,1.4900000095367432,1.4199999570846558,1.4199999570846558,27400196.0,35365,Consumer Discretionary
CRWS,Crown Crafts Inc Common Stock,2.48,2.450000047683716,2.490000009536743,2.440000057220459,2.4600000381469727,26685512.0,52151,Consumer Discretionary
DXLG,Destination XL Group Inc. Common Stock,0.4342,0.4300000071525574,0.4300000071525574,0.38999998569488525,0.4000000059604645,24077931.0,97421,Consumer Discretionary
LIVE,Live Ventures Incorporated Common Stock,7.5991,7.630000114440918,7.900000095367432,7.539999961853027,7.539999961853027,23341821.0,5245,Consumer Discretionary
JOB,GEE Group Inc. Common Stock,0.2121,0.20999999344348907,0.2199999988079071,0.20999999344348907,0.2199999988079071,23303573.0,114702,Consumer Discretionary
BBGI,Beasley Broadcast Group Inc. Class A Common Stock,11.08,10.890000343322754,11.760000228881836,10.319999694824219,10.369999885559082,22744481.0,16315,Consumer Discretionary
MWYN,Marwynn Holdings Inc. Common stock,1.1,1.0750000476837158,1.3899999856948853,1.0750000476837158,1.2599999904632568,22214284.0,40655,Consumer Discretionary
DFNS,T3 Defense Inc. Common Stock,7.34,7.340000152587891,7.340000152587891,6.630000114440918,6.78000020980835,20847773.0,522080,Consumer Discretionary
AZIO,Azio AI Holdings Inc. Common Stock,1.18,1.1799999475479126,1.2200000286102295,1.1699999570846558,1.1699999570846558,20305261.0,291470,Consumer Discretionary
TLF,Tandy Leather Factory Inc. Common Stock,2.45,2.5199999809265137,2.609999895095825,2.490000009536743,2.490000009536743,20070584.0,8943,Consumer Discretionary
GIFT,Giftify Inc. Common Stock,0.5499,0.49900001287460327,0.6449999809265137,0.49900001287460327,0.574999988079071,19480304.0,4062145,Consumer Discretionary
EFOI,Energy Focus Inc. Common Stock,2.985,2.9800000190734863,3.369999885559082,2.9800000190734863,3.049999952316284,19012128.0,31780,Consumer Discretionary
REBN,Reborn Coffee Inc. Common Stock,2.18,2.1500000953674316,2.2699999809265137,1.9500000476837158,2.0,18791866.0,360187,Consumer Discretionary
UONE,Urban One Inc. Class A Common Stock,3.98,3.9000000953674316,4.059999942779541,3.9000000953674316,3.9000000953674316,18367557.0,2798,Consumer Discretionary
ACCS,ACCESS Newswire Inc. Common Stock,4.71,4.989999771118164,4.989999771118164,4.699999809265137,4.699999809265137,18026602.0,2182,Consumer Discretionary
UONEK,Urban One Inc. Class D Common Stock,3.57,3.549999952316284,3.549999952316284,3.440000057220459,3.440000057220459,16475421.0,8250,Consumer Discretionary
FABC,Fabric.AI Inc. Common Stock,2.34,2.3499999046325684,2.3499999046325684,2.2699999809265137,2.309999942779541,16388454.0,90085,Consumer Discretionary
ARKR,Ark Restaurants Corp. Common Stock,4.5,4.5,4.5,4.5,4.5,16227707.0,1518,Consumer Discretionary
GTIM,Good Times Restaurants Inc. Common Stock,1.5,1.5199999809265137,1.5199999809265137,1.4800000190734863,1.4800000190734863,15836844.0,39091,Consumer Discretionary
SUNE,SUNation Energy Inc. Common Stock,2.34,2.369999885559082,2.369999885559082,2.259999990463257,2.2699999809265137,15240673.0,95069,Consumer Discretionary
CJMB,Callan JMB Inc. Common Stock,2.44,2.4000000953674316,2.440000057220459,2.25,2.4000000953674316,14035778.0,64898,Consumer Discretionary
BNKK,Bonk Inc. Common Stock,1.75,1.7400000095367432,1.7860000133514404,1.5099999904632568,1.5299999713897705,14001645.0,199404,Consumer Discretionary
DLPN,Dolphin Entertainment Inc. Common Stock,1.03,1.0199999809265137,1.1100000143051147,1.0199999809265137,1.100000023841858,13424846.0,18574,Consumer Discretionary
NXXT,NextNRG Inc. Common Stock,0.735,0.7210000157356262,0.7269999980926514,0.6639999747276306,0.6690000295639038,12357809.0,156258,Consumer Discretionary
CABR,Caring Brands Inc. Common Stock,1.16,1.2050000429153442,1.2050000429153442,1.1299999952316284,1.1299999952316284,12027142.0,19657,Consumer Discretionary
BTBD,BT Brands Inc. Common Stock,1.87,1.909999966621399,1.9199999570846558,1.8700000047683716,1.8799999952316284,11565434.0,1915,Consumer Discretionary
ARAI,Arrive AI Inc. Common Stock,0.2155,0.2199999988079071,0.2199999988079071,0.20499999821186066,0.20800000429153442,11179323.0,128861,Consumer Discretionary
EDUC,Educational Development Corporation Common Stock,1.3,1.2999999523162842,1.309999942779541,1.2899999618530273,1.2999999523162842,11082453.0,4652,Consumer Discretionary
JCTC,Jewett-Cameron Trading Company Common Shares,2.95,2.9200000762939453,3.059999942779541,2.869999885559082,2.9700000286102295,10384333.0,14833,Consumer Discretionary
BTOC,Armlogi Holding Corp. Common Stock,0.2274,0.23999999463558197,0.23999999463558197,0.2290000021457672,0.2290000021457672,10333756.0,111544,Consumer Discretionary
SMXT,Solarmax Technology Inc. Common Stock,2.16,2.200000047683716,2.694000005722046,2.200000047683716,2.369999885559082,10243184.0,24627,Consumer Discretionary
AENTW,Alliance Entertainment Holding Corporation Warrant,0.2,0.6748999953269958,0.1899999976158142,0.1899999976158142,0.1899999976158142,10195926.0,26780,Consumer Discretionary
CISO,CISO Global Inc. Common Stock,0.2079,0.21899999678134918,0.21899999678134918,0.20000000298023224,0.20200000703334808,9464784.0,47068,Consumer Discretionary
INUV,Inuvo Inc.,0.5699,0.5699999928474426,0.5799999833106995,0.5299999713897705,0.5299999713897705,9393707.0,148238,Consumer Discretionary
MPU,Mega Matrix Inc. Class A Ordinary Shares,2.7,2.5999999046325684,2.5999999046325684,2.5799999237060547,2.5999999046325684,9237488.0,2585,Consumer Discretionary
PRPL,Purple Innovation Inc. Common Stock,2.1,2.109999895095825,2.240000009536743,2.0999999046325684,2.180000066757202,9141529.0,13813,Consumer Discretionary
CRMT,America's Car-Mart Inc Common Stock,1.05,1.0499999523162842,1.0800000429153442,0.9599999785423279,0.9800000190734863,8755402.0,691179,Consumer Discretionary
NHTC,Natural Health Trends Corp. Common Stock,1.0,0.9800000190734863,1.0,0.9399999976158142,0.949999988079071,8577848.0,46064,Consumer Discretionary
SURG,SurgePays Inc. Common Stock,0.1466,0.14499999582767487,0.14900000393390656,0.14000000059604645,0.14499999582767487,7756375.0,3601958,Consumer Discretionary
XWEL,XWELL Inc. Common Stock,0.8379,0.8299999833106995,0.8299999833106995,0.8100000023841858,0.8199999928474426,7196946.0,41208,Consumer Discretionary
NWTG,Newton Golf Company Inc. Common Stock,1.22,1.0700000524520874,1.2300000190734863,1.0700000524520874,1.1299999952316284,6898463.0,152753,Consumer Discretionary
DSS,DSS Inc. Common Stock,0.6378,0.6230000257492065,0.6499999761581421,0.6150000095367432,0.6150000095367432,6405118.0,31937,Consumer Discretionary
OBAI,Our Bond Inc. Common Stock,0.213,0.20999999344348907,0.20999999344348907,0.1899999976158142,0.20999999344348907,6384787.0,404883,Consumer Discretionary
XHLD,TEN Holdings Inc. Common Stock,0.4882,0.4320000112056732,0.46000000834465027,0.4000000059604645,0.41100001335144043,5848608.0,2082727,Consumer Discretionary
MITQ,Moving iMage Technologies Inc. Common Stock,0.578,0.5609999895095825,0.5770000219345093,0.5410000085830688,0.5529999732971191,5752385.0,120272,Consumer Discretionary
JTAI,Jet.AI Inc. Common Stock,1.55,1.5399999618530273,1.5499999523162842,1.5,1.5,5514158.0,51761,Consumer Discretionary
YCBD,cbdMD Inc. Common Stock,0.456,0.4560000002384186,0.4560000002384186,0.4300000071525574,0.4300000071525574,5109501.0,28905,Consumer Discretionary
HYFM,Hydrofarm Holdings Group Inc. Common Stock,1.03,1.0,1.0399999618530273,0.9700000286102295,0.9700000286102295,4963903.0,64876,Consumer Discretionary
DBGI,Digital Brands Group Inc. Common Stock,4.87,4.809999942779541,4.9679999351501465,4.199999809265137,4.650000095367432,4546189.0,210588,Consumer Discretionary
OLB,The OLB Group Inc. Common Stock,0.189,0.1850000023841858,0.19040000438690186,0.18310000002384186,0.1881999969482422,4542224.0,431156,Consumer Discretionary
CAPS,Capstone Holding Corp. Common Stock,0.1454,0.14000000059604645,0.15000000596046448,0.14000000059604645,0.14000000059604645,3836251.0,1146053,Consumer Discretionary
CTNT,Cheetah Net Supply Chain Service Inc Class A Common Stock,2.62,2.9600000381469727,3.190000057220459,2.759999990463257,3.130000114440918,3493500.0,5239108,Consumer Discretionary
TRUG,TruGolf Holdings Inc. Class A Common Stock,2.64,2.549999952316284,2.6700000762939453,2.4700000286102295,2.559999942779541,3273600.0,121507,Consumer Discretionary
TGL,Treasure Global Inc. Common Stock,1.29,1.2799999713897705,1.2799999713897705,1.2200000286102295,1.2599999904632568,2521733.0,154924,Consumer Discretionary
GNLN,Greenlane Holdings Inc. Class A Common Stock,2.66,2.8299999237060547,3.630000114440918,2.815000057220459,3.5,1847487.0,8340,Consumer Discretionary
OLOX,Olenox Industries Inc. Common Stock,0.8415,0.847000002861023,0.8999999761581421,0.824999988079071,0.8799999952316284,1396341.0,127600,Consumer Discretionary
LESL,Leslie's Inc. Common Stock,0.1457,0.1289999932050705,0.1289999932050705,0.09000000357627869,0.10199999809265137,1364550.0,10141380,Consumer Discretionary
UK,Ucommune International Ltd Class A Ordinary Shares,1.95,1.9500000476837158,2.0,1.7899999618530273,1.909999966621399,1322004.0,54960,Consumer Discretionary
IPW,iPower Inc. Common Stock,1.12,1.159999966621399,1.25,1.1200000047683716,1.2200000286102295,1305077.0,1221368,Consumer Discretionary
BZFDW,BuzzFeed Inc. Warrant,0.0079,0.07000000029802322,0.00989999994635582,0.007600000128149986,0.009200000204145908,705744.0,53607,Consumer Discretionary
DFNSW,T3 Defense Inc. Warrants,0.0646,0.06800000369548798,0.06849999725818634,0.051100000739097595,0.06340000033378601,183483.0,267493,Consumer Discretionary
BTBDW,BT Brands Inc. Warrant,0.0233,0.2728999853134155,0.015599999576807022,0.015599999576807022,0.015599999576807022,144104.0,7,Consumer Discretionary
SWAGW,Stran & Company Inc. Warrant,0.0031,0.09799999743700027,0.003800000064074993,0.0031999999191612005,0.003800000064074993,57783.0,20129,Consumer Discretionary
EURKR,Eureka Acquisition Corp Right,0.2701,0.2700999975204468,0.2700999975204468,0.2700999975204468,0.2700999975204468,0.0,3,Consumer Discretionary
EURKU,Eureka Acquisition Corp Unit,11.72,11.720000267028809,11.720000267028809,11.720000267028809,11.720000267028809,0.0,4383,Consumer Discretionary
