symbol,name,price,open,high,low,close,marketCap,volume,industry
JPM,JP Morgan Chase & Co. Common Stock,333.18,334.0,334.8500061035156,330.0,332.3800048828125,885654476450.0,8164453,Finance
BAC,Bank of America Corporation Common Stock,53.73,53.88999938964844,54.0,53.310001373291016,53.75,375720369651.0,60049483,Finance
MS,Morgan Stanley Common Stock,188.01,188.94000244140625,191.52999877929688,188.50999450683594,190.30999755859375,295282168559.0,9549491,Finance
GS,Goldman Sachs Group Inc. (The) Common Stock,896.67,905.510009765625,913.0,897.260009765625,902.5599975585938,261084666411.0,2583766,Finance
WFC,Wells Fargo & Company Common Stock,80.25,80.31999969482422,80.73999786376953,79.80999755859375,80.44999694824219,242675946714.0,17496078,Finance
C,Citigroup Inc. Common Stock,127.0,128.35000610351562,128.72000122070312,126.80999755859375,128.5,213034471441.0,13777184,Finance
AXP,American Express Company Common Stock,302.09,304.0,304.0,299.8299865722656,302.7799987792969,204004347451.0,3922815,Finance
SCHW,Charles Schwab Corporation (The) Common Stock,98.37,97.29000091552734,98.55000305175781,96.31999969482422,96.69999694824219,170114754186.0,6677334,Finance
BLK,BlackRock Inc. Common Stock,1064.36,1075.4200439453125,1089.3699951171875,1058.22998046875,1059.6300048828125,164836644509.0,524556,Finance
PGR,Progressive Corporation (The) Common Stock,210.96,209.86000061035156,211.97000122070312,207.67999267578125,210.30999755859375,122646188599.0,2497740,Finance
COF,Capital One Financial Corporation Common Stock,194.48,196.24000549316406,197.0399932861328,192.92999267578125,194.72000122070312,119310530905.0,3744371,Finance
SPGI,S&P Global Inc. Common Stock,388.16,388.5,388.5,382.2099914550781,386.2699890136719,114429568000.0,2940441,Finance
HOOD,Robinhood Markets Inc. Class A Common Stock,111.15,113.58499908447266,119.37999725341797,112.44000244140625,112.73999786376953,99932994644.0,18273549,Finance
BNY,The Bank of New York Mellon Corporation Common Stock,143.92,144.5500030517578,145.89999389648438,143.69000244140625,145.39999389648438,97650316117.0,6293613,Finance
CME,CME Group Inc. Class A Common Stock,265.1,265.4100036621094,265.4100036621094,260.05999755859375,263.1400146484375,95324462621.0,2279393,Finance
USB,U.S. Bancorp Common Stock,57.36,57.369998931884766,57.880001068115234,57.15999984741211,57.5099983215332,89369830943.0,11174509,Finance
PNC,PNC Financial Services Group Inc. (The) Common Stock,220.75,221.0399932861328,222.77999877929688,219.52000427246094,221.02999877929688,88066814490.0,2208953,Finance
ICE,Intercontinental Exchange Inc. Common Stock,151.47,151.11000061035156,151.55999755859375,149.25999450683594,150.14999389648438,85034422946.0,2755145,Finance
BX,Blackstone Inc. Common Stock,112.24,112.63999938964844,115.58000183105469,111.62000274658203,111.75,84250162795.0,5955916,Finance
MRSH,Marsh Common Stock,171.85,171.3300018310547,172.42999267578125,169.27999877929688,170.05999755859375,82008756406.0,2247767,Finance
KKR,KKR & Co. Inc. Common Stock,91.24,91.70999908447266,93.3499984741211,90.25,90.29000091552734,81900272235.0,6517322,Finance
MCO,Moody's Corporation Common Stock,447.36,447.19000244140625,448.5199890136719,438.010009765625,441.3599853515625,77482752000.0,1586873,Finance
TRV,The Travelers Companies Inc. Common Stock,361.64,361.6000061035156,362.75,358.3599853515625,360.3800048828125,75429070956.0,1253907,Finance
APO,Apollo Global Management Inc. (New) Common Stock,114.34,115.19999694824219,116.94999694824219,113.80000305175781,114.0199966430664,67522704800.0,4251265,Finance
MET,MetLife Inc. Common Stock,94.35,93.9800033569336,94.97000122070312,93.9800033569336,94.43000030517578,59957248062.0,3686324,Finance
AJG,Arthur J. Gallagher & Co. Common Stock,231.82,230.7899932861328,232.75999450683594,225.27000427246094,226.11000061035156,59415466000.0,2862702,Finance
AON,Aon plc Class A Ordinary Shares (Ireland),275.95,274.9599914550781,276.3900146484375,268.8999938964844,269.45001220703125,58536013512.0,2009656,Finance
ALL,Allstate Corporation (The) Common Stock,224.41,223.7100067138672,224.8000030517578,221.83999633789062,223.74000549316406,56743852560.0,2944791,Finance
TFC,Truist Financial Corporation Common Stock,46.28,46.43000030517578,46.72999954223633,46.209999084472656,46.45000076293945,56536859981.0,8866464,Finance
AFL,AFLAC Incorporated Common Stock,111.18,110.77999877929688,111.80000305175781,110.0,111.54000091552734,55739347872.0,1471091,Finance
NDAQ,Nasdaq Inc. Common Stock,91.67,92.18000030517578,92.2699966430664,89.66999816894531,90.33000183105469,51241455691.0,3168621,Finance
HBANL,Huntington Bancshares Incorporated Depositary Shares Each Representing a 1/40th Interest in a Share of 6.875% Series J Non-Cumulative Perpetual Preferred Stock,24.88,24.770000457763672,24.899999618530273,24.549999237060547,24.75,50267920871.0,36646,Finance
COIN,Coinbase Global Inc. Class A Common Stock,189.29,194.63999938964844,200.35000610351562,180.80999755859375,183.0,49941691155.0,5844225,Finance
STT,State Street Corporation Common Stock,174.62,175.0,176.67999267578125,174.25999450683594,175.9600067138672,47968422204.0,2146116,Finance
FITB,Fifth Third Bancorp Common Stock,50.41,50.79999923706055,51.31999969482422,50.540000915527344,50.869998931884766,45716454151.0,9868148,Finance
AMP,Ameriprise Financial Inc. Common Stock,494.82,492.5899963378906,497.17999267578125,487.32000732421875,490.9100036621094,44482875105.0,595524,Finance
HBANM,Huntington Bancshares Incorporated Depositary Shares each representing a 1/1000th interest in a share of Huntington Series I Preferred Stock,19.625,19.6299991607666,19.851999282836914,19.520000457763672,19.520000457763672,39650640960.0,55365,Finance
AIG,American International Group Inc. New Common Stock,75.43,75.47000122070312,75.56999969482422,74.3499984741211,74.93000030517578,39441831738.0,5352224,Finance
PRU,Prudential Financial Inc. Common Stock,113.13,111.5,112.88999938964844,110.61000061035156,112.5999984741211,39029850000.0,1508631,Finance
IBKR,Interactive Brokers Group Inc. Class A Common Stock,85.81,86.55000305175781,88.91999816894531,86.55000305175781,88.30000305175781,38878637854.0,5718854,Finance
ARES,Ares Management Corporation Class A Common Stock,116.57,118.44000244140625,120.49500274658203,116.7249984741211,117.55000305175781,38500416585.0,2330470,Finance
CBRE,CBRE Group Inc Common Stock Class A,130.53,132.52000427246094,134.52000427246094,129.47000122070312,129.5800018310547,37798263648.0,1905921,Finance
HBANZ,Huntington Bancshares Incorporated Depositary Shares Each Representing a 1/1000th Interest in a Share of 5.50% Series L Non-Cumulative Perpetual Preferred Stock,18.63,18.65999984741211,18.799999237060547,18.56999969482422,18.600000381469727,37640328208.0,32230,Finance
HIG,The Hartford Insurance Group Inc. Common Stock,125.74,125.76000213623047,126.31999969482422,124.76000213623047,126.05000305175781,34059445531.0,2718980,Finance
RKT,Rocket Companies Inc. Class A Common Stock,11.97,12.65999984741211,12.65999984741211,11.664999961853027,11.699999809265137,33894759779.0,51771192,Finance
MTB,M&T Bank Corporation Common Stock,217.35,217.8699951171875,220.08999633789062,217.5500030517578,219.13999938964844,31388874546.0,1086941,Finance
HBANP,Huntington Bancshares Incorporated Depositary Shares 4.500% Series H Non-Cumulative Perpetual Preferred Stock,15.33,15.470000267028809,16.0,15.253000259399414,15.65999984741211,30972959283.0,86900,Finance
NTRS,Northern Trust Corporation Common Stock,169.2,169.1999969482422,171.85000610351562,168.27000427246094,171.39999389648438,30956096488.0,1099740,Finance
RJF,Raymond James Financial Inc. Common Stock,159.76,159.5,160.42999267578125,156.52000427246094,158.2100067138672,30731706949.0,975863,Finance
HBAN,Huntington Bancshares Incorporated Common Stock,15.19,15.300000190734863,15.420000076293945,15.210000038146973,15.329999923706055,30690101207.0,26150349,Finance
CFG,Citizens Financial Group Inc. Common Stock,63.7,64.05000305175781,64.62000274658203,63.84000015258789,64.33000183105469,26828961396.0,6319581,Finance
SYF,Synchrony Financial Common Stock,71.51,72.02999877929688,72.44999694824219,71.37000274658203,71.7699966430664,26605835257.0,2864864,Finance
WRB,W.R. Berkley Corporation Common Stock,68.9,68.83000183105469,69.31999969482422,68.36000061035156,68.9800033569336,25577576748.0,2545556,Finance
CINF,Cincinnati Financial Corporation Common Stock,162.15,161.88999938964844,162.74000549316406,160.9499969482422,161.9499969482422,24886464997.0,649887,Finance
LPLA,LPL Financial Holdings Inc. Common Stock,312.15,311.2699890136719,317.4100036621094,308.0,316.44000244140625,24579405824.0,836965,Finance
TW,Tradeweb Markets Inc. Class A Common Stock,103.3,103.9800033569336,105.44000244140625,102.19999694824219,102.22000122070312,24175119465.0,1088072,Finance
PFG,Principal Financial Group Inc Common Stock,112.24,112.23999786376953,112.37000274658203,111.52999877929688,111.95999908447266,24031104906.0,1273551,Finance
AFRM,Affirm Holdings Inc. Class A Common Stock,70.43,72.0,72.5999984741211,70.31999969482422,70.7699966430664,23764579060.0,4033559,Finance
FCNCA,First Citizens BancShares Inc. Class A Common Stock,2073.5,2080.919921875,2094.860107421875,2057.31005859375,2073.4599609375,23416284320.0,79730,Finance
RF,Regions Financial Corporation Common Stock,26.96,26.989999771118164,27.299999237060547,26.950000762939453,27.100000381469727,22968019482.0,11713453,Finance
TROW,T. Rowe Price Group Inc. Common Stock,105.83,106.66000366210938,107.01000213623047,104.5199966430664,104.62000274658203,22575216406.0,2122511,Finance
L,Loews Corporation Common Stock,105.05,106.2699966430664,106.2699966430664,104.9000015258789,106.02999877929688,21475131986.0,1872324,Finance
KEY,KeyCorp Common Stock,20.05,20.149999618530273,20.270000457763672,20.0,20.079999923706055,21395927508.0,14511061,Finance
MKL,Markel Group Inc. Common Stock,1726.11,1728.1300048828125,1739.1600341796875,1717.3699951171875,1737.1800537109375,21386430403.0,100445,Finance
PS,Pershing Square Inc. Common Stock,53.21,52.59000015258789,53.709999084472656,51.119998931884766,52.7599983215332,21284000000.0,215930,Finance
CRCL,Circle Internet Group Inc. Class A Common Stock,82.91,85.77999877929688,88.4000015258789,80.13999938964844,81.25,21048849294.0,9312327,Finance
BRO,Brown & Brown Inc. Common Stock,61.77,61.36000061035156,62.060001373291016,59.81999969482422,59.90999984741211,20668881752.0,2804781,Finance
SOFI,SoFi Technologies Inc. Common Stock  ,15.84,16.135000228881836,16.25,15.720000267028809,15.770000457763672,20458473932.0,37333433,Finance
EWBC,East West Bancorp Inc. Common Stock,125.02,125.66999816894531,127.16000366210938,125.30000305175781,126.20999908447266,17129222237.0,836367,Finance
TPG,TPG Inc. Class A Common Stock,44.73,45.09000015258789,46.20000076293945,44.29499816894531,44.66999816894531,16904306403.0,2597650,Finance
BEN,Franklin Templeton Inc. Common Stock,32.5,32.779998779296875,33.27000045776367,32.7599983215332,32.810001373291016,16512499575.0,5302407,Finance
EFX,Equifax Inc. Common Stock,139.73,138.3699951171875,144.63999938964844,137.91000366210938,140.0,16416164518.0,2070253,Finance
BMNR,BitMine Immersion Technologies Inc. Common Stock,26.73,27.559999465942383,28.200000762939453,25.920000076293945,26.270000457763672,16124241512.0,29583123,Finance
RGA,Reinsurance Group of America Incorporated Common Stock,244.62,244.5399932861328,250.41000366210938,243.63999938964844,249.41000366210938,15974093292.0,433604,Finance
INVH,Invitation Homes Inc. Common Stock,26.4,26.540000915527344,26.565000534057617,25.950000762939453,26.040000915527344,15592453166.0,4568766,Finance
CRBG,Corebridge Financial Inc. Common Stock,33.66,33.869998931884766,34.57500076293945,33.86000061035156,34.029998779296875,15004703091.0,5437871,Finance
APOS,Apollo Global Management Inc. 7.625% Fixed-Rate Resettable Junior Subordinated Notes due 2053,25.65,25.65999984741211,25.760000228881836,25.43000030517578,25.59000015258789,14608554051.0,65061,Finance
CG,The Carlyle Group Inc. Common Stock,40.39,40.900001525878906,41.7400016784668,39.65999984741211,39.81999969482422,14392281711.0,3850367,Finance
PNFP,Pinnacle Financial Partners Inc. Common stock,94.63,95.5999984741211,96.98999786376953,94.93000030517578,96.08999633789062,14299789123.0,1698589,Finance
EQH,Equitable Holdings Inc. Common Stock,51.95,52.27000045776367,53.47999954223633,52.18000030517578,52.63999938964844,14184176406.0,2242041,Finance
JLL,Jones Lang LaSalle Incorporated Common Stock,308.07,310.30999755859375,318.17999267578125,305.75,306.80999755859375,14117838247.0,801000,Finance
OWL,Blue Owl Capital Inc. Class A Common Stock,8.95,9.119999885559082,9.270000457763672,8.930000305175781,9.079999923706055,13953875396.0,23719593,Finance
UNM,Unum Group Common Stock,88.08,88.25,89.02999877929688,88.05000305175781,88.56999969482422,13943662768.0,1125275,Finance
SLMBP,SLM Corporation Floating Rate Non-Cumulative Preferred Stock Series B,73.81,73.55999755859375,74.0,73.55999755859375,73.75,13872364970.0,1593,Finance
KKRS,KKR Group Finance Co. IX LLC 4.625% Subordinated Notes due 2061,15.37,15.420000076293945,15.798999786376953,15.239999771118164,15.260000228881836,13796659187.0,38408,Finance
VLYPP,Valley National Bancorp 6.25% Fixed-to-Floating Rate Non-Cumulative Perpetual Preferred Stock Series A,24.95,24.979999542236328,25.020000457763672,24.959999084472656,25.010000228881836,13787500389.0,6071,Finance
VLYPN,Valley National Bancorp 8.250% Fixed-Rate Reset Non-Cumulative Perpetual Preferred Stock Series C,24.92,24.920000076293945,25.209999084472656,24.920000076293945,24.979999542236328,13770922232.0,37890,Finance
ARCC,Ares Capital Corporation Common Stock,19.16,19.229999542236328,19.280000686645508,18.780000686645508,18.860000610351562,13757317710.0,7675441,Finance
VLYPO,Valley National Bancorp 5.50% Fixed-to-Floating Rate Non-Cumulative Perpetual Preferred Stock Series B,24.8,24.799999237060547,24.84000015258789,24.799999237060547,24.84000015258789,13704609605.0,6221,Finance
IVZ,Invesco Ltd Common Stock,30.42,30.899999618530273,31.290000915527344,30.440000534057617,30.65999984741211,13430423308.0,5073559,Finance
CET,Central Securities Corporation Common Stock,55.49,55.939998626708984,56.189998626708984,55.65999984741211,56.189998626708984,13429978348.0,21495,Finance
AIZ,Assurant Inc. Common Stock,266.24,266.1499938964844,269.29998779296875,263.1499938964844,267.32000732421875,13131959726.0,386101,Finance
GL,Globe Life Inc. Common Stock,165.83,165.77000427246094,166.9499969482422,164.24000549316406,165.67999267578125,12743943796.0,801994,Finance
SEIC,SEI Investments Company Common Stock,103.87,104.56999969482422,105.06999969482422,102.4000015258789,102.43000030517578,12466392434.0,662630,Finance
CNA,CNA Financial Corporation Common Stock,45.88,46.220001220703125,46.41999816894531,45.84000015258789,46.34000015258789,12415170577.0,625232,Finance
TRU,TransUnion Common Stock,62.18,62.02000045776367,66.66000366210938,61.68000030517578,63.439998626708984,11913688000.0,3972949,Finance
ALLY,Ally Financial Inc. Common Stock,37.65,38.02000045776367,38.369998931884766,37.70000076293945,37.90999984741211,11453118441.0,5166693,Finance
AFG,American Financial Group Inc. Common Stock,138.08,138.52000427246094,139.61000061035156,137.99000549316406,139.10000610351562,11449796025.0,323359,Finance
CSGP,CoStar Group Inc. Common Stock,27.72,27.479999542236328,27.809999465942383,27.149999618530273,27.3799991607666,11232077139.0,4630486,Finance
FHN,First Horizon Corporation Common Stock,23.05,23.149999618530273,23.450000762939453,23.1299991607666,23.420000076293945,10920563492.0,6865282,Finance
HUT,Hut 8 Corp. Common Stock,86.36,90.05000305175781,93.0,88.0999984741211,89.62999725341797,10644687656.0,4726654,Finance
SF,Stifel Financial Corporation Common Stock,70.34,70.41999816894531,70.61000061035156,69.5,70.27999877929688,10621461970.0,1237078,Finance
FNF,Fidelity National Financial Inc. Common Stock,39.11,39.45000076293945,39.849998474121094,39.13999938964844,39.2599983215332,10489021464.0,4021316,Finance
ERIE,Erie Indemnity Company Class A Common Stock,222.11,224.0800018310547,225.0,218.58999633789062,221.08999633789062,10259053893.0,134890,Finance
CHYM,Chime Financial Inc. Class A Common Stock,26.845,27.010000228881836,27.722999572753906,26.90999984741211,27.25,10163117305.0,4375489,Finance
BPOP,Popular Inc. Common Stock,156.52,156.9199981689453,158.44000244140625,156.35000610351562,158.13999938964844,9982610977.0,607760,Finance
EVR,Evercore Inc. Class A Common Stock,259.0,262.8800048828125,265.260009765625,259.20001220703125,261.67999267578125,9960564502.0,336125,Finance
UMBF,UMB Financial Corporation Common Stock,129.79,130.92999267578125,132.94000244140625,130.32000732421875,130.94000244140625,9857554394.0,742217,Finance
RYAN,Ryan Specialty Holdings Inc. Class A Common Stock,38.39,38.29999923706055,38.72999954223633,37.52000045776367,37.66999816894531,9820729596.0,2039953,Finance
SSB,SouthState Bank Corporation Common Stock,100.61,101.2699966430664,102.66000366210938,101.12999725341797,101.91000366210938,9756607866.0,853027,Finance
SATA,Strive Inc. Variable Rate Series A Perpetual Preferred Stock,100.01,100.0,100.01000213623047,99.98999786376953,100.01000213623047,9701234926.0,610779,Finance
WTFC,Wintrust Financial Corporation Common Stock,143.55,144.4600067138672,146.13999938964844,144.1699981689453,145.02000427246094,9684739563.0,809503,Finance
AMG,Affiliated Managers Group Inc. Common Stock,371.95,375.30999755859375,379.8599853515625,371.3999938964844,371.42999267578125,9618602079.0,176242,Finance
ONB,Old National Bancorp Common Stock,24.98,25.149999618530273,25.43000030517578,24.709999084472656,24.959999084472656,9556598600.0,8311003,Finance
CFR,Cullen/Frost Bankers Inc. Common Stock,153.48,153.8300018310547,155.77999877929688,153.8300018310547,155.0399932861328,9538595522.0,423587,Finance
ONBPO,Old National Bancorp Depositary Shares Each Representing a 1/40th Interest in a Share of Series C Preferred Stock,24.88,24.799999237060547,24.93400001525879,24.600000381469727,24.809999465942383,9518341600.0,11002,Finance
ONBPP,Old National Bancorp Depositary Shares Each Representing a 1/40th Interest in a Share of Series A Preferred Stock,24.82,25.05699920654297,25.05699920654297,24.799999237060547,24.809999465942383,9495387400.0,13452,Finance
ZION,Zions Bancorporation N.A. Common Stock,62.65,62.70000076293945,63.630001068115234,62.70000076293945,63.16999816894531,9143977691.0,1891434,Finance
ORI,Old Republic International Corporation Common Stock,37.49,37.529998779296875,38.2400016784668,37.34000015258789,38.060001373291016,9051320246.0,1677383,Finance
GLXY,Galaxy Digital Inc. Class A Common Stock,23.02,23.84000015258789,24.549999237060547,22.8799991607666,23.059999465942383,8998266852.0,5843683,Finance
HLI,Houlihan Lokey Inc. Class A Common Stock,128.38,129.33999633789062,130.9250030517578,126.15499877929688,126.37000274658203,8972028870.0,813629,Finance
JXN,Jackson Financial Inc. Class A Common Stock ,129.48,130.11000061035156,132.6540069580078,128.3699951171875,131.52999877929688,8769517773.0,617577,Finance
JEF,Jefferies Financial Group Inc. Common Stock,45.25,45.540000915527344,46.56999969482422,45.4900016784668,45.970001220703125,8766856723.0,2876188,Finance
VOYA,Voya Financial Inc. Common Stock,95.38,95.61000061035156,97.18000030517578,93.86000061035156,96.6500015258789,8641079768.0,989903,Finance
VIRT,Virtu Financial Inc. Class A Common Stock,55.62,55.11000061035156,60.20000076293945,55.11000061035156,58.790000915527344,8632236626.0,1576927,Finance
PRI,Primerica Inc. Common Stock,274.72,274.2099914550781,277.1700134277344,272.0299987792969,275.4200134277344,8455153592.0,165824,Finance
WAL,Western Alliance Bancorporation Common Stock (DE),75.7,76.88999938964844,77.5999984741211,76.16000366210938,76.37999725341797,8258935405.0,1429417,Finance
COLB,Columbia Banking System Inc. Common Stock,28.73,28.950000762939453,29.25,28.799999237060547,28.920000076293945,8127782160.0,3302113,Finance
PB,Prosperity Bancshares Inc. Common Stock,66.8,67.44999694824219,67.83999633789062,67.11000061035156,67.37999725341797,8027808303.0,1386253,Finance
SNEX,StoneX Group Inc. Common Stock,65.4,67.0999984741211,67.72000122070312,65.29000091552734,65.80999755859375,7888334469.0,896249,Finance
CBSH,Commerce Bancshares Inc. Common Stock,54.83,55.09000015258789,55.79999923706055,55.029998779296875,55.279998779296875,7864386320.0,850203,Finance
BOKF,BOK Financial Corporation Common Stock,126.44,127.2300033569336,128.97000122070312,127.2300033569336,128.36000061035156,7683362663.0,315827,Finance
KNSL,Kinsale Capital Group Inc. Common Stock,334.53,335.29998779296875,337.7799987792969,329.1199951171875,329.7200012207031,7620066515.0,276413,Finance
LNC,Lincoln National Corporation Common Stock,39.73,39.7599983215332,40.5099983215332,39.689998626708984,40.29999923706055,7606202659.0,2349721,Finance
CBC,Central Bancompany Inc. Class A Common Stock,31.54,31.739999771118164,32.29999923706055,31.739999771118164,32.029998779296875,7553991895.0,1228955,Finance
THG,Hanover Insurance Group Inc,216.94,217.50999450683594,221.0,215.50999450683594,219.42999267578125,7553898744.0,279745,Finance
WULF,TeraWulf Inc. Common Stock,14.91,15.479999542236328,16.239999771118164,15.149999618530273,15.489999771118164,7439622974.0,29952280,Finance
PRH,Prudential Financial Inc. 5.950% Junior Subordinated Notes due 2062,20.94,21.020000457763672,21.110000610351562,20.690000534057617,20.780000686645508,7370880000.0,73647,Finance
RIOT,Riot Platforms Inc. Common Stock ,19.61,20.21500015258789,21.09000015258789,19.350000381469727,19.729999542236328,7358827715.0,19856348,Finance
GJS,Goldman Sachs Group Securities STRATS Trust for Goldman Sachs Group Securities Series 2006-2,23.49,23.5,23.5,22.829999923706055,22.989999771118164,7329796885.0,759,Finance
MORN,Morningstar Inc. Common Stock,191.21,190.5500030517578,190.5500030517578,183.2100067138672,183.5500030517578,7172969911.0,186376,Finance
PRS,Prudential Financial Inc. 5.625% Junior Subordinated Notes due 2058,19.97,20.149999618530273,20.280000686645508,19.799999237060547,19.81999969482422,7029440000.0,59824,Finance
VLY,Valley National Bancorp Common Stock,12.67,12.8100004196167,12.949999809265137,12.699999809265137,12.819999694824219,7001508213.0,11679822,Finance
TRNO,Terreno Realty Corporation Common Stock,63.98,64.31999969482422,65.11000061035156,64.12999725341797,64.54000091552734,6971920434.0,808795,Finance
COMP,Compass Inc. Class A Common Stock,9.12,9.319999694824219,9.604999542236328,9.170000076293945,9.220000267028809,6908602437.0,21805841,Finance
VCTR,Victory Capital Holdings Inc. Class A Common Stock,111.74,113.43000030517578,115.54499816894531,112.8949966430664,113.2300033569336,6873079575.0,713340,Finance
OMF,OneMain Holdings Inc. Common Stock,55.87,56.34000015258789,56.91999816894531,55.90999984741211,56.02000045776367,6427366873.0,1002647,Finance
CIFR,Cipher Digital Inc. Common Stock,15.46,15.899999618530273,16.420000076293945,15.350000381469727,15.710000038146973,6416374962.0,39602014,Finance
UBSI,United Bankshares Inc. Common Stock,46.4,46.810001373291016,47.310001373291016,46.630001068115234,47.040000915527344,6320263294.0,1206753,Finance
FAF,First American Corporation (New) Common Stock,61.51,61.91999816894531,63.279998779296875,61.720001220703125,62.4900016784668,6280171000.0,1717050,Finance
FNB,F.N.B. Corporation Common Stock,17.24,17.399999618530273,17.59000015258789,17.34000015258789,17.450000762939453,6085736757.0,6570139,Finance
ACT,Enact Holdings Inc. Common Stock,44.15,44.22999954223633,45.61000061035156,43.994998931884766,45.2599983215332,6069904075.0,604951,Finance
MKTX,MarketAxess Holdings Inc. Common Stock,164.22,164.07000732421875,164.3699951171875,163.9499969482422,164.13999938964844,5779376560.0,549179,Finance
HWC,Hancock Whitney Corporation Common Stock,71.93,72.58999633789062,73.58000183105469,72.58999633789062,73.08999633789062,5770444562.0,872797,Finance
PJT,PJT Partners Inc. Class A Common Stock,140.3,141.5,142.2550048828125,137.47999572753906,138.69000244140625,5753928743.0,482803,Finance
HOMB,Home BancShares Inc. Common Stock,28.56,28.700000762939453,28.950000762939453,28.520000457763672,28.670000076293945,5713417433.0,1628387,Finance
GBCI,Glacier Bancorp Inc. Common Stock,43.41,43.709999084472656,44.38999938964844,43.709999084472656,43.90999984741211,5652500880.0,1021449,Finance
CGABL,The Carlyle Group Inc. 4.625% Subordinated Notes due 2061,15.49,15.229999542236328,15.59000015258789,15.229999542236328,15.40999984741211,5602809009.0,39754,Finance
MCY,Mercury General Corporation Common Stock,100.27,101.30000305175781,102.81999969482422,101.0,102.2699966430664,5553817629.0,365338,Finance
BGC,BGC Group Inc. Class A Common Stock,11.62,11.770000457763672,12.279999732971191,11.710000038146973,11.779999732971191,5524920986.0,3258951,Finance
AUB,Atlantic Union Bankshares Corporation Common Stock,38.47,38.7599983215332,39.18000030517578,38.59000015258789,38.81999969482422,5494089049.0,1344460,Finance
ASB,Associated Banc-Corp Common Stock,28.72,28.920000076293945,29.260000228881836,28.860000610351562,29.0,5423762206.0,2442143,Finance
MTG,MGIC Investment Corporation Common Stock,26.37,26.450000762939453,27.270000457763672,26.329999923706055,26.950000762939453,5409142031.0,4791193,Finance
STEP,StepStone Group Inc. Class A Common Stock,44.71,45.40999984741211,46.88999938964844,45.01100158691406,45.27000045776367,5395453826.0,1971482,Finance
ABCB,Ameris Bancorp Common Stock,80.24,81.11000061035156,81.88999938964844,80.58000183105469,81.44000244140625,5384684857.0,519791,Finance
PFH,Prudential Financial Inc. 4.125% Junior Subordinated Notes due 2060,14.94,15.0,15.109999656677246,14.729999542236328,14.869999885559082,5333580000.0,44553,Finance
CACC,Credit Acceptance Corporation Common Stock,511.95,520.1699829101562,537.0700073242188,520.0,527.5,5314337931.0,231462,Finance
CORZ,Core Scientific Inc. Common Stock,16.35,16.670000076293945,17.1299991607666,16.25,16.450000762939453,5253916210.0,15543725,Finance
CORZZ,Core Scientific Inc. Tranche 2 Warrants,16.34,17.079999923706055,17.079999923706055,16.424999237060547,16.424999237060547,5250702806.0,1708,Finance
OZK,Bank OZK Common Stock,46.34,46.86000061035156,47.209999084472656,46.5,46.709999084472656,5242728357.0,1226215,Finance
MAIN,Main Street Capital Corporation Common Stock,55.66,55.79999923706055,55.869998931884766,54.54999923706055,55.11000061035156,5204680939.0,596471,Finance
RLI,RLI Corp. Common Stock (DE),56.18,56.13999938964844,56.59000015258789,55.36000061035156,55.939998626708984,5155805455.0,908248,Finance
OBDC,Blue Owl Capital Corporation Common Stock,10.44,10.489999771118164,10.489999771118164,10.225000381469727,10.300000190734863,5148408420.0,7776576,Finance
SIGI,Selective Insurance Group Inc. Common Stock,84.9,85.31999969482422,86.0,84.6500015258789,85.58999633789062,5057418203.0,584750,Finance
AX,Axos Financial Inc. Common Stock,87.61,89.20999908447266,89.52999877929688,87.69000244140625,88.93000030517578,4981329643.0,675578,Finance
CNO,CNO Financial Group Inc. Common Stock,53.08,53.150001525878906,54.09000015258789,53.08000183105469,53.86000061035156,4911034373.0,994182,Finance
HLNE,Hamilton Lane Incorporated Class A Common Stock,88.57,89.8499984741211,91.61000061035156,86.7699966430664,87.04000091552734,4881149208.0,695254,Finance
HGTY,Hagerty Inc. Class A Common Stock,13.46,13.529999732971191,13.859999656677246,13.449999809265137,13.609999656677246,4873820101.0,597610,Finance
FLG,Flagstar Bank N.A. Common Stock,11.69,11.789999961853027,11.9399995803833,11.6899995803833,11.699999809265137,4852435253.0,6536715,Finance
EBC,Eastern Bankshares Inc. Common Stock,21.08,21.260000228881836,21.530000686645508,21.225000381469727,21.46500015258789,4817023516.0,2282376,Finance
WTM,White Mountains Insurance Group Ltd. Common Stock,2013.04,2012.300048828125,2034.9000244140625,2002.2900390625,2020.9200439453125,4804564842.0,14274,Finance
PIPR,Piper Sandler Companies Common Stock,65.78,66.11000061035156,67.19000244140625,65.22000122070312,65.36000061035156,4648691742.0,1183426,Finance
HASI,HA Sustainable Infrastructure Capital Inc. Common Stock,36.03,36.06999969482422,36.7400016784668,36.0,36.27000045776367,4629703314.0,1451866,Finance
TFSL,TFS Financial Corporation Common Stock,16.44,16.600000381469727,16.860000610351562,16.59000015258789,16.81999969482422,4610478892.0,969198,Finance
FFIN,First Financial Bankshares Inc. Common Stock,31.75,32.029998779296875,32.45000076293945,31.979999542236328,32.150001525878906,4550648347.0,1062816,Finance
HCXY,Hercules Capital Inc. 6.25% Notes due 2033,24.93,24.950000762939453,24.950000762939453,24.950000762939453,24.950000762939453,4529174777.0,1805,Finance
MC,Moelis & Company Class A Common Stock,56.95,57.349998474121094,58.13999938964844,56.09000015258789,56.31999969482422,4457423423.0,1330435,Finance
BWIN,The Baldwin Insurance Group Inc. Class A Common Stock,31.77,31.780000686645508,31.809999465942383,31.75,31.770000457763672,4431862071.0,5514693,Finance
NNI,Nelnet Inc. Common Stock,123.57,124.33000183105469,125.79000091552734,123.27999877929688,123.87000274658203,4421265154.0,139549,Finance
SFBS,ServisFirst Bancshares Inc. Common Stock,39.75,39.95000076293945,40.38999938964844,39.86000061035156,40.150001525878906,4346464545.0,625560,Finance
OXLCM,Oxford Lane Capital Corp. Preferred Stock Shares 8.25% Series 2031,25.025,25.040000915527344,25.040000915527344,25.0,25.010000228881836,4344340000.0,1397,Finance
DAVE,Dave Inc. Class A Common Stock,339.59,350.0,355.9200134277344,345.739990234375,346.57000732421875,4331642622.0,280079,Finance
MARA,MARA Holdings Inc. Common Stock,11.21,11.640000343322754,12.239999771118164,11.050000190734863,11.229999542236328,4330415119.0,30322152,Finance
OXLCZ,Oxford Lane Capital Corp. 5.00% Notes due 2027,24.92,24.959999084472656,24.979999542236328,24.940000534057617,24.940000534057617,4326112000.0,9152,Finance
FULT,Fulton Financial Corporation Common Stock,22.59,22.81999969482422,23.0,22.6200008392334,22.809999465942383,4312759978.0,2058284,Finance
IBOC,International Bancshares Corporation Common Stock,69.12,69.66000366210938,70.37000274658203,69.19000244140625,69.83999633789062,4298677448.0,552513,Finance
ENVA,Enova International Inc. Common Stock,171.49,174.05999755859375,176.14999389648438,172.46499633789062,172.88999938964844,4269821643.0,357434,Finance
SLM,SLM Corporation Common Stock,22.61,22.719999313354492,22.940000534057617,22.540000915527344,22.75,4249480720.0,2559100,Finance
OXLCN,Oxford Lane Capital Corp. 7.125% Series 2029 Term Preferred Stock,24.3844,24.489999771118164,24.489999771118164,24.31999969482422,24.3799991607666,4233131840.0,1483,Finance
FHI,Federated Hermes Inc. Common Stock,56.16,56.369998931884766,56.959999084472656,56.029998779296875,56.06999969482422,4192921381.0,689789,Finance
MRP,Millrose Properties Inc. Class A Common Stock,25.2,25.5,26.049999237060547,23.440000534057617,24.610000610351562,4184407760.0,3642599,Finance
OXLCL,Oxford Lane Capital Corp. 6.75% Notes due 2031,23.82,23.889999389648438,23.889999389648438,23.700000762939453,23.815000534057617,4135152000.0,2580,Finance
RDN,Radian Group Inc. Common Stock,31.22,31.25,32.7400016784668,31.239999771118164,32.56999969482422,4130447148.0,3121036,Finance
OXLCO,Oxford Lane Capital Corp. Preferred Stock Shares 6.00% Series 2029,23.6325,23.639999389648438,23.700000762939453,23.5,23.5,4102602000.0,1187,Finance
UCB,United Community Banks Inc. Common Stock,33.77,34.0099983215332,34.439998626708984,33.880001068115234,34.11000061035156,4071834736.0,1127794,Finance
TCBI,Texas Capital Bancshares Inc. Common Stock,93.2,94.06999969482422,95.08000183105469,93.13999938964844,93.76000213623047,4051811191.0,604172,Finance
CATY,Cathay General Bancorp Common Stock,60.08,60.75,61.36000061035156,60.36000061035156,60.84000015258789,4008166306.0,459521,Finance
WSFS,WSFS Financial Corporation Common Stock,76.62,77.2699966430664,78.55000305175781,77.2699966430664,78.02999877929688,3914562155.0,272239,Finance
CVBF,CVB Financial Corporation Common Stock,22.01,22.170000076293945,22.510000228881836,22.15999984741211,22.280000686645508,3873703544.0,1731892,Finance
BULL,Webull Corporation Class A Ordinary Shares,7.03,7.244999885559082,7.607999801635742,7.239999771118164,7.340000152587891,3799608742.0,9098781,Finance
ASBA,Associated Banc-Corp 6.625% Fixed-Rate Reset Subordinated Notes due 2033,25.07,25.06999969482422,25.131999969482422,25.0,25.110000610351562,3783083432.0,27100,Finance
CRVL,CorVel Corp. Common Stock,74.72,75.38999938964844,76.0,74.37000274658203,75.47000122070312,3774598185.0,216755,Finance
CNS,Cohen & Steers Inc Common Stock,73.12,73.23999786376953,74.1500015258789,72.37000274658203,73.0,3759942493.0,353716,Finance
INDB,Independent Bank Corp. Common Stock,78.93,79.77999877929688,80.7300033569336,79.08999633789062,80.05999755859375,3738842984.0,397184,Finance
NP,Neptune Insurance Holdings Inc. Class A Common Stock,27.24,27.489999771118164,28.979999542236328,27.34000015258789,27.43000030517578,3738229372.0,750889,Finance
IOND,Ionic Digital Inc. Class A Common Stock,83.06,82.7300033569336,84.3499984741211,81.8499984741211,82.72000122070312,3737382296.0,360785,Finance
SEZL,Sezzle Inc. Common Stock,109.715,112.04000091552734,114.2699966430664,106.52999877929688,107.41000366210938,3694654161.0,369468,Finance
UNMA,Unum Group 6.250% Junior Subordinated Notes due 2058,21.45,21.56999969482422,21.56999969482422,21.309999465942383,21.309999465942383,3653218998.0,45290,Finance
WT,WisdomTree Inc. Common Stock,24.03,23.90999984741211,25.030000686645508,23.43000030517578,24.3799991607666,3640836027.0,2844588,Finance
LMND,Lemonade Inc. Common Stock,46.76,48.0,48.470001220703125,45.939998626708984,46.4900016784668,3619065717.0,998325,Finance
WSBC,WesBanco Inc. Common Stock,37.62,37.93000030517578,38.369998931884766,37.869998931884766,38.11000061035156,3607979544.0,1742271,Finance
RNST,Renasant Corporation Common Stock,39.28,39.63999938964844,40.22999954223633,39.619998931884766,39.91999816894531,3590367385.0,802593,Finance
BANF,BancFirst Corporation Common Stock,106.49,107.95999908447266,109.30000305175781,106.81999969482422,108.08000183105469,3577930355.0,179196,Finance
CII,BlackRock Enhanced Large Cap Core Fund Inc. Common Stock,23.99,24.219999313354492,24.399999618530273,24.09000015258789,24.1299991607666,3568811679.0,51053,Finance
VAC,Marriott Vacations Worldwide Corporation Common Stock,103.12,104.4800033569336,105.5199966430664,103.5,104.19999694824219,3546845398.0,230496,Finance
GNW,Genworth Financial Inc Common Stock,9.31,9.3100004196167,9.619999885559082,9.3100004196167,9.550000190734863,3517793154.0,6037648,Finance
GPGI,GPGI Inc. Class A Common Stock,12.05,12.489999771118164,13.045000076293945,12.390000343322754,12.899999618530273,3493175488.0,1528561,Finance
PDI,PIMCO Dynamic Income Fund Common Stock,14.15,14.359999656677246,14.539999961853027,14.34000015258789,14.399999618530273,3439723500.0,4732301,Finance
NIC,Nicolet Bankshares Inc. Common Stock,163.62,165.0800018310547,167.94000244140625,165.0800018310547,166.47000122070312,3429068277.0,232311,Finance
FIBK,First Interstate BancSystem Inc. Common Stock (DE),35.77,36.11000061035156,36.47999954223633,35.91999816894531,36.0,3409045792.0,1354180,Finance
NTRSO,Northern Trust Corporation Depositary Shares Each Representing a 1/1000th Interest in a Share of Series E Non-Cumulative Perpetual Preferred Stock,18.31,18.309999465942383,18.5,18.190000534057617,18.200000762939453,3349918006.0,23066,Finance
MIAX,Miami International Holdings Inc. Common Stock,33.75,33.970001220703125,33.994998931884766,32.88999938964844,33.0099983215332,3349042808.0,1874469,Finance
PLMR,Palomar Holdings Inc. Common stock,125.93,125.93000030517578,127.33000183105469,124.77999877929688,126.48999786376953,3314185820.0,249945,Finance
FFBC,First Financial Bancorp. Common Stock,31.51,31.790000915527344,32.130001068115234,31.670000076293945,31.8700008392334,3313809838.0,894125,Finance
FULTP,Fulton Financial Corporation Depositary Shares Each Representing a 1/40th Interest in a Share of Fixed Rate Non-Cumulative Perpetual Preferred Stock Series A,17.29,17.290000915527344,17.420000076293945,17.079999923706055,17.200000762939453,3300912794.0,5732,Finance
SFNC,Simmons First National Corporation Class A Common Stock,22.73,22.770000457763672,23.100000381469727,22.729999542236328,22.899999618530273,3284798424.0,1573076,Finance
GBDC,Golub Capital BDC Inc. Common Stock,12.65,12.699999809265137,12.739999771118164,12.449999809265137,12.539999961853027,3284592601.0,1829275,Finance
MCHB,Mechanics Bancorp Class A Common Stock,14.83,14.979999542236328,15.109999656677246,14.859999656677246,14.899999618530273,3267227865.0,837667,Finance
AB,AllianceBernstein Holding L.P.  Units,35.01,35.0,35.33000183105469,34.959999084472656,35.0,3258563417.0,341763,Finance
PRK,Park National Corporation Common Stock,179.16,180.8000030517578,183.3699951171875,180.44000244140625,183.14999389648438,3236375085.0,103629,Finance
CSQ,Calamos Strategic Total Return Common Stock,20.32,20.510000228881836,20.690000534057617,20.360000610351562,20.469999313354492,3228596479.0,165031,Finance
PFSI,PennyMac Financial Services Inc. Common Stock,61.95,62.880001068115234,64.1500015258789,60.959999084472656,62.0,3218399885.0,841449,Finance
CLSK,CleanSpark Inc. Common Stock,12.52,12.930000305175781,13.482000350952148,12.369999885559082,12.739999771118164,3215349754.0,18660380,Finance
CURB,Curbline Properties Corp. Common Stock,27.95,28.520000457763672,28.579999923706055,28.100000381469727,28.270000457763672,3215312799.0,1620951,Finance
HTGC,Hercules Capital Inc. Common Stock,16.94,16.979999542236328,17.079999923706055,16.700000762939453,16.739999771118164,3170558160.0,1750827,Finance
CBU,Community Financial System Inc. Common Stock,59.93,60.279998779296875,61.2599983215332,60.279998779296875,60.689998626708984,3153271187.0,232606,Finance
SBCF,Seacoast Banking Corporation of Florida Common Stock,32.16,32.459999084472656,32.83000183105469,32.43000030517578,32.68000030517578,3113821216.0,1062068,Finance
CORZW,Core Scientific Inc. Tranche 1 Warrants,9.615,14.0,10.350000381469727,9.600000381469727,9.725000381469727,3089688340.0,207594,Finance
FSK,FS KKR Capital Corp. Common Stock,11.11,11.180000305175781,11.289999961853027,10.854999542236328,10.970000267028809,3070140511.0,2394927,Finance
BKU,BankUnited Inc. Common Stock,42.72,42.93000030517578,43.560001373291016,42.93000030517578,43.380001068115234,3043041677.0,904471,Finance
FHB,First Hawaiian Inc. Common Stock,24.9,25.06999969482422,25.334999084472656,24.93000030517578,25.260000228881836,3029865665.0,2174294,Finance
NAN,Nuveen New York Quality Municipal Income Fund Common Stock,9.96,10.020000457763672,10.079999923706055,9.850000381469727,9.890000343322754,3011065368.0,148352,Finance
CLBK,Columbia Financial Inc. Common Stock,11.16,11.289999961853027,11.444999694824219,11.210000038146973,11.40999984741211,3008123707.0,4794715,Finance
FGN,F&G Annuities & Life Inc. 7.950% Senior Notes due 2053,23.8,23.93000030517578,24.1200008392334,23.5,23.75,3001145442.0,31158,Finance
APAM,Artisan Partners Asset Management Inc. Class A Common Stock,36.2,35.7599983215332,35.97999954223633,34.849998474121094,34.880001068115234,2934830618.0,1246061,Finance
ASST,Strive Inc. Class A Common Stock,30.11,31.270000457763672,32.08000183105469,29.139999389648438,30.030000686645508,2920749761.0,4548990,Finance
PFS,Provident Financial Services Inc Common Stock,22.35,22.510000228881836,22.690000534057617,22.389999389648438,22.579999923706055,2914945512.0,1298273,Finance
BHF,Brighthouse Financial Inc. Common Stock,50.05,50.02000045776367,50.66999816894531,49.56999969482422,50.02000045776367,2878453728.0,819408,Finance
FG,F&G Annuities & Life Inc. Common Stock,21.98,22.049999237060547,22.3799991607666,21.790000915527344,21.920000076293945,2877955894.0,803046,Finance
NMIH,NMI Holdings Inc. Common Stock,38.08,38.4900016784668,39.04999923706055,37.91999816894531,38.83000183105469,2864295766.0,1633606,Finance
PURR,Hyperliquid Strategies Inc Common Stock,12.03,12.520000457763672,12.850000381469727,11.704999923706055,11.890000343322754,2862169035.0,11521859,Finance
CWK,Cushman & Wakefield Ltd. Common Shares,12.06,12.270000457763672,12.5600004196167,11.920000076293945,11.920000076293945,2830647318.0,3668569,Finance
BANC,Banc of California Inc. Common Stock,17.49,17.75,17.959999084472656,17.610000610351562,17.739999771118164,2762554752.0,3618298,Finance
SLDE,Slide Insurance Holdings Inc. Common Stock,23.63,23.649999618530273,23.81999969482422,23.360000610351562,23.610000610351562,2760260920.0,2406208,Finance
BOH,Bank of Hawaii Corporation Common Stock,68.72,69.0,70.08000183105469,68.56999969482422,69.27999877929688,2711031213.0,616323,Finance
TOWN,TowneBank Common Stock,35.87,36.099998474121094,36.47999954223633,35.88999938964844,36.029998779296875,2676523627.0,525291,Finance
GCMG,GCM Grosvenor Inc. Class A Common Stock,13.08,13.289999961853027,13.470000267028809,13.010000228881836,13.050000190734863,2652520668.0,442483,Finance
ZIONP,Zions Bancorporation N.A. Depositary Shares (Each representing 1/40th Interest in a Share of Series A Floating-Rate Non-Cumulative Perpetual Preferred Stock),18.0951,17.739999771118164,17.739999771118164,17.6299991607666,17.677799224853516,2641040554.0,2492,Finance
NBTB,NBT Bancorp Inc. Common Stock,50.74,51.2599983215332,51.83000183105469,51.02000045776367,51.529998779296875,2636453495.0,466826,Finance
TRMK,Trustmark Corporation Common Stock,45.08,45.529998779296875,46.0,45.36000061035156,45.93000030517578,2617821611.0,336001,Finance
FBK,FB Financial Corporation Common Stock,52.09,52.83000183105469,53.599998474121094,52.584999084472656,53.41999816894531,2603361208.0,484493,Finance
FBNC,First Bancorp Common Stock,61.57,62.310001373291016,62.869998931884766,61.77000045776367,62.33000183105469,2548925532.0,214388,Finance
GDV,Gabelli Dividend & Income Trust Common Shares of Beneficial Interest,28.12,28.399999618530273,28.600000381469727,28.25,28.3700008392334,2536100367.0,101079,Finance
CUBI,Customers Bancorp Inc Common Stock,74.03,75.02999877929688,76.30000305175781,74.97000122070312,75.47000122070312,2501014640.0,584365,Finance
FRME,First Merchants Corporation Common Stock,39.58,39.869998931884766,40.310001373291016,39.79999923706055,40.150001525878906,2485680322.0,629525,Finance
UE,Urban Edge Properties Common Shares of Beneficial Interest,19.56,19.670000076293945,19.889999389648438,19.6200008392334,19.700000762939453,2469341755.0,1152740,Finance
BANR,Banner Corporation Common Stock,67.31,67.94000244140625,68.91999816894531,67.45999908447266,67.87999725341797,2466202860.0,304503,Finance
BUSE,First Busey Corporation Class A Common Stock,29.46,29.440000534057617,29.93000030517578,29.440000534057617,29.729999542236328,2450762699.0,1022260,Finance
SKWD,Skyward Specialty Insurance Group Inc. Common Stock,54.78,55.060001373291016,55.5,54.72999954223633,55.0099983215332,2432039887.0,403968,Finance
WSBCO,WesBanco Inc. Depositary Shares each representing 1/40th interest in a share of 7.375% Fixed-Rate Reset Non-Cumulative Perpetual Preferred Stock Series B,25.26,25.170000076293945,25.270000457763672,25.0,25.079999923706055,2422582756.0,10679,Finance
SYBT,Stock Yards Bancorp Inc. Common Stock,77.42,78.47000122070312,79.37999725341797,78.05999755859375,78.63999938964844,2405179501.0,215918,Finance
EEFT,Euronet Worldwide Inc. Common Stock,63.64,64.22000122070312,64.33000183105469,62.900001525878906,63.5,2380364786.0,566105,Finance
BBT,Beacon Financial Corporation Common stock,28.1,28.299999237060547,28.610000610351562,28.149999618530273,28.34000015258789,2355232017.0,1299977,Finance
MFICL,MidCap Financial Investment Corporation 8.00% Notes due 2028,25.2,25.1200008392334,25.209999084472656,25.100000381469727,25.209999084472656,2351251274.0,1400,Finance
OPEN,Opendoor Technologies Inc Common Stock,2.4,2.509999990463257,2.5299999713897705,2.4100000858306885,2.440000057220459,2330618520.0,39650045,Finance
BGR,BlackRock Energy and Resources Trust,17.0,16.93000030517578,17.049999237060547,16.780000686645508,17.049999237060547,2304965298.0,123668,Finance
NMRK,Newmark Group Inc. Class A Common Stock,12.65,12.989999771118164,13.154999732971191,12.609999656677246,12.649999618530273,2292542132.0,2618428,Finance
MBIN,Merchants Bancorp Common Stock,49.52,49.959999084472656,51.52000045776367,49.61000061035156,49.95000076293945,2274853474.0,191950,Finance
AGM,Federal Agricultural Mortgage Corporation Common Stock,209.19,211.39999389648438,216.10000610351562,211.0,214.7899932861328,2270383000.0,97975,Finance
HCI,HCI Group Inc. Common Stock,181.39,182.02000427246094,184.25999450683594,180.5500030517578,184.25,2256286085.0,253111,Finance
UPST,Upstart Holdings Inc. Common stock,22.95,23.5,23.559999465942383,22.774999618530273,22.809999465942383,2233334406.0,4848537,Finance
WAFD,WaFd Inc. Common Stock,29.98,30.329999923706055,31.010000228881836,30.110000610351562,30.799999237060547,2218377235.0,1244115,Finance
NWBI,Northwest Bancshares Inc. Common Stock,14.99,15.149999618530273,15.279999732971191,15.09000015258789,15.1899995803833,2195422239.0,1097815,Finance
HTH,Hilltop Holdings Inc.,37.93,38.279998779296875,38.790000915527344,38.27000045776367,38.45000076293945,2172873797.0,345579,Finance
EFSC,Enterprise Financial Services Corporation Common Stock,59.5,60.0099983215332,60.880001068115234,59.72999954223633,60.08000183105469,2153454940.0,218088,Finance
BUSEP,First Busey Corporation Depositary Shares Each Representing a 1/40thInterest in a Share of 8.25% Fixed-Rate Series B Non-Cumulative Perpetual Preferred Stock $0.001 par value,25.34,25.440000534057617,25.485000610351562,25.25,25.329999923706055,2108021955.0,12458,Finance
LIFE,Ethos Technologies Inc. Class A Common Stock,32.57,32.63999938964844,34.790000915527344,31.940000534057617,34.119998931884766,2076645417.0,3579780,Finance
SRCE,1st Source Corporation Common Stock,85.94,86.63999938964844,87.47000122070312,86.20999908447266,86.8499984741211,2069592126.0,222411,Finance
FCF,First Commonwealth Financial Corporation Common Stock,20.28,20.420000076293945,20.610000610351562,20.360000610351562,20.559999465942383,2049414159.0,1400050,Finance
ECPG,Encore Capital Group Inc Common Stock,94.3,95.86000061035156,98.2699966430664,95.86000061035156,95.91999816894531,2000043214.0,205425,Finance
TBBK,The Bancorp Inc Common Stock,48.94,49.5,49.959999084472656,48.43000030517578,48.810001373291016,1996106432.0,517494,Finance
CHCO,City Holding Company Common Stock,141.39,142.1199951171875,143.7899932861328,141.35000610351562,142.82000732421875,1985845172.0,151790,Finance
UMBFO,UMB Financial Corporation Depositary Shares Each Representing a 1/400th Interest in a Share of 7.750% Fixed-Rate Reset Non-Cumulative Perpetual Preferred Stock Series B,25.94,25.450000762939453,25.665000915527344,25.3799991607666,25.3799991607666,1970143778.0,57983,Finance
UWMC,UWM Holdings Corporation Class A Common Stock,1.2,1.25,1.3300000429153442,1.2200000286102295,1.2599999904632568,1928353777.0,12924305,Finance
SFB,Stifel Financial Corporation 5.20% Senior Notes due 2047,18.81,19.110000610351562,19.190000534057617,18.850000381469727,18.90999984741211,1921881767.0,11351,Finance
ABXL,Abacus Global Management Inc. 9.875% Fixed Rate Senior Notes due 2028,25.51,25.59000015258789,25.825000762939453,25.399999618530273,25.489999771118164,1904355862.0,8106,Finance
KYN,Kayne Anderson Energy Infrastructure Fund Inc.,13.79,13.710000038146973,13.930000305175781,13.710000038146973,13.90999984741211,1877253799.0,280751,Finance
TY,Tri Continental Corporation Common Stock,34.2,34.47999954223633,34.619998931884766,34.27000045776367,34.29999923706055,1858801977.0,24234,Finance
RVT,Royce Small-Cap Trust Inc. Common Stock,17.09,17.200000762939453,17.3700008392334,17.15999984741211,17.270000457763672,1844980259.0,204374,Finance
AFGB,American Financial Group Inc. 5.875% Subordinated Debentures due 2059,22.19,22.280000686645508,22.280000686645508,21.972999572753906,22.049999237060547,1840027331.0,38172,Finance
AFGD,American Financial Group Inc. 5.625% Subordinated Debentures due 2060,22.14,22.139999389648438,22.440000534057617,21.950000762939453,22.100000381469727,1835881257.0,56199,Finance
GABC,German American Bancorp Inc. Common Stock,48.8,49.16999816894531,49.75,48.95000076293945,49.400001525878906,1833845830.0,203620,Finance
HMN,Horace Mann Educators Corporation Common Stock,44.94,45.15999984741211,45.720001220703125,45.0099983215332,45.2599983215332,1820117367.0,403049,Finance
RBCAA,Republic Bancorp Inc. Class A Common Stock,92.21,92.97000122070312,93.79000091552734,92.63999938964844,93.69999694824219,1810465064.0,103612,Finance
FSUN,FirstSun Capital Bancorp Common Stock,38.8,38.959999084472656,39.849998474121094,38.959999084472656,39.52000045776367,1807458152.0,414273,Finance
HAPN,Happen Inc. Common Stock,15.4,15.779999732971191,15.869999885559082,15.279999732971191,15.380000114440918,1777274946.0,2714890,Finance
TRNI,Trinity Capital Inc. 7.875% Notes Due 2029,25.09,25.09000015258789,25.104999542236328,25.010000228881836,25.010000228881836,1764182274.0,14664,Finance
HWCPZ,Hancock Whitney Corporation 6.25% Subordinated Notes due 2060,20.81,21.049999237060547,21.5,21.049999237060547,21.229999542236328,1763751092.0,5672,Finance
TRNZ,Trinity Capital Inc. 7.875% Notes due 2029,25.08,25.040000915527344,25.09000015258789,25.030000686645508,25.059999465942383,1763479133.0,3662,Finance
DCOM,Dime Commercial Bancshares Inc. Common Stock,39.52,39.68000030517578,40.2599983215332,39.63999938964844,39.880001068115234,1745068634.0,503108,Finance
NBHC,National Bank Holdings Corporation Common Stock,39.17,38.380001068115234,39.08000183105469,37.70000076293945,38.060001373291016,1744614056.0,390581,Finance
STBA,S&T Bancorp Inc. Common Stock,49.01,49.33000183105469,49.91999816894531,49.18000030517578,49.63999938964844,1728361763.0,263786,Finance
WTFCN,Wintrust Financial Corporation Depositary Shares Each Representing a 1/1000th Interest in a Share of 7.875% Fixed-Rate Reset Non-Cumulative Perpetual Preferred StocK,25.585,25.450000762939453,25.899999618530273,25.450000762939453,25.5,1726116766.0,40753,Finance
HOPE,Hope Bancorp Inc. Common Stock,13.5,13.680000305175781,13.789999961853027,13.600000381469727,13.680000305175781,1724514786.0,1152014,Finance
GTY,Getty Realty Corporation Common Stock,27.84,28.030000686645508,28.399999618530273,27.81999969482422,28.200000762939453,1724206340.0,754523,Finance
PDO,PIMCO Dynamic Income Opportunities Fund Common Shares of Beneficial Interest,11.83,11.970000267028809,12.300000190734863,11.920000076293945,12.109999656677246,1718039787.0,991252,Finance
MUJ,Blackrock MuniHoldings New Jersey Quality Fund Inc. Common Stock,11.34,11.399999618530273,11.449999809265137,11.170000076293945,11.300000190734863,1686966421.0,167401,Finance
LOB,Live Oak Bancshares Inc. Common Stock,36.39,36.91999816894531,37.150001525878906,36.5099983215332,36.68000030517578,1684260932.0,229693,Finance
MIY,Blackrock MuniYield Michigan Quality Fund Inc. Common Stock,11.3,11.430000305175781,11.59000015258789,11.170000076293945,11.170000076293945,1681015922.0,92993,Finance
BY,Byline Bancorp Inc. Common Stock,37.19,37.349998474121094,37.84000015258789,37.29999923706055,37.7400016784668,1680482960.0,359931,Finance
GSHD,Goosehead Insurance Inc. Class A Common Stock,47.15,46.060001373291016,47.29999923706055,44.810001373291016,45.5099983215332,1674574921.0,619043,Finance
BDJ,Blackrock Enhanced Equity Dividend Trust,9.44,9.460000038146973,9.510000228881836,9.40999984741211,9.40999984741211,1670775764.0,649360,Finance
OZKAP,Bank OZK 4.625% Series A Non-Cumulative Perpetual Preferred Stock,14.76,14.890000343322754,14.899999618530273,14.699999809265137,14.880000114440918,1669889308.0,44842,Finance
TRIN,Trinity Capital Inc. Common Stock,17.55,17.6200008392334,17.719999313354492,17.405000686645508,17.59000015258789,1661872224.0,870457,Finance
BFC,Bank First Corporation Common Stock,149.5,150.67999267578125,152.94000244140625,150.63999938964844,152.60000610351562,1657298247.0,58177,Finance
JSM,Navient Corporation 6% Senior Notes due December 15 2043,16.6646,17.260000228881836,17.260000228881836,16.709999084472656,16.719999313354492,1656978476.0,17277,Finance
TCBK,TriCo Bancshares Common Stock,51.8,52.189998626708984,52.650001525878906,52.099998474121094,52.59000015258789,1655871434.0,294526,Finance
RZC,Reinsurance Group of America Incorporated 7.125% Fixed-Rate Reset Subordinated Debentures due 2052,25.26,25.25,25.350000381469727,25.1299991607666,25.299999237060547,1649520058.0,99842,Finance
CNOB,ConnectOne Bancorp Inc. Common Stock,30.34,30.690000534057617,31.0,30.520000457763672,30.780000686645508,1647321829.0,486470,Finance
ETV,Eaton Vance Corporation Eaton Vance Tax-Managed Buy-Write Opportunities Fund Common Shares of Beneficial Interest,14.95,14.979999542236328,15.09000015258789,14.890000343322754,14.9399995803833,1633561818.0,301380,Finance
QCRH,QCR Holdings Inc. Common Stock,99.26,100.02999877929688,101.02999877929688,99.62999725341797,100.94999694824219,1625443446.0,143084,Finance
OBK,Origin Bancorp Inc. Common Stock,52.62,53.060001373291016,53.70000076293945,53.040000915527344,53.619998931884766,1623310056.0,173646,Finance
WLTH,Wealthfront Corporation Common Stock,10.37,10.5,10.84000015258789,10.0,10.029999732971191,1619549683.0,2575728,Finance
BPOPM,Popular Inc. Popular Capital Trust II - 6.125% Cumulative Monthly Income Trust Preferred Securities,25.34,25.34000015258789,25.34000015258789,25.34000015258789,25.34000015258789,1616147215.0,1479,Finance
OCFC,OceanFirst Financial Corp. Common Stock,16.67,16.799999237060547,17.030000686645508,16.729999542236328,16.780000686645508,1611075801.0,1167126,Finance
FRMEP,First Merchants Corporation Depository Shares,25.1899,25.190000534057617,25.229000091552734,25.155000686645508,25.155000686645508,1581961565.0,607,Finance
FRA,Blackrock Floating Rate Income Strategies Fund Inc  Common Stock,10.51,10.5,10.529999732971191,10.449999809265137,10.489999771118164,1563493570.0,127407,Finance
OXLC,Oxford Lane Capital Corp. Common Stock,9.0,8.90999984741211,9.029999732971191,8.859999656677246,8.90999984741211,1562400000.0,994875,Finance
STC,Stewart Information Services Corporation Common Stock,50.66,51.41999816894531,53.290000915527344,51.2400016784668,51.54999923706055,1546254601.0,646111,Finance
ECCC,Eagle Point Credit Company 6.50% Series C Term Preferred Stock due 2031,25.29,24.549999237060547,24.950000762939453,24.549999237060547,24.75,1534155232.0,464,Finance
PWP,Perella Weinberg Partners Class A Common Stock,15.755,15.949999809265137,16.450000762939453,15.760000228881836,15.819999694824219,1533139941.0,2458477,Finance
CASH,Pathward Financial Inc. Common Stock,73.72,74.2699966430664,75.72000122070312,73.7300033569336,73.95999908447266,1531412247.0,354985,Finance
KMPR,Kemper Corporation,25.94,26.030000686645508,26.110000610351562,25.549999237060547,25.670000076293945,1528466615.0,988762,Finance
GAB,Gabelli Equity Trust Inc. (The) Common Stock,5.2,5.25,5.28000020980835,5.199999809265137,5.239999771118164,1527849508.0,1110620,Finance
MHD,Blackrock MuniHoldings Fund Inc. Common Stock,10.26,10.399999618530273,10.460000038146973,10.300000190734863,10.329999923706055,1526302952.0,1329133,Finance
SAFT,Safety Insurance Group Inc. Common Stock,103.81,103.87000274658203,104.01000213623047,103.70999908447266,103.91999816894531,1523980836.0,162839,Finance
GAM,General American Investors Inc. Common Stock,63.48,63.7400016784668,64.04000091552734,63.5,63.7599983215332,1521971723.0,28543,Finance
PFBC,Preferred Bank Common Stock,105.99,106.81999969482422,108.5,105.80000305175781,106.4800033569336,1521667693.0,201235,Finance
AFGC,American Financial Group Inc. 5.125% Subordinated Debentures due 2059,18.34,18.37299919128418,18.75,18.364999771118164,18.531999588012695,1520779686.0,29746,Finance
EFC,Ellington Financial Inc. Common Stock ,11.69,11.84000015258789,11.920000076293945,11.520000457763672,11.59000015258789,1506693542.0,2579218,Finance
MQY,Blackrock MuniYield Quality Fund Inc. Common Stock,9.96,10.100000381469727,10.1899995803833,10.029999732971191,10.039999961853027,1481674211.0,1703193,Finance
ECAT,BlackRock ESG Capital Allocation Term Trust Common Shares of Beneficial Interest,13.67,13.890000343322754,14.069999694824219,13.8100004196167,13.989999771118164,1478205450.0,1060055,Finance
BCAT,BlackRock Capital Allocation Term Trust Common Shares of Beneficial Interest,13.59,13.739999771118164,13.75,13.579999923706055,13.729999542236328,1469554650.0,1464384,Finance
TFIN,Triumph Financial Inc. Common Stock,61.13,62.599998474121094,63.459999084472656,61.349998474121094,62.18000030517578,1460673047.0,363160,Finance
RQI,Cohen & Steers Quality Income Realty Fund Inc Common Shares,10.85,10.90999984741211,11.119999885559082,10.90999984741211,11.0600004196167,1457159427.0,952334,Finance
ECCV,Eagle Point Credit Company 5.375% Notes due 2029,24.0,23.93000030517578,24.280000686645508,23.93000030517578,24.125,1455900576.0,2361,Finance
PGY,Pagaya Technologies Ltd. Class A Ordinary Shares,17.44,17.829999923706055,18.28499984741211,17.530000686645508,17.979999542236328,1454946702.0,2253531,Finance
MUC,Blackrock MuniHoldings California Quality Fund Inc.  Common Stock,9.77,9.859999656677246,9.920000076293945,9.729999542236328,9.739999771118164,1453409342.0,941888,Finance
KMPB,Kemper Corporation 5.875% Fixed-Rate Reset Junior Subordinated Debentures due 2062,24.63,24.704999923706055,24.780000686645508,24.631999969482422,24.770000457763672,1451277283.0,25737,Finance
MYI,Blackrock MuniYield Quality Fund III Inc Common Stock,9.74,9.829999923706055,9.930000305175781,9.760000228881836,9.770000457763672,1448946468.0,1180323,Finance
LKFN,Lakeland Financial Corporation Common Stock,58.095,58.61000061035156,59.79999923706055,58.54999923706055,59.06999969482422,1444116215.0,263168,Finance
ESQ,Esquire Financial Holdings Inc. Common Stock,118.19,119.16000366210938,121.94999694824219,118.74500274658203,119.91999816894531,1430640665.0,142731,Finance
AMAL,Amalgamated Financial Corp. Common Stock (DE),47.84,48.34000015258789,48.95000076293945,47.59000015258789,48.189998626708984,1430423032.0,307962,Finance
BKT,BlackRock Income Trust Inc. (The),9.59,9.630000114440918,9.6899995803833,9.59000015258789,9.649999618530273,1426632097.0,144765,Finance
MUA,Blackrock MuniAssets Fund Inc Common Stock,9.51,9.59000015258789,9.680000305175781,9.5,9.529999732971191,1414731099.0,435829,Finance
IIPR,Innovative Industrial Properties Inc. Common Stock,51.0,51.68000030517578,52.400001525878906,50.459999084472656,50.52000045776367,1406138799.0,632737,Finance
TMP,Tompkins Financial Corporation Common Stock,97.01,98.16999816894531,99.4000015258789,98.05000305175781,98.88999938964844,1395285614.0,94741,Finance
BHRB,Burke & Herbert Financial Services Corp. Common Stock,68.87,69.69000244140625,70.5,69.41999816894531,69.86000061035156,1390280963.0,123959,Finance
UFCS,United Fire Group Inc. Common Stock,53.94,54.470001220703125,55.02000045776367,53.290000915527344,54.619998931884766,1386551380.0,100248,Finance
AFGE,American Financial Group Inc. 4.500% Subordinated Debentures due 2060,16.68,16.239999771118164,16.764999389648438,16.239999771118164,16.764999389648438,1383130053.0,11507,Finance
CNOBP,ConnectOne Bancorp Inc. Depositary Shares each representing a 1/40th interest in a share of 5.25% Fixed-Rate Reset Non-Cumulative Perpetual Preferred Stock Series A,25.25,25.209999084472656,25.25,25.209999084472656,25.25,1370958345.0,366,Finance
CTBI,Community Trust Bancorp Inc. Common Stock,75.25,75.95999908447266,76.9000015258789,75.43000030517578,76.20999908447266,1367138539.0,143901,Finance
WABC,Westamerica Bancorporation Common Stock,59.12,59.56999969482422,60.189998626708984,59.27000045776367,59.599998474121094,1366331365.0,217467,Finance
NCV,Virtus Convertible & Income Fund Common Shares of Beneficial Interest,15.02,15.149999618530273,15.25,15.0,15.140000343322754,1357411006.0,108485,Finance
ATLC,Atlanticus Holdings Corporation Common Stock,89.29,91.41999816894531,93.0,90.3499984741211,91.88999938964844,1354532693.0,80601,Finance
TWFG,TWFG Inc. Class A Common Stock,24.75,24.75,25.149999618530273,24.350000381469727,24.610000610351562,1337781902.0,242266,Finance
FOR,Forestar Group Inc Common Stock ,26.03,26.360000610351562,26.989999771118164,25.549999237060547,25.75,1327988831.0,307011,Finance
PEBO,Peoples Bancorp Inc. Common Stock,36.89,37.08000183105469,37.68000030517578,37.06999969482422,37.47999954223633,1325912000.0,780404,Finance
FMBH,First Mid Bancshares Inc. Common Stock,49.28,49.72999954223633,50.5099983215332,49.59000015258789,49.97999954223633,1310942223.0,151844,Finance
HBT,HBT Financial Inc. Common Stock,35.8,36.099998474121094,36.630001068115234,35.88999938964844,36.34000015258789,1301888910.0,176624,Finance
OPY,Oppenheimer Holdings Inc. Class A Common Stock (DE),119.47,121.4000015258789,124.0199966430664,119.91000366210938,120.12999725341797,1279285357.0,74248,Finance
OSBC,Old Second Bancorp Inc. Common Stock,24.63,24.81999969482422,25.200000762939453,24.790000915527344,24.950000762939453,1253068885.0,711124,Finance
UVE,UNIVERSAL INSURANCE HOLDINGS INC Common Stock,43.13,43.58000183105469,44.0,43.130001068115234,43.95000076293945,1200323211.0,205618,Finance
BULLW,Webull Corporation Warrants,2.21,2.2200000286102295,2.2200000286102295,2.2200000286102295,2.2200000286102295,1194471596.0,8996,Finance
WD,Walker & Dunlop Inc Common Stock,34.53,35.25,35.4900016784668,33.720001220703125,33.970001220703125,1185267975.0,629399,Finance
MBINM,Merchants Bancorp Depositary Shares Each Representing a 1/40th Interest in a Share of 8.25% Fixed-Rate Reset Series D Non-Cumulative Perpetual Preferred Stock,25.5,25.43000030517578,25.549999237060547,25.350000381469727,25.43000030517578,1171420913.0,11403,Finance
WAFDP,WaFd Inc. Depositary Shares,15.79,15.789999961853027,15.84000015258789,15.5,15.6899995803833,1168384808.0,20937,Finance
AMTB,Amerant Bancorp Inc. Class A Common Stock,29.36,29.59000015258789,30.040000915527344,29.309999465942383,29.559999465942383,1150614231.0,425738,Finance
HFWA,Heritage Financial Corporation Common Stock,27.89,28.209999084472656,28.479999542236328,27.90999984741211,28.139999389648438,1141134913.0,474191,Finance
UVSP,Univest Financial Corporation Common Stock,41.22,41.540000915527344,42.08000183105469,41.5099983215332,41.810001373291016,1136879257.0,305999,Finance
BST,BlackRock Science and Technology Trust Common Shares of Beneficial Interest,51.13,51.439998626708984,52.31999969482422,51.29999923706055,51.33000183105469,1132929848.0,257930,Finance
BOW,Bowhead Specialty Holdings Inc. Common Stock,33.8,33.790000915527344,33.849998474121094,33.7599983215332,33.77000045776367,1113473569.0,295028,Finance
JCAP,Jefferson Capital Inc. Common Stock,19.135,19.350000381469727,19.889999389648438,19.15999984741211,19.25,1098837631.0,323517,Finance
MMI,Marcus & Millichap Inc. Common Stock,28.96,29.329999923706055,29.3700008392334,28.420000076293945,28.56999969482422,1096744247.0,163922,Finance
PSEC,Prospect Capital Corporation Common Stock,2.05,2.059999942779541,2.0799999237060547,2.0,2.0,1094324540.0,6475548,Finance
MCB,Metropolitan Bank Holding Corp. Common Stock,87.6,88.41999816894531,89.75,88.25,89.25,1086045353.0,127226,Finance
HTFC,Horizon Technology Finance Corporation 6.25% Notes due 2027,25.095,24.780000686645508,24.95400047302246,24.770000457763672,24.770000457763672,1067684818.0,1784,Finance
CFFN,Capitol Federal Financial Inc. Common Stock,8.47,8.59000015258789,8.609999656677246,8.489999771118164,8.579999923706055,1064664457.0,1387042,Finance
MBINL,Merchants Bancorp Depositary Shares Each Representing a 1/40thInterest in a Share of 7.25% Fixed Rate Series E Non-CumulativePerpetual Preferred Stock without par value,23.05,23.06999969482422,23.889999389648438,22.98200035095215,23.09000015258789,1058872629.0,39555,Finance
NCZ,Virtus Convertible & Income Fund II Common Shares of Beneficial Interest,13.89,14.09000015258789,14.149999618530273,13.890000343322754,13.970000267028809,1057247754.0,74241,Finance
OCSL,Oaktree Specialty Lending Corporation Common Stock,11.99,12.069999694824219,12.109999656677246,11.819999694824219,11.90999984741211,1056145421.0,448905,Finance
FSBC,Five Star Bancorp Common Stock,42.92,43.33000183105469,43.755001068115234,43.20000076293945,43.650001525878906,1053111473.0,187750,Finance
ETW,Eaton Vance Corporation Eaton Vance Tax-Managed Global Buy-Write Opportunites Fund Common Shares of Beneficial Interest,9.45,9.510000228881836,9.539999961853027,9.489999771118164,9.489999771118164,1035699078.0,248845,Finance
GSBD,Goldman Sachs BDC Inc. Common Stock,9.17,9.229999542236328,9.279999732971191,9.050000190734863,9.069999694824219,1032258344.0,970750,Finance
DSL,DoubleLine Income Solutions Fund Common Shares of Beneficial Interests,9.99,10.0,10.0600004196167,9.9399995803833,9.960000038146973,1018948312.0,819658,Finance
MBWM,Mercantile Bank Corporation Common Stock,58.9,59.34000015258789,60.04999923706055,58.9900016784668,59.5,1018226977.0,139135,Finance
FSCO,FS Credit Opportunities Corp. Common Stock,5.12,5.159999847412109,5.21999979019165,5.110000133514404,5.110000133514404,1015582208.0,1657711,Finance
NBN,Northeast Bank Common Stock,124.7,126.37000274658203,128.85000610351562,125.3499984741211,126.86000061035156,1013811000.0,95261,Finance
DCBG,Dime Commercial Bancshares Inc. 9.000% Junior Subordinated Notes,25.88,25.8799991607666,25.899999618530273,25.8700008392334,25.8700008392334,1013166726.0,6967,Finance
BTZ,BlackRock Credit Allocation Income Trust,9.34,9.449999809265137,9.489999771118164,9.359999656677246,9.369999885559082,1009980900.0,537288,Finance
HRTG,Heritage Insurance Holdings Inc. Common Stock,33.83,33.900001525878906,34.34000015258789,33.81999969482422,33.9900016784668,1005847633.0,466302,Finance
BCX,BlackRock Resources Common Shares of Beneficial Interest,11.82,11.960000038146973,11.960000038146973,11.8100004196167,11.899999618530273,1003021678.0,238169,Finance
AEF,abrdn Emerging Markets ex-China Fund Inc. Common Stock,9.34,9.529999732971191,9.600000381469727,9.449999809265137,9.600000381469727,1002765750.0,123208,Finance
MCBS,MetroCity Bankshares Inc. Common Stock,34.68,35.0,35.310001373291016,34.779998779296875,35.22999954223633,998133022.0,101765,Finance
CCNE,CNB Financial Corporation Common Stock,33.68,34.029998779296875,34.59000015258789,33.91999816894531,34.099998474121094,997631407.0,142614,Finance
BFST,Business First Bancshares Inc. Common Stock,30.46,30.780000686645508,31.079999923706055,30.610000610351562,30.899999618530273,991469436.0,305970,Finance
HBNC,Horizon Bancorp Inc. Common Stock,19.08,19.309999465942383,19.799999237060547,19.309999465942383,19.479999542236328,979653423.0,682851,Finance
EQBK,Equity Bancshares Inc. Class A Common Stock,47.48,47.5099983215332,47.79999923706055,47.31999969482422,47.72999954223633,977731425.0,136307,Finance
NBBK,NB Bancorp Inc. Common Stock,22.27,22.530000686645508,22.770000457763672,22.299999237060547,22.56999969482422,975837772.0,427357,Finance
PTA,Cohen & Steers Tax-Advantaged Preferred Securities and Income Fund Common Shares of Beneficial Interest,17.54,17.559999465942383,17.610000610351562,17.309999465942383,17.34000015258789,969496436.0,243990,Finance
HQH,abrdn Healthcare Investors Shares of Beneficial Interest,20.38,20.420000076293945,20.420000076293945,19.520000457763672,19.799999237060547,964865136.0,218490,Finance
OIG,Orion180 Insurance Group Inc. Class A common stock,9.7,9.720000267028809,9.920000076293945,9.119999885559082,9.4399995803833,960614784.0,798575,Finance
CAC,Camden National Corporation Common Stock,56.42,56.97999954223633,57.56999969482422,56.56999969482422,57.189998626708984,953331505.0,123662,Finance
TRST,TrustCo Bank Corp NY Common Stock,54.75,55.04999923706055,56.20000076293945,55.04999923706055,55.689998626708984,932268765.0,111980,Finance
CPF,Central Pacific Financial Corp New,36.07,36.25,37.0,36.13999938964844,36.41999816894531,928709872.0,202046,Finance
HAFC,Hanmi Financial Corporation Common Stock,31.21,31.540000915527344,31.969999313354492,31.40999984741211,31.670000076293945,925353249.0,227683,Finance
GAINZ,Gladstone Investment Corporation 4.875% Notes due 2028,24.21,24.450000762939453,24.450000762939453,24.049999237060547,24.100000381469727,925287558.0,1432,Finance
FRBT,Forbright Inc. Class A Common Stock,18.21,18.299999237060547,18.729999542236328,17.68000030517578,17.790000915527344,924419360.0,171579,Finance
RHLD,Resolute Holdings Management Common Stock ,118.0,120.56999969482422,120.56999969482422,115.63999938964844,115.91000366210938,922712210.0,109152,Finance
RWAYL,Runway Growth Finance Corp. 7.50% Notes due 2027,25.22,25.170000076293945,25.170000076293945,25.1299991607666,25.1299991607666,913383459.0,8778,Finance
BBDC,Barings BDC Inc. Common Stock,8.7,8.760000228881836,8.819999694824219,8.619999885559082,8.630000114440918,910949891.0,582647,Finance
RNP,Cohen & Steers REIT and Preferred and Income Fund Inc. Common Shares,18.52,18.600000381469727,18.75,18.469999313354492,18.530000686645508,910047391.0,143588,Finance
MPB,Mid Penn Bancorp Common Stock,35.91,36.189998626708984,36.560001373291016,35.720001220703125,36.400001525878906,909787571.0,108143,Finance
SBSI,Southside Bancshares Inc. Common Stock,30.49,30.809999465942383,31.229999542236328,30.639999389648438,30.729999542236328,908845310.0,212514,Finance
FCBC,First Community Bankshares Inc. (VA) Common Stock,47.57,47.790000915527344,48.7400016784668,47.61000061035156,48.0,899564351.0,100542,Finance
BHFAL,Brighthouse Financial Inc. 6.25% Junior Subordinated Debentures due 2058,15.64,15.670000076293945,15.670000076293945,15.3100004196167,15.319999694824219,899480845.0,11278,Finance
SIGIP,Selective Insurance Group Inc. Depositary Shares each representing a 1/1000th interest in a share of 4.60% Non-Cumulative Preferred Stock Series B,15.075,15.0600004196167,15.095000267028809,15.0,15.0,898004469.0,5729,Finance
FMNB,Farmers National Banc Corp. Common Stock,15.15,15.279999732971191,15.479999542236328,15.239999771118164,15.34000015258789,897600716.0,376798,Finance
BANFP,BancFirst Corporation - BFC Capital Trust II Cumulative Trust Preferred Securities,26.3101,26.399999618530273,26.399999618530273,26.399999618530273,26.399999618530273,883986341.0,1021,Finance
THFF,First Financial Corporation Common Stock,73.99,74.86000061035156,75.4000015258789,74.12000274658203,74.98999786376953,879881385.0,88356,Finance
VRTS,Virtus Investment Partners Inc. Common Stock,132.78,133.88999938964844,135.99000549316406,132.05999755859375,133.80999755859375,879360778.0,137495,Finance
AIZN,Assurant Inc. 5.25% Subordinated Notes due 2061,17.37,17.420000076293945,18.149999618530273,17.420000076293945,17.75,876476495.0,17470,Finance
EIG,Employers Holdings Inc Common Stock,48.65,49.040000915527344,49.900001525878906,48.79999923706055,49.130001068115234,873778617.0,154527,Finance
MBINN,Merchants Bancorp Depositary Shares Preferred Series C,18.99,18.940000534057617,19.100000381469727,18.649999618530273,18.670000076293945,872364044.0,7827,Finance
BTGO,BitGo Holdings Inc. Class A Common Stock,7.36,7.599999904632568,7.900000095367432,7.190000057220459,7.380000114440918,865135778.0,767584,Finance
EGBN,Eagle Bancorp Inc. Common Stock,28.21,28.559999465942383,28.959999084472656,28.25,28.3799991607666,859952878.0,337944,Finance
NAVI,Navient Corporation Common Stock,9.11,9.270000457763672,9.295000076293945,9.119999885559082,9.1899995803833,854370673.0,1472008,Finance
SMBK,SmartFinancial Inc. Common Stock,49.86,50.34000015258789,51.189998626708984,50.189998626708984,50.9900016784668,852529864.0,102369,Finance
FMN,Federated Hermes Premier Municipal Income Fund,9.88,9.979999542236328,10.100000381469727,9.920000076293945,9.960000038146973,852197918.0,147500,Finance
GSBC,Great Southern Bancorp Inc. Common Stock,78.11,78.68000030517578,80.0,78.44000244140625,79.2699966430664,851204272.0,157643,Finance
CCBG,Capital City Bank Group Common Stock,48.8,49.20000076293945,49.720001220703125,49.16999816894531,49.65999984741211,835128894.0,96215,Finance
HIPO,Hippo Holdings Inc. Common Stock,31.51,31.889999389648438,32.25,31.524999618530273,32.2400016784668,831529395.0,130817,Finance
RPC,Ridgepost Capital Inc. Class A Common Stock,7.5,7.599999904632568,7.690000057220459,7.5,7.619999885559082,826788300.0,542882,Finance
TCBIO,Texas Capital Bancshares Inc. Depositary Shares 5.75% Fixed Rate Non-Cumulative Perpetual Preferred Stock Series B,18.81,18.84000015258789,19.100000381469727,18.75,18.899999618530273,817752881.0,35862,Finance
ORRF,Orrstown Financial Services Inc. Common Stock,41.03,41.439998626708984,42.0099983215332,41.29999923706055,41.66999816894531,807044755.0,111819,Finance
BHFAO,Brighthouse Financial Inc. Depositary Shares 6.75% Non-Cumulative Preferred Stock Series B,14.015,14.100000381469727,14.100000381469727,14.0,14.039999961853027,806024555.0,36258,Finance
WRLD,World Acceptance Corporation Common Stock,171.63,172.10000610351562,176.8300018310547,172.10000610351562,174.44000244140625,800341583.0,75236,Finance
SPFI,South Plains Financial Inc. Common Stock,42.28,42.689998626708984,43.80500030517578,42.560001373291016,43.02000045776367,796517359.0,188374,Finance
ALRS,Alerus Financial Corporation Common Stock,31.73,32.560001373291016,32.9900016784668,32.209999084472656,32.66999816894531,790950400.0,306769,Finance
BHFAP,Brighthouse Financial Inc. Depositary Shares 6.6% Non-Cumulative Preferred Stock Series A,13.73,13.8100004196167,13.829999923706055,13.779999732971191,13.800000190734863,789633760.0,30257,Finance
IBCP,Independent Bank Corporation Common Stock,35.57,36.150001525878906,36.79999923706055,36.029998779296875,36.369998931884766,789628923.0,218234,Finance
SMBC,Southern Missouri Bancorp Inc. Common Stock,71.36,71.91999816894531,72.70999908447266,71.7699966430664,72.58999633789062,785907589.0,90692,Finance
PGC,Peapack-Gladstone Financial Corporation Common Stock,44.03,44.5,45.04999923706055,44.099998474121094,44.58000183105469,780561727.0,131485,Finance
FISI,Financial Institutions Inc. Common Stock,39.48,39.880001068115234,40.349998474121094,39.619998931884766,39.97999954223633,778007093.0,136055,Finance
SKYH,Sky Harbour Group Corporation Class A Common Stock,9.47,9.539999961853027,9.539999961853027,9.100000381469727,9.289999961853027,773031441.0,317608,Finance
ABX,Abacus Global Management Inc. Class A Common Stock,7.89,8.050000190734863,8.350000381469727,8.050000190734863,8.270000457763672,771580845.0,794962,Finance
HTB,HomeTrust Bancshares Inc. Common Stock,46.09,46.5,46.84000015258789,45.970001220703125,46.59000015258789,769388666.0,199244,Finance
SHBI,Shore Bancshares Inc Common Stock,22.7,22.959999084472656,23.209999084472656,22.84000015258789,23.0,757550665.0,270417,Finance
RILYG,BRC Group Holdings Inc. 5.00% Senior Notes due 2026,24.7899,24.815000534057617,24.829999923706055,24.781999588012695,24.829999923706055,756019216.0,41161,Finance
RCBC,River City Bank Common stock,52.34,52.380001068115234,54.52000045776367,52.380001068115234,54.16999816894531,743212507.0,143903,Finance
CGBD,Carlyle Secured Lending Inc. Common Stock,10.77,10.859999656677246,10.885000228881836,10.640000343322754,10.649999618530273,741025337.0,477498,Finance
FDUS,Fidus Investment Corporation Common Stock,19.36,19.40999984741211,19.450000762939453,19.100000381469727,19.260000228881836,734796487.0,262324,Finance
CCNEP,CNB Financial Corporation Depositary Shares each representing a 1/40th ownership interest in a share of 7.125% Series A Fixed-Rate Non-Cumulative Perpetual Preferred Stock,24.56,24.68000030517578,24.68000030517578,24.68000030517578,24.68000030517578,727488936.0,1297,Finance
WASH,Washington Trust Bancorp Inc. Common Stock,37.78,38.13999938964844,38.709999084472656,37.7599983215332,38.459999084472656,720627847.0,110877,Finance
MFIC,MidCap Financial Investment Corporation Common Stock,8.74,8.770000457763672,8.789999961853027,8.609999656677246,8.619999885559082,719936769.0,582357,Finance
BCSF,Bain Capital Specialty Finance Inc. Common Stock,11.09,11.199999809265137,11.210000038146973,10.979999542236328,11.050000190734863,719391743.0,405335,Finance
ROOT,Root Inc. Class A Common Stock,46.21,46.650001525878906,47.029998779296875,45.93000030517578,46.2599983215332,715943175.0,192536,Finance
TCBX,Third Coast Bancshares Inc. Common Stock,42.87,43.29999923706055,43.59000015258789,43.04999923706055,43.36000061035156,713998564.0,94375,Finance
FINV,FinVolution Group American Depositary Shares,3.02,3.0199999809265137,3.0199999809265137,2.890000104904175,2.9000000953674316,713003886.0,713194,Finance
CWBC,Community West Bancshares Common Stock,26.24,26.5,26.75,26.309999465942383,26.530000686645508,711919487.0,244292,Finance
PRAA,PRA Group Inc. Common Stock,18.86,19.100000381469727,19.799999237060547,18.809999465942383,18.8700008392334,710041393.0,553484,Finance
GDOT,Green Dot Corporation Class A Common Stock $0.001 par value,12.37,12.5,12.670000076293945,12.4399995803833,12.5,704906664.0,501264,Finance
NEWTP,NewtekOne Inc. Depositary Shares Non-Cumulative Perpetual Preferred Stock Series B,24.095,24.150999069213867,24.184999465942383,24.06999969482422,24.06999969482422,695977593.0,1231,Finance
BCAL,California BanCorp Common Stock,21.55,21.709999084472656,21.899999618530273,21.579999923706055,21.780000686645508,692844159.0,190656,Finance
PFLT,PennantPark Floating Rate Capital Ltd. Common Stock,6.97,7.03000020980835,7.050000190734863,6.829999923706055,6.840000152587891,691548735.0,1268195,Finance
AROW,Arrow Financial Corporation Common Stock,37.27,37.630001068115234,37.93000030517578,37.38999938964844,37.790000915527344,690379156.0,97215,Finance
NIE,Virtus Equity & Convertible Income Fund Common Shares of Beneficial Interest,24.9,25.059999465942383,25.200000762939453,24.81999969482422,24.889999389648438,689953229.0,61510,Finance
BSTZ,BlackRock Science and Technology Term Trust Common Shares of Beneficial Interest,30.89,31.5,31.549999237060547,30.700000762939453,30.8799991607666,684455369.0,772064,Finance
PFIS,Peoples Financial Services Corp. Common Stock,68.17,68.93000030517578,69.6500015258789,68.58999633789062,69.29000091552734,682406718.0,47013,Finance
XFLT,XAI Floating Rate & Alternative Income Trust Common Shares of Beneficial Interest,19.18,19.260000228881836,19.489999771118164,19.1200008392334,19.309999465942383,680286444.0,92240,Finance
MSBI,Midland States Bancorp Inc. Common Stock,32.74,33.040000915527344,33.30500030517578,32.83000183105469,33.13999938964844,679424147.0,140056,Finance
WYFI,WhiteFiber Inc. Ordinary Shares,17.48,18.0,19.21500015258789,17.75,17.93000030517578,679065103.0,1612574,Finance
FPH,Five Point Holdings LLC Class A Common Shares,4.58,4.570000171661377,4.639999866485596,4.53000020980835,4.539999961853027,677288861.0,123521,Finance
DGICA,Donegal Group Inc. Class A Common Stock,18.17,18.290000915527344,18.450000762939453,18.020000457763672,18.270000457763672,674457354.0,124824,Finance
CARE,Carter Bankshares Inc. Common Stock,30.36,30.700000762939453,30.989999771118164,30.489999771118164,30.75,672896945.0,273823,Finance
RRBI,Red River Bancshares Inc. Common Stock,101.42,102.43000030517578,103.8499984741211,101.76000213623047,103.41000366210938,667760031.0,67701,Finance
NEWTG,NewtekOne Inc. 8.50% Fixed Rate Senior Notes due 2029,25.245,25.1299991607666,25.1299991607666,25.030000686645508,25.100000381469727,664495154.0,1010,Finance
NMFC,New Mountain Finance Corporation Common Stock,7.03,7.03000020980835,7.059999942779541,6.849999904632568,6.940000057220459,664000302.0,869945,Finance
NEWTI,NewtekOne Inc. 8.00% Fixed Rate Senior Notes due 2028,25.16,25.200000762939453,25.200000762939453,25.100000381469727,25.100000381469727,662257796.0,126,Finance
RILYT,BRC Group Holdings Inc. 6.00% Senior Notes Due 2028,21.69,21.790000915527344,21.81999969482422,21.350000381469727,21.540000915527344,661481362.0,65393,Finance
NSLRL,Neostellar Capital Corp. 6.00% Notes due 2026,24.9705,24.979999542236328,24.98900032043457,24.979999542236328,24.98900032043457,661049590.0,122,Finance
CUBB,Customers Bancorp Inc 5.375% Subordinated Notes Due 2034,20.8218,20.989999771118164,21.0,20.75,20.780000686645508,658457984.0,3519,Finance
GEMI,Gemini Space Station Inc. Class A Common Stock,5.07,5.179999828338623,5.389999866485596,4.559999942779541,4.670000076293945,657336664.0,1466343,Finance
TRON,Tron Inc. Common Stock,1.38,1.434999942779541,1.4450000524520874,1.3899999856948853,1.409999966621399,654647248.0,582029,Finance
BHB,Bar Harbor Bankshares Inc. Common Stock,38.87,39.27000045776367,39.880001068115234,39.08000183105469,39.45000076293945,651697530.0,99832,Finance
CBNK,Capital Bancorp Inc. Common Stock,39.8,39.95000076293945,40.70000076293945,39.95000076293945,40.45000076293945,648360149.0,303649,Finance
BHFAN,Brighthouse Financial Inc. Depositary shares each representing a 1/1000th interest in a share of 5.375% Non-Cumulative Preferred Stock Series C,11.27,11.329999923706055,11.34000015258789,11.239999771118164,11.25,648155315.0,36968,Finance
TBLD,Thornburg Income Builder Opportunities Trust Common Stock,20.12,20.1200008392334,20.399999618530273,20.1200008392334,20.209999084472656,645487486.0,55005,Finance
TIPT,Tiptree Inc. Common Stock,17.3,17.450000762939453,17.5,17.260000228881836,17.350000381469727,644246672.0,287755,Finance
ACNB,ACNB Corporation Common Stock,62.89,63.40999984741211,64.19999694824219,63.290000915527344,63.779998779296875,639586898.0,56122,Finance
DLY,DoubleLine Yield Opportunities Fund Common Shares of Beneficial Interest,13.3,13.359999656677246,13.545000076293945,13.359999656677246,13.4399995803833,637678861.0,415668,Finance
SLRC,SLR Investment Corp. Common Stock,11.67,11.699999809265137,11.729999542236328,11.5,11.550000190734863,636652579.0,357838,Finance
WCCB,West Coast Community Bancorp Common Stock,60.46,60.97999954223633,61.0099983215332,60.63999938964844,60.65999984741211,636286058.0,33599,Finance
GAIN,Gladstone Investment Corporation Business Development Company,15.74,15.920000076293945,15.989999771118164,15.579999923706055,15.65999984741211,626797761.0,114535,Finance
DGICB,Donegal Group Inc. Class B Common Stock,16.86,16.700000762939453,16.700000762939453,16.25,16.649999618530273,625831095.0,4598,Finance
NXP,Nuveen Select Tax Free Income Portfolio Common Stock,13.32,13.40999984741211,13.479999542236328,13.289999961853027,13.289999961853027,623364185.0,395266,Finance
EFSCP,Enterprise Financial Services Corporation Depositary Shares Each Representing a 1/40th Interest in a Share of 5% Fixed Rate Non-Cumulative Perpetual Preferred Stock Series A,17.2,16.469999313354492,16.469999313354492,16.469999313354492,16.469999313354492,622511344.0,3126,Finance
RMT,Royce Micro-Cap Trust Inc. Common Stock,13.41,13.59000015258789,13.9399995803833,13.479999542236328,13.600000381469727,620468725.0,66054,Finance
HPP,Hudson Pacific Properties Inc. Common Stock,11.42,11.680000305175781,11.720000267028809,11.329999923706055,11.479999542236328,619749022.0,785087,Finance
CCB,Coastal Financial Corporation Common Stock,40.54,41.06999969482422,41.529998779296875,38.83000183105469,40.16999816894531,619707697.0,310931,Finance
MGRE,Affiliated Managers Group Inc. 6.750% Junior Subordinated Notes due 2064,21.545,21.600000381469727,21.950000762939453,21.4950008392334,21.639999389648438,612137897.0,42153,Finance
FOF,Cohen & Steers Closed-End Opportunity Fund Inc. Common Stock,12.41,12.479999542236328,12.600000381469727,12.430000305175781,12.5,609810373.0,67123,Finance
HIFS,Hingham Institution for Savings Common Stock,283.85,288.3599853515625,293.04998779296875,284.5799865722656,287.7799987792969,609539490.0,27862,Finance
RILYZ,BRC Group Holdings Inc. 5.25% Senior Notes due 2028,19.75,19.81999969482422,19.899999618530273,19.510000228881836,19.540000915527344,602317054.0,38956,Finance
KRNY,Kearny Financial Corp Common Stock,9.2,9.279999732971191,9.359999656677246,9.050000190734863,9.319999694824219,597350314.0,465753,Finance
FWDI,Forward Industries Inc. Common Stock,7.83,8.5,8.640000343322754,7.909999847412109,8.15999984741211,597336723.0,1885523,Finance
ABTC,American Bitcoin Corp. Class A Common Stock,8.18,8.579999923706055,9.149999618530273,8.3100004196167,8.510000228881836,595665252.0,1008074,Finance
AGNT,AGNT Inc. Common Stock,3.56,3.559999942779541,3.700000047683716,3.559999942779541,3.6500000953674316,594939856.0,1782019,Finance
BTBT,Bit Digital Inc. Ordinary Shares,1.62,1.6950000524520874,1.7549999952316284,1.600000023841858,1.6299999952316284,584226275.0,14955817,Finance
FBIZ,First Business Financial Services Inc. Common Stock,69.49,69.91999816894531,71.05000305175781,69.91999816894531,70.93000030517578,581514557.0,44291,Finance
BME,Blackrock Health Sciences Trust,43.61,43.709999084472656,43.97999954223633,43.22999954223633,43.34000015258789,581452915.0,32013,Finance
GCBC,Greene County Bancorp Inc. Common Stock,33.9,34.130001068115234,34.75,33.880001068115234,34.2599983215332,577163942.0,24700,Finance
VEL,Velocity Financial Inc. Common Stock,14.61,14.699999809265137,14.819999694824219,14.364999771118164,14.59000015258789,576824087.0,380980,Finance
BHFAM,Brighthouse Financial Inc. Depositary shares each representing a 1/1000th Interest in a Share of 4.625% Non-Cumulative Preferred Stock Series D,9.98,10.0600004196167,10.079999923706055,9.9399995803833,9.949999809265137,573965399.0,49353,Finance
BWB,Bridgewater Bancshares Inc. Common Stock,20.42,20.6200008392334,20.8799991607666,20.540000915527344,20.709999084472656,569387666.0,107392,Finance
VMO,Invesco Municipal Opportunity Trust Common Stock,8.43,8.479999542236328,8.569999694824219,8.430000305175781,8.510000228881836,568524975.0,573327,Finance
SFST,Southern First Bancshares Inc. Common Stock,59.88,60.529998779296875,61.34000015258789,60.209999084472656,60.849998474121094,567168689.0,60423,Finance
CIVB,Civista Bancshares Inc. Common Stock,26.57,26.8799991607666,27.149999618530273,26.739999771118164,26.979999542236328,552502904.0,76649,Finance
UNTY,Unity Bancorp Inc. Common Stock,54.65,55.27000045776367,55.529998779296875,55.0099983215332,55.34000015258789,548826888.0,39554,Finance
NRIM,Northrim BanCorp Inc Common Stock,24.54,24.84000015258789,25.09000015258789,24.510000228881836,24.760000228881836,545886558.0,106884,Finance
BWBBP,Bridgewater Bancshares Inc. Depositary Shares Each Representing a 1/100th Interest in a Share of 5.875% Non-Cumulative Perpetual Preferred Stock Series A,19.5124,19.565000534057617,19.565000534057617,19.565000534057617,19.565000534057617,544080308.0,1626,Finance
MGR,Affiliated Managers Group Inc. 5.875% Junior Subordinated Notes due 2059,19.1,19.40999984741211,19.530000686645508,19.100000381469727,19.149999618530273,542670403.0,32497,Finance
ITIC,Investors Title Company Common Stock,285.75,287.79998779296875,291.0,287.5,290.20001220703125,539494857.0,40051,Finance
MSBIP,Midland States Bancorp Inc. Depositary Shares Each Representing a 1/40th Interest in a Share of 7.750% Fixed-Rate Reset Non-Cumulative Perpetual Preferred Stock Series A,25.4755,25.47599983215332,25.47599983215332,25.47599983215332,25.47599983215332,528670429.0,1883,Finance
HBCP,Home Bancorp Inc. Common Stock,66.85,67.33999633789062,68.19999694824219,67.05999755859375,67.52999877929688,526159638.0,74166,Finance
BSVN,Bank7 Corp. Common stock,54.99,55.470001220703125,56.33000183105469,55.310001373291016,55.47999954223633,523826821.0,49837,Finance
BWFG,Bankwell Financial Group Inc. Common Stock,65.62,66.0,66.68000030517578,64.95999908447266,66.6500015258789,523120803.0,73342,Finance
SWRD,Stewards Inc Common Stock,2.28,2.2300000190734863,2.569999933242798,2.130000114440918,2.450000047683716,514426430.0,172266,Finance
NPB,Northpointe Bancshares Inc. Common Stock,14.85,15.029999732971191,15.375,15.010000228881836,15.350000381469727,513540354.0,274248,Finance
RFI,Cohen & Steers Total Return Realty Fund Inc. Common Stock,10.45,10.539999961853027,10.539999961853027,10.430000305175781,10.489999771118164,513498663.0,143856,Finance
BSRR,Sierra Bancorp Common Stock,39.2,39.540000915527344,40.04999923706055,39.459999084472656,39.7599983215332,508165162.0,39827,Finance
OPFI,OppFi Inc. Class A Common Stock,5.95,6.0,6.114999771118164,5.909999847412109,5.96999979019165,506989070.0,495603,Finance
AII,American Integrity Insurance Group Inc. Common Stock,25.84,25.920000076293945,26.1299991607666,25.739999771118164,26.059999465942383,506294154.0,91779,Finance
IIM,Invesco Value Municipal Income Trust Common Stock,10.69,10.75,10.949999809265137,10.75,10.920000076293945,503161613.0,231678,Finance
OBT,Orange County Bancorp Inc. Common Stock,37.19,37.4900016784668,38.220001220703125,36.95000076293945,37.72999954223633,498642144.0,58651,Finance
WTBA,West Bancorporation Common Stock,28.88,29.450000762939453,30.5,29.149999618530273,30.079999923706055,492223298.0,46730,Finance
COFS,ChoiceOne Financial Services Inc. Common Stock,32.87,33.119998931884766,33.150001525878906,32.560001373291016,33.11000061035156,491587942.0,59458,Finance
ETO,Eaton Vance Tax-Advantage Global Dividend Opp Common Stock,29.98,30.15999984741211,30.3799991607666,29.90999984741211,30.06999969482422,491316377.0,15267,Finance
PBAM,Private Bancorp of America Inc. Common Stock,85.69,86.43000030517578,87.25,86.43000030517578,86.9000015258789,490985534.0,127838,Finance
PDLB,Ponce Financial Group Inc. Common Stock,20.08,20.110000610351562,20.469999313354492,20.100000381469727,20.350000381469727,485693052.0,90840,Finance
ORBS,Eightco Holdings Inc. Common Stock,1.13,1.25,1.3550000190734863,1.149999976158142,1.159999966621399,485648462.0,6764881,Finance
FMAO,Farmers & Merchants Bancorp Inc. Common Stock,34.91,35.209999084472656,35.77000045776367,34.9900016784668,35.4900016784668,480821085.0,37510,Finance
VGM,Invesco Trust for Investment Grade Municipals Common Stock (DE),8.75,8.8100004196167,8.930000305175781,8.800000190734863,8.899999618530273,474529720.0,339986,Finance
VKQ,Invesco Municipal Trust Common Stock,8.49,8.569999694824219,8.680000305175781,8.569999694824219,8.600000381469727,469798522.0,534825,Finance
HQL,abrdn Life Sciences Investors Shares of Beneficial Interest,18.17,18.200000762939453,18.290000915527344,17.600000381469727,17.68000030517578,466598986.0,128595,Finance
ALTI,AlTi Global Inc. Class A Common Stock,2.98,3.0,3.0299999713897705,2.890000104904175,2.9100000858306885,464711427.0,78532,Finance
IQI,Invesco Quality Municipal Income Trust Common Stock,8.78,8.84000015258789,9.0,8.8100004196167,8.9399995803833,464319738.0,355813,Finance
FTHY,First Trust High Yield Opportunities 2027 Term Fund Common Stock,12.58,12.609999656677246,12.680000305175781,12.579999923706055,12.609999656677246,462604202.0,203011,Finance
AHRT,AH Realty Trust Inc. Common Stock,6.13,6.199999809265137,6.230000019073486,6.0,6.03000020980835,457255041.0,2148625,Finance
CZNC,Citizens & Northern Corp Common Stock,25.19,25.350000381469727,25.969999313354492,25.239999771118164,25.6299991607666,451779300.0,55845,Finance
MGRB,Affiliated Managers Group Inc. 4.750% Junior Subordinated Notes due 2060,15.87,15.930000305175781,15.989999771118164,15.729999542236328,15.75,450899440.0,24826,Finance
ETB,Eaton Vance Tax-Managed Buy-Write Income Fund Eaton Vance Tax-Managed Buy-Write Income Fund Common Shares of Beneficial Interest,15.34,15.420000076293945,15.479999542236328,15.34000015258789,15.380000114440918,450557245.0,47215,Finance
TYG,Tortoise Energy Infrastructure Corporation Common Stock,37.74,37.88999938964844,38.20000076293945,37.540000915527344,38.11000061035156,450159059.0,252321,Finance
TRC,Tejon Ranch Co Common Stock,16.49,16.6200008392334,16.729999542236328,16.3799991607666,16.3799991607666,445583612.0,161475,Finance
RBB,RBB Bancorp Common Stock,26.22,26.389999389648438,26.81999969482422,26.010000228881836,26.190000534057617,443536576.0,81868,Finance
PBFS,Pioneer Bancorp Inc. Common Stock,17.85,18.010000228881836,18.049999237060547,17.770000457763672,17.770000457763672,443423685.0,12030,Finance
BMRC,Bank of Marin Bancorp Common Stock,27.26,27.489999771118164,27.940000534057617,27.440000534057617,27.709999084472656,441455200.0,144030,Finance
FRBA,First Bank Common Stock,17.51,17.6299991607666,17.850000381469727,17.600000381469727,17.790000915527344,440103397.0,183131,Finance
AMSF,AMERISAFE Inc. Common Stock,23.68,23.81999969482422,23.950000762939453,23.5,23.59000015258789,438933853.0,494726,Finance
ACIC,American Coastal Insurance Corporation Common Stock,9.25,9.300000190734863,9.350000381469727,9.210000038146973,9.329999923706055,437264409.0,250426,Finance
RILYL,BRC Group Holdings Inc. Depositary Shares each representing 1/1000th in a share of 7.375% Series B Cumulative Perpetual Preferred Stock par value $0.0001,10.7999,10.899999618530273,10.90999984741211,10.6899995803833,10.90999984741211,434153334.0,5507,Finance
VCV,Invesco California Value Municipal Income Trust Common Stock,9.04,9.100000381469727,9.140000343322754,8.960000038146973,8.970000267028809,432930346.0,430126,Finance
AVBC,Avidia Bancorp Inc. Common Stock,21.66,21.809999465942383,22.270000457763672,21.790000915527344,22.239999771118164,432556828.0,140153,Finance
CBK,Commercial Bancgroup Inc. Common Stock,31.47,31.729999542236328,32.31999969482422,31.59000015258789,31.8799991607666,431178967.0,42071,Finance
CBAN,Colony Bankcorp Inc. Common Stock,20.29,20.450000762939453,20.65999984741211,20.280000686645508,20.450000762939453,430573380.0,143987,Finance
PLBC,Plumas Bancorp,61.62,62.11000061035156,62.75,61.849998474121094,62.540000915527344,428814566.0,101969,Finance
USDE,StablecoinX Inc. Class A Common Stock,15.51,15.270000457763672,15.319999694824219,14.079999923706055,14.149999618530273,421672371.0,2146612,Finance
GUT,Gabelli Utility Trust (The) Common Stock,5.7,5.690000057220459,5.949999809265137,5.679999828338623,5.949999809265137,418374465.0,626998,Finance
RILYP,BRC Group Holdings Inc. Depositary Shares each representing a 1/1000th fractional interest in a share of Series A Cumulative Perpetual Preferred Stock,10.19,10.1899995803833,10.199999809265137,9.899999618530273,10.024999618530273,409635503.0,10161,Finance
USCB,USCB Financial Holdings Inc. Class A Common Stock,22.07,22.15999984741211,22.575000762939453,22.145000457763672,22.549999237060547,407731553.0,55481,Finance
MGRD,Affiliated Managers Group Inc. 4.200% Junior Subordinated Notes due 2061,14.2441,14.300000190734863,14.350000381469727,14.1899995803833,14.260000228881836,404704267.0,10436,Finance
ISTR,Investar Holding Corporation Common Stock,28.96,29.270000457763672,29.579999923706055,29.09000015258789,29.40999984741211,398982673.0,100347,Finance
GREEL,Vulcan Infrastructure and Power Inc. 8.50% Senior Notes due 2026,25.37,25.336000442504883,25.34000015258789,25.299999237060547,25.315000534057617,397634589.0,477,Finance
SAZ,Saratoga Investment Corp 8.50% Notes due 2028,25.36,25.31999969482422,25.5,25.25,25.25,397343802.0,28432,Finance
SAY,Saratoga Investment Corp 8.125% Notes due 2027,25.17,25.100000381469727,25.299999237060547,25.100000381469727,25.200000762939453,394366857.0,7054,Finance
SAJ,Saratoga Investment Corp 8.00% Notes due 2027,25.16,25.25,25.25,25.209999084472656,25.219999313354492,394210176.0,256,Finance
FRPH,FRP Holdings Inc. Common Stock,20.49,20.639999389648438,20.780000686645508,20.270000457763672,20.280000686645508,393373187.0,94682,Finance
BOC,Boston Omaha Corporation Class A Common Stock,12.98,12.970000267028809,13.460000038146973,12.970000267028809,13.210000038146973,391042827.0,152899,Finance
PCB,PCB Bancorp Common Stock,27.82,27.979999542236328,28.3700008392334,27.90999984741211,28.010000228881836,390720828.0,50746,Finance
CHMG,Chemung Financial Corp Common Stock,80.61,81.19000244140625,82.25,81.19000244140625,81.93000030517578,388658858.0,63705,Finance
MVBF,MVB Financial Corp. Common Stock,29.79,30.049999237060547,30.799999237060547,30.049999237060547,30.459999084472656,386302034.0,96341,Finance
PKBK,Parke Bancorp Inc. Common Stock,32.68,32.689998626708984,33.189998626708984,32.209999084472656,32.869998931884766,384364840.0,39756,Finance
ATLCL,Atlanticus Holdings Corporation 6.125% Senior Notes due 2026,25.28,25.280000686645508,25.329999923706055,25.280000686645508,25.299999237060547,382371351.0,206,Finance
FRST,Primis Financial Corp. Common Stock,15.39,15.5,15.6899995803833,15.359999656677246,15.619999885559082,381657718.0,138939,Finance
TACO,Berto Acquisition Corp. Ordinary Shares,10.47,10.470000267028809,10.470000267028809,10.460000038146973,10.460000038146973,381550169.0,62001,Finance
CZFS,Citizens Financial Services Inc. Common Stock,79.14,79.87000274658203,80.97000122070312,79.05999755859375,80.9000015258789,380651925.0,38234,Finance
ATLCZ,Atlanticus Holdings Corporation 9.25% Senior Notes due 2029,25.139,25.2549991607666,25.3799991607666,25.149999618530273,25.229999542236328,380238662.0,39562,Finance
FNLC,First Bancorp Inc  (ME) Common Stock,33.69,33.959999084472656,34.25,33.5099983215332,34.209999084472656,380102035.0,31717,Finance
OPRT,Oportun Financial Corporation Common Stock,8.225,8.319999694824219,8.579999923706055,8.302000045776367,8.350000381469727,378245156.0,617149,Finance
SOR,Source Capital Inc. Cmn Shs of BI,44.97,44.97999954223633,45.959999084472656,44.90999984741211,44.95000076293945,375251401.0,10903,Finance
VALU,Value Line Inc. Common Stock,39.605,40.06999969482422,40.5,39.7599983215332,40.5,371577991.0,748,Finance
EVN,Eaton Vance Municipal Income Trust Common Stock,9.2,9.300000190734863,9.40999984741211,9.130000114440918,9.279999732971191,364937900.0,305279,Finance
NECB,NorthEast Community Bancorp Inc. Common Stock,26.34,26.540000915527344,27.059999465942383,26.3799991607666,26.649999618530273,362597994.0,47094,Finance
NWFL,Norwood Financial Corp. Common Stock,33.22,33.529998779296875,33.97999954223633,33.41999816894531,33.70000076293945,362166898.0,27460,Finance
GBLI,Global Indemnity Group LLC Class A Common Stock ,24.635,24.950000762939453,24.950000762939453,24.049999237060547,24.350000381469727,360671526.0,11762,Finance
BCBP,BCB Bancorp Inc. (NJ) Common Stock,8.63,8.729999542236328,8.850000381469727,8.5,8.5,360318224.0,314219,Finance
MCI,Barings Corporate Investors Common Stock,17.7,18.09000015258789,18.280000686645508,17.649999618530273,17.799999237060547,358632426.0,34153,Finance
ATLCP,Atlanticus Holdings Corporation 7.625% Series B Cumulative Perpetual Preferred Stock no par value per share,23.5101,23.510000228881836,23.510000228881836,23.510000228881836,23.510000228881836,356649110.0,7412,Finance
CION,CION Investment Corporation Common Stock,7.15,7.179999828338623,7.190000057220459,6.994999885559082,7.0,351799334.0,387153,Finance
WSBF,Waterstone Financial Inc. Common Stock (MD),19.51,19.65999984741211,20.0,19.610000610351562,19.940000534057617,350731816.0,56964,Finance
LEO,BNY Mellon Strategic Municipals Inc. Common Stock,5.58,5.619999885559082,5.650000095367432,5.570000171661377,5.590000152587891,347582965.0,436862,Finance
BKKT,Bakkt Inc. Class A Common Stock,7.71,8.020000457763672,8.390000343322754,7.619999885559082,7.75,347485521.0,1120778,Finance
BRBS,Blue Ridge Bankshares Inc. Common Stock,3.87,3.9000000953674316,3.950000047683716,3.880000114440918,3.930000066757202,347095861.0,2036134,Finance
TSBK,Timberland Bancorp Inc. Common Stock,44.63,44.93000030517578,45.869998931884766,44.84000015258789,45.4900016784668,347028063.0,20769,Finance
FSBW,FS Bancorp Inc. Common Stock,44.01,44.27000045776367,44.540000915527344,43.79999923706055,44.33000183105469,346013133.0,49427,Finance
TREE,LendingTree Inc. Common Stock,24.55,24.940000534057617,25.1200008392334,24.18000030517578,24.639999389648438,344671223.0,292727,Finance
AVBH,Avidbank Holdings Inc. Common stock,30.94,31.229999542236328,31.729999542236328,31.18000030517578,31.260000228881836,339828871.0,71160,Finance
TCPC,BlackRock TCP Capital Corp. Common Stock,4.03,4.039999961853027,4.070000171661377,3.9800000190734863,3.9800000190734863,338128183.0,642719,Finance
CCAP,Crescent Capital BDC Inc. Common stock,9.17,9.260000228881836,9.260000228881836,8.9350004196167,9.020000457763672,337877380.0,351802,Finance
BCML,BayCom Corp Common Stock,30.9,31.25,31.950000762939453,31.049999237060547,31.190000534057617,337431615.0,54764,Finance
OPI,Office Properties Income Trust Common shares of beneficial interest,15.36,15.359999656677246,15.869999885559082,15.279999732971191,15.789999961853027,337206943.0,110424,Finance
VKI,Invesco Advantage Municipal Income Trust II Common Shares of Beneficial Interest (DE),7.47,7.519999980926514,7.679999828338623,7.519999980926514,7.670000076293945,331712969.0,407805,Finance
SVIA,Silvia Inc. Common Stock,3.875,3.940000057220459,4.590000152587891,3.9000000953674316,4.28000020980835,326702955.0,814728,Finance
PPT,Franklin Premier Income Trust Shares of Beneficial Interest,3.28,3.2699999809265137,3.309999942779541,3.2699999809265137,3.2699999809265137,326452703.0,224950,Finance
NEWT,NewtekOne Inc. Common Stock,11.24,11.430000305175781,11.569999694824219,11.149999618530273,11.180000305175781,324664376.0,357990,Finance
JMSB,John Marshall Bancorp Inc. Common Stock,22.9,23.100000381469727,23.334999084472656,22.950000762939453,23.010000228881836,323167869.0,90365,Finance
KTF,DWS Municipal Income Trust,8.1,8.140000343322754,8.180000305175781,8.09000015258789,8.100000381469727,319957598.0,292880,Finance
OFSSH,OFS Capital Corporation 4.95% Notes due 2028,23.75,23.979999542236328,23.979999542236328,23.979999542236328,23.979999542236328,318204353.0,1594,Finance
FVCB,FVCBankcorp Inc. Common Stock,17.6,17.690000534057617,18.040000915527344,17.594999313354492,17.790000915527344,317402008.0,53897,Finance
COSO,CoastalSouth Bancshares Inc. Common Stock,26.39,26.65999984741211,27.209999084472656,26.65999984741211,26.979999542236328,315477830.0,104767,Finance
CFFI,C&F Financial Corporation Common Stock,96.85,97.9000015258789,99.5,96.63999938964844,98.30000305175781,314926273.0,55197,Finance
FDBC,Fidelity D & D Bancorp Inc. Common Stock,54.18,54.810001373291016,55.31999969482422,54.810001373291016,55.31999969482422,314704963.0,9411,Finance
MLP,Maui Land & Pineapple Company Inc. Common Stock,15.78,15.90999984741211,16.0,15.550000190734863,15.710000038146973,313377466.0,13967,Finance
EFT,Eaton Vance Floating Rate Income Trust Common Shares of Beneficial Interest,10.74,10.729999542236328,10.75,10.609999656677246,10.609999656677246,312431057.0,145719,Finance
PMO,Franklin Municipal Opportunities Trust Shares of Beneficial Interest,9.14,9.180000305175781,9.329999923706055,9.15999984741211,9.210000038146973,310591522.0,259607,Finance
HRZN,Horizon Technology Finance Corporation Common Stock,4.62,4.659999847412109,4.670000076293945,4.590000152587891,4.619999885559082,309696660.0,407403,Finance
CBNA,Chain Bridge Bancorp Inc. Class A Common Stock,46.98,47.20000076293945,47.849998474121094,46.279998779296875,47.27000045776367,308274163.0,24959,Finance
NODK,NI Holdings Inc. Common Stock,14.99,15.050000190734863,15.175000190734863,14.989999771118164,14.989999771118164,305866798.0,24366,Finance
FCCO,First Community Corporation Common Stock,32.47,32.689998626708984,33.11000061035156,31.950000762939453,32.66999816894531,305209266.0,26383,Finance
CHAD,DeFi Development Corp. Variable Rate Series C Perpetual Preferred Stock,9.05,9.079999923706055,9.470000267028809,9.010000228881836,9.100000381469727,295218150.0,19361,Finance
BPRN,Princeton Bancorp Inc. Common Stock (PA),43.16,43.630001068115234,44.494998931884766,43.310001373291016,43.720001220703125,294057755.0,57447,Finance
MYFW,First Western Financial Inc. Common Stock,29.74,30.010000228881836,30.260000228881836,29.81999969482422,30.09000015258789,290414936.0,41578,Finance
OCCIN,OFS Credit Company Inc. 5.25% Series E Term Preferred Stock Due 2026,24.98,24.969999313354492,24.969999313354492,24.969999313354492,24.969999313354492,290180420.0,1623,Finance
FNRN,First Northern Community Bancorp Common stock,17.64,17.770000457763672,18.530000686645508,17.75,17.780000686645508,289213145.0,204596,Finance
ISBA,Isabella Bank Corporation Common stock,37.68,38.04999923706055,38.459999084472656,37.47999954223633,38.119998931884766,287455935.0,27860,Finance
RM,Regional Management Corp. Common Stock,30.99,31.469999313354492,32.119998931884766,31.1200008392334,31.799999237060547,285907356.0,97457,Finance
OVLY,Oak Valley Bancorp (CA) Common Stock,33.92,34.18000030517578,34.34000015258789,34.060001373291016,34.09000015258789,285359055.0,14499,Finance
FGBIP,First Guaranty Bancshares Inc. 6.75% Series A Fixed-Rate Non-Cumulative Perpetual Preferred Stock,17.23,17.3700008392334,17.3799991607666,17.225000381469727,17.225000381469727,284968590.0,5018,Finance
FUND,Sprott Focus Trust Inc. Common Stock,9.61,9.670000076293945,9.8100004196167,9.619999885559082,9.649999618530273,284778483.0,16368,Finance
FUNC,First United Corporation Common Stock,43.86,44.13999938964844,44.2400016784668,43.20000076293945,43.619998931884766,283065247.0,13190,Finance
ATLO,Ames National Corporation Common Stock,31.73,31.90999984741211,32.54999923706055,31.3799991607666,32.36000061035156,281039591.0,18541,Finance
FRAF,Franklin Financial Services Corporation Common Stock,62.3,62.86000061035156,63.650001525878906,61.880001068115234,63.15999984741211,280323959.0,36199,Finance
GBAB,Guggenheim Taxable Municipal Bond & Investment Grade Debt Trust Common Shares of Beneficial Interest,12.44,12.640000343322754,12.640000343322754,12.4399995803833,12.59000015258789,278617498.0,171220,Finance
RWAY,Runway Growth Finance Corp. Common Stock,6.62,6.639999866485596,6.670000076293945,6.5,6.550000190734863,277443564.0,266330,Finance
WNEB,Western New England Bancorp Inc. Common Stock,13.75,13.859999656677246,13.960000038146973,13.779999732971191,13.930000305175781,275630740.0,57597,Finance
PRHIZ,Presurance Holdings Inc. 9.75% Senior Unsecured Notes due 2028,22.54,22.75,24.5,22.75,24.5,275503738.0,7,Finance
QNBC,QNB Corp. Common Stock,45.44,45.650001525878906,45.70000076293945,45.54999923706055,45.61000061035156,274847884.0,14334,Finance
MFIN,Medallion Financial Corp. Common Stock,11.92,12.029999732971191,12.15999984741211,11.75,11.90999984741211,273686168.0,44461,Finance
OIA,Invesco Municipal Income Opportunities Trust Common Stock,5.74,5.769999980926514,5.829999923706055,5.559999942779541,5.599999904632568,273256081.0,239967,Finance
PMM,Franklin Managed Municipal Income Trust Shares of Beneficial Interest,5.6,5.610000133514404,5.710000038146973,5.590000152587891,5.650000095367432,272937330.0,308020,Finance
NKSH,National Bankshares Inc. Common Stock,42.46,42.84000015258789,43.150001525878906,42.25,42.65999984741211,270496525.0,28112,Finance
ARL,American Realty Investors Inc. Common Stock,16.72,17.049999237060547,17.049999237060547,16.040000915527344,16.040000915527344,270062159.0,628,Finance
SAR,Saratoga Investment Corp New,16.72,16.829999923706055,16.989999771118164,16.389999389648438,16.479999542236328,268872916.0,102697,Finance
FXNC,First National Corporation Common Stock,29.63,29.84000015258789,30.31999969482422,29.739999771118164,30.059999465942383,267933097.0,14209,Finance
LCNB,LCNB Corporation Common Stock,18.79,18.959999084472656,19.06999969482422,18.829999923706055,18.940000534057617,267851225.0,29113,Finance
FBLA,FB Bancorp Inc. Common Stock,16.78,16.8700008392334,17.020000457763672,16.809999465942383,16.959999084472656,267610427.0,120367,Finance
FCNCN,First Citizens BancShares Inc. Depositary Shares each representing a 1/40th interest in a share of 6.625% Non-Cumulative Perpetual Preferred Stock Series E,23.67,23.270000457763672,23.75,23.270000457763672,23.3700008392334,267308150.0,63456,Finance
MIN,Aberdeen Intermediate Income Fund Common Shares of Beneficial Interest,2.3,2.309999942779541,2.3499999046325684,2.309999942779541,2.3299999237060547,264264873.0,201305,Finance
HWBK,Hawthorn Bancshares Inc. Common Stock,38.24,38.470001220703125,38.689998626708984,38.130001068115234,38.630001068115234,263881927.0,30673,Finance
ARDC,Ares Dynamic Credit Allocation Fund Inc. Common Shares,11.48,11.449999809265137,11.569999694824219,11.40999984741211,11.489999771118164,263063500.0,109274,Finance
KINS,Kingstone Companies Inc. Common Stock,18.14,18.200000762939453,18.56999969482422,18.165000915527344,18.5,262597053.0,84999,Finance
VABK,Virginia National Bankshares Corporation Common Stock,47.95,48.18000030517578,48.2400016784668,46.790000915527344,47.060001373291016,260142272.0,2805,Finance
GBFH,GBank Financial Holdings Inc. Common Stock,17.75,17.899999618530273,18.260000228881836,17.760000228881836,17.93000030517578,257667112.0,126830,Finance
MMT,Aberdeen Multi-Market Income Fund Common Shares of Beneficial Interest,4.29,4.300000190734863,4.320000171661377,4.300000190734863,4.320000171661377,255462228.0,260272,Finance
VPV,Invesco Pennsylvania Value Municipal Income Trust Common Stock (DE),10.61,10.800000190734863,10.800000190734863,10.6899995803833,10.720000267028809,252831462.0,27758,Finance
RMBI,Richmond Mutual Bancorporation Inc. Common Stock,14.955,15.069999694824219,15.460000038146973,15.045000076293945,15.4399995803833,250631533.0,40246,Finance
ACV,Virtus Diversified Income & Convertible Fund Common Shares of Beneficial Interest,23.97,24.170000076293945,24.368999481201172,24.100000381469727,24.229999542236328,248400007.0,26759,Finance
EFSI,Eagle Financial Services Inc Common Stock,45.31,45.650001525878906,46.0,45.45000076293945,45.5099983215332,245200276.0,50855,Finance
CPZ,Calamos Long/Short Equity & Dynamic Income Trust Common Stock,12.47,12.479999542236328,12.59000015258789,12.414999961853027,12.550000190734863,244813459.0,60645,Finance
EOT,Eaton Vance Municipal Income Trust EATON VANCE NATIONAL MUNICIPAL OPPORTUNITIES TRUST,15.45,15.569999694824219,15.760000228881836,15.40999984741211,15.529999732971191,241405029.0,111537,Finance
SNFCA,Security National Financial Corporation Class A Common Stock,8.8,8.84000015258789,9.079999923706055,8.84000015258789,9.069999694824219,240920143.0,33157,Finance
CMTV,Community Bancorp. Common Stock,42.305,42.29999923706055,42.54999923706055,41.5099983215332,41.79999923706055,236946159.0,23987,Finance
INBK,First Internet Bancorp Common Stock,27.11,27.399999618530273,28.1299991607666,27.31999969482422,27.6200008392334,236767191.0,32804,Finance
PEBK,Peoples Bancorp of North Carolina Inc. Common Stock,43.15,43.25,44.470001220703125,42.88999938964844,44.27000045776367,235663294.0,18232,Finance
ONIT,Onity Group Inc. Common Stock,27.55,28.020000457763672,28.530000686645508,27.059999465942383,27.260000228881836,230167026.0,309154,Finance
OPBK,OP Bancorp Common Stock,15.23,15.25,15.539999961853027,15.25,15.479999542236328,227423726.0,46794,Finance
FOA,Finance of America Companies Inc. Class A Common Stock,12.97,13.260000228881836,13.895000457763672,13.260000228881836,13.5,224470363.0,93271,Finance
MRBK,Meridian Corporation Common Stock,18.81,18.989999771118164,19.25,18.799999237060547,18.969999313354492,224385393.0,59148,Finance
EICA,Eagle Point Income Company 5.00% Series A Term Preferred Shares due 2026,24.99,24.969999313354492,24.969999313354492,24.959999084472656,24.969999313354492,222613619.0,9457,Finance
BMEZ,BlackRock Health Sciences Term Trust Common Shares of Beneficial Interest,16.58,16.6200008392334,16.75,16.450000762939453,16.469999313354492,221061438.0,186962,Finance
INBKZ,First Internet Bancorp 6.0% Fixed-to-Floating Rate Subordinated Notes Due 2029,25.24,25.25,25.299999237060547,25.00200080871582,25.239999771118164,219918493.0,3762,Finance
MBI,MBIA Inc. Common Stock,4.29,4.329999923706055,4.429999828338623,4.329999923706055,4.400000095367432,218860545.0,400216,Finance
CFBK,CF Bankshares Inc. Common Stock,33.88,34.20000076293945,34.9900016784668,34.0099983215332,34.41999816894531,217357547.0,33408,Finance
PNNT,PennantPark Investment Corporation Common Stock,3.32,3.3499999046325684,3.369999885559082,3.25,3.25,216783032.0,631828,Finance
FTF,Franklin Limited Duration Income Trust Common Shares of Beneficial Interest,5.35,5.360000133514404,5.420000076293945,5.360000133514404,5.369999885559082,216168751.0,322452,Finance
LIEN,Chicago Atlantic BDC Inc. Common Stock,9.45,9.468000411987305,9.604000091552734,9.399999618530273,9.5,215654576.0,95137,Finance
FCNCO,First Citizens BancShares Inc. 5.625% Non-Cumulative Perpetual Preferred Stock Series C,19.0,18.989999771118164,19.25,18.979000091552734,19.05500030517578,214569280.0,6740,Finance
SCM,Stellus Capital Investment Corporation Common Stock,7.47,7.5,7.579999923706055,7.360000133514404,7.409999847412109,212745129.0,91814,Finance
ECC,Eagle Point Credit Company Common Share of Beneficial Interest,3.47,3.5,3.549999952316284,3.4600000381469727,3.4600000381469727,210498958.0,2084523,Finance
ZSQR,Z Squared Inc. Common Stock,3.95,4.019999980926514,4.019999980926514,3.359999895095825,3.9700000286102295,209351568.0,747679,Finance
USBC,USBC Inc. Common Stock,0.538,0.5400000214576721,0.550000011920929,0.5099999904632568,0.5299999713897705,208821703.0,219947,Finance
OVBC,Ohio Valley Banc Corp. Common Stock,44.295,44.47999954223633,45.150001525878906,44.400001525878906,44.61000061035156,208673789.0,11068,Finance
EXOD,Exodus Movement Inc. Class A Common Stock,6.9,7.190000057220459,7.84499979019165,6.980000019073486,7.329999923706055,208402480.0,42846,Finance
FCAP,First Capital Inc. Common Stock,62.0,62.25,63.09000015258789,61.529998779296875,62.900001525878906,207366750.0,34064,Finance
LDI,loanDepot Inc. Class A Common Stock,0.613,0.6349999904632568,0.656000018119812,0.6200000047683716,0.6349999904632568,207289179.0,2848519,Finance
FCNCP,First Citizens BancShares Inc. Depositary Shares,18.12,18.200000762939453,18.5,18.200000762939453,18.209999084472656,204631334.0,13704,Finance
CZWI,Citizens Community Bancorp Inc. Common Stock,21.2,21.350000381469727,21.600000381469727,21.18000030517578,21.299999237060547,204584897.0,32525,Finance
CPSS,Consumer Portfolio Services Inc. Common Stock,9.33,9.369999885559082,9.5,8.9399995803833,9.09000015258789,204375376.0,24828,Finance
RILY,BRC Group Holdings Inc. Common Stock,5.045,5.070000171661377,5.110000133514404,4.860000133514404,4.860000133514404,202807764.0,603851,Finance
RBKB,Rhinebeck Bancorp Inc. Common Stock,12.92,12.970000267028809,13.15999984741211,12.970000267028809,13.149999618530273,202016681.0,107046,Finance
MFM,Aberdeen Municipal Income Fund Common Shares of Beneficial Interest,4.87,4.920000076293945,4.960000038146973,4.880000114440918,4.889999866485596,200583763.0,429953,Finance
TONX,TON Strategy Company Common Stock,3.63,3.7200000286102295,3.7920000553131104,3.4700000286102295,3.569999933242798,199911320.0,135228,Finance
BAFN,BayFirst Financial Corp. Common Stock,7.35,7.25,7.949999809265137,7.25,7.760000228881836,198176690.0,82711,Finance
NSLR,Neostellar Capital Corp. Common Stock,7.47,7.639999866485596,7.639999866485596,7.320000171661377,7.440000057220459,197754968.0,870483,Finance
CHCI,Comstock Holding Companies Inc. Class A Common Stock,19.03,19.049999237060547,19.40999984741211,18.649999618530273,18.770000457763672,195665547.0,46962,Finance
OSG,Octave Specialty Group Inc. Common Stock,4.3,4.320000171661377,4.619999885559082,4.309999942779541,4.599999904632568,193721390.0,614486,Finance
LARK,Landmark Bancorp Inc. Common Stock,31.295,31.489999771118164,31.489999771118164,31.1299991607666,31.360000610351562,190916212.0,4235,Finance
CBFV,CB Financial Services Inc. Common Stock,37.27,36.86000061035156,36.86000061035156,36.849998474121094,36.849998474121094,189390636.0,3057,Finance
VTN,Invesco Trust for Investment Grade New York Municipals Common Stock,9.54,9.640000343322754,9.680000305175781,9.550000190734863,9.630000114440918,185896240.0,123304,Finance
WHG,Westwood Holdings Group Inc Common Stock,19.41,19.510000228881836,19.610000610351562,18.5,19.610000610351562,185232580.0,9839,Finance
SBFG,SB Financial Group Inc. Common Stock,29.4,29.31999969482422,29.729999542236328,29.209999084472656,29.399999618530273,183837965.0,9289,Finance
FNWD,Finward Bancorp Common Stock,41.85,42.630001068115234,42.75,42.33000183105469,42.380001068115234,181336134.0,4293,Finance
BVFL,BV Financial Inc. Common Stock,21.2,21.219999313354492,21.450000762939453,20.90999984741211,21.229999542236328,179576805.0,18545,Finance
HNVR,Hanover Bancorp Inc. Common Stock,25.23,25.440000534057617,25.885000228881836,25.09000015258789,25.639999389648438,178008348.0,26038,Finance
ECBK,ECB Bancorp Inc. Common Stock,20.36,20.469999313354492,20.55500030517578,20.43000030517578,20.43000030517578,177899613.0,8123,Finance
MNSBP,MainStreet Bancshares Inc. Depositary Shares,24.93,24.920000076293945,24.920000076293945,24.920000076293945,24.920000076293945,177528425.0,2798,Finance
MNSB,MainStreet Bancshares Inc. Common Stock,24.9,25.100000381469727,25.5,24.739999771118164,24.940000534057617,177314792.0,29631,Finance
FT,Franklin Universal Trust Common Stock,7.05,7.050000190734863,7.119999885559082,7.050000190734863,7.079999923706055,177179853.0,61760,Finance
CIA,Citizens Inc. Class A Common Stock ($1.00 Par),3.47,3.5299999713897705,3.5999999046325684,3.490000009536743,3.5399999618530273,175731585.0,96021,Finance
DFDV,DeFi Development Corp. Common Stock,5.37,5.690000057220459,5.800000190734863,5.139999866485596,5.25,175173642.0,1407413,Finance
CMTG,Claros Mortgage Trust Inc. Common Stock,1.21,1.2400000095367432,1.2599999904632568,1.2100000381469727,1.2300000190734863,170711889.0,1310376,Finance
EBMT,Eagle Bancorp Montana Inc. Common Stock,21.28,21.420000076293945,21.719999313354492,21.079999923706055,21.25,169504372.0,19519,Finance
AOMR,Angel Oak Mortgage REIT Inc. Common Stock,7.27,7.360000133514404,7.400000095367432,7.195000171661377,7.320000171661377,168772156.0,179382,Finance
MPV,Barings Participation Investors Common Stock,15.51,15.5,15.979999542236328,15.5,15.979999542236328,164432367.0,30954,Finance
GRX,The Gabelli Healthcare & Wellness Trust Common Shares of Beneficial Interest,9.42,9.420000076293945,9.59000015258789,9.350000381469727,9.380000114440918,161015806.0,24227,Finance
GNT,GAMCO Natural Resources Gold & Income Trust,8.45,8.520000457763672,8.630000114440918,8.479999542236328,8.489999771118164,156117460.0,66055,Finance
FINW,FinWise Bancorp Common Stock,11.19,11.09000015258789,11.454999923706055,11.09000015258789,11.170000076293945,155347189.0,30222,Finance
PIM,Franklin Master Intermediate Income Trust Shares of Beneficial Interest,3.0,3.009999990463257,3.0299999713897705,2.950000047683716,2.990000009536743,150760182.0,66141,Finance
SRBK,SR Bancorp Inc. Common stock,18.75,18.780000686645508,18.860000610351562,17.676000595092773,18.5,148713675.0,22813,Finance
WHF,WhiteHorse Finance Inc. Common Stock,6.86,6.800000190734863,7.0,6.769999980926514,6.980000019073486,147328591.0,77434,Finance
PAAC,Proem Acquisition Corp I Ordinary Shares,10.05,10.050000190734863,10.050000190734863,10.020000457763672,10.020000457763672,145393350.0,136837,Finance
LSBK,Lake Shore Bancorp Inc. Common Stock,18.14,18.1299991607666,18.399999618530273,18.1299991607666,18.3799991607666,142467714.0,7343,Finance
BANX,ArrowMark Financial Corp. Common Stock,19.81,19.889999389648438,20.229999542236328,19.760000228881836,20.0,140703021.0,46713,Finance
OXSQ,Oxford Square Capital Corp. Common Stock,1.29,1.2899999618530273,1.2899999618530273,1.2699999809265137,1.2799999713897705,138943030.0,1250300,Finance
DOUG,Douglas Elliman Inc. Common Stock,1.52,1.5499999523162842,1.5800000429153442,1.5299999713897705,1.5499999523162842,138153519.0,560121,Finance
FGBI,First Guaranty Bancshares Inc. Common Stock,8.19,8.270000457763672,8.550000190734863,8.220000267028809,8.3100004196167,135455180.0,20740,Finance
HYNE,Hoyne Bancorp Inc. Common Stock,16.59,16.559999465942383,16.600000381469727,16.559999465942383,16.600000381469727,134328201.0,10147,Finance
GHI,Greystone Housing Impact Investors LP Beneficial Unit Certificates representing assignments of limited partnership interests,5.5,5.489999771118164,5.699999809265137,5.489999771118164,5.53000020980835,129593805.0,38771,Finance
USDEW,StablecoinX Inc. Warrants,4.7,4.679999828338623,4.820000171661377,4.0,4.0,127779506.0,170578,Finance
MGYR,Magyar Bancorp Inc. Common Stock,19.286,19.31999969482422,19.31999969482422,19.31999969482422,19.31999969482422,124498517.0,375,Finance
SAMG,Silvercrest Asset Management Group Inc. Class A Common Stock,10.49,10.520000457763672,10.699999809265137,10.300000190734863,10.539999961853027,124283076.0,101414,Finance
BOTJ,Bank of the James Financial Group Inc. Common Stock,27.2,27.350000381469727,28.139999389648438,27.0,27.299999237060547,123578794.0,48033,Finance
RVSB,Riverview Bancorp Inc Common Stock,6.03,6.090000152587891,6.090000152587891,5.960000038146973,5.989999771118164,121568496.0,169531,Finance
SUIG,Sui Group Holdings Limited Common Stock,1.58,1.6399999856948853,1.7899999618530273,1.600000023841858,1.6399999856948853,121348538.0,623952,Finance
JHS,John Hancock Income Securities Trust Common Stock,10.4,10.350000381469727,10.390000343322754,10.3100004196167,10.34000015258789,121124484.0,1691,Finance
WSBK,Winchester Bancorp Inc. Common Stock,12.95,12.960000038146973,12.979999542236328,12.895000457763672,12.90999984741211,120375119.0,2226,Finance
OPENW,Opendoor Technologies Inc  Series K Warrants each whole warrant exercisable to purchase one share of Common Stock at an exercise price of $9.00 per warrant,0.12,0.11999999731779099,0.1289999932050705,0.11999999731779099,0.11999999731779099,116530926.0,233155,Finance
BSBK,Bogota Financial Corp. Common Stock,9.06,9.119999885559082,9.119999885559082,9.0600004196167,9.09000015258789,115617496.0,8600,Finance
SFBC,Sound Financial Bancorp Inc. Common Stock,44.65,45.220001220703125,46.25,43.7599983215332,46.209999084472656,114663120.0,3817,Finance
FGCPP,FG Communities Holdings Inc. 8.00% Cumulative Preferred Stock,24.23,24.229999542236328,24.229999542236328,24.229999542236328,24.229999542236328,114065511.0,515,Finance
PROV,Provident Financial Holdings Inc. Common Stock,18.25,18.309999465942383,18.5,18.309999465942383,18.309999465942383,113769734.0,18488,Finance
UNB,Union Bankshares Inc. Common Stock,23.0,23.399999618530273,23.56999969482422,23.030000686645508,23.030000686645508,113754964.0,4823,Finance
PNBK,Patriot National Bancorp Inc. Common Stock,0.9357,0.9399999976158142,0.9900000095367432,0.9300000071525574,0.9300000071525574,111107077.0,72613,Finance
GGT,Gabelli Multi-Media Trust Inc. (The) Common Stock,3.99,4.0,4.019999980926514,3.9800000190734863,3.9800000190734863,109867646.0,231613,Finance
OPHC,OptimumBank Holdings Inc. Common Stock,8.69,8.729999542236328,9.09000015258789,8.729999542236328,9.039999961853027,109689264.0,46239,Finance
BEEP,Mobile Infrastructure Corporation Common Stock,2.615,2.609999895095825,2.609999895095825,2.5199999809265137,2.569999933242798,107999500.0,48180,Finance
JHI,John Hancock Investors Trust Common Stock,12.25,12.25,12.329999923706055,12.149999618530273,12.180000305175781,107120701.0,19737,Finance
BYFC,Broadway Financial Corporation Class A Common Stock,11.535,11.6899995803833,11.869999885559082,11.420000076293945,11.420000076293945,107028017.0,5759,Finance
GLU,Gabelli Global Utility Common Shares of Beneficial Ownership,17.59,17.780000686645508,17.850000381469727,17.43000030517578,17.450000762939453,104993144.0,14802,Finance
RDZN,Roadzen Inc. Ordinary Shares,1.225,1.3049999475479126,1.3049999475479126,1.2100000381469727,1.2200000286102295,104327202.0,292625,Finance
ILLU,Illumination Acquisition Corp I Class A Ordinary Shares,9.98,9.979999542236328,9.979999542236328,9.979999542236328,9.979999542236328,102442145.0,24387,Finance
UPXI,Upexi Inc. Common Stock,1.16,1.2000000476837158,1.25,1.1399999856948853,1.1699999570846558,102287010.0,2188063,Finance
SRG,Seritage Growth Properties Class A Common Stock,1.7,1.7100000381469727,1.8600000143051147,1.7100000381469727,1.809999942779541,95751832.0,254445,Finance
FNWB,First Northwest Bancorp Common Stock,10.0,10.0,10.100000381469727,9.949999809265137,9.949999809265137,95116150.0,60413,Finance
AUBN,Auburn National Bancorporation Inc. Common Stock,26.3,27.149999618530273,27.149999618530273,26.700000762939453,26.979999542236328,91636880.0,336,Finance
FUSB,First US Bancshares Inc. Common Stock,16.49,16.649999618530273,16.649999618530273,16.450000762939453,16.5,90772651.0,2940,Finance
FDSB,Fifth District Bancorp Inc. Common Stock,17.33,17.65999984741211,17.709999084472656,17.34000015258789,17.399999618530273,90733953.0,4935,Finance
SIEB,Siebert Financial Corp. Common Stock,2.18,2.180000066757202,2.25,2.140000104904175,2.200000047683716,89600040.0,8231,Finance
MGF,Aberdeen Government Markets Income Fund Common Shares of Beneficial Interest,2.71,2.7100000381469727,2.7300000190734863,2.700000047683716,2.7100000381469727,88338935.0,79432,Finance
PFX,PhenixFIN Corporation Common Stock,44.89,44.875,44.875,44.875,44.875,86694845.0,3963,Finance
EVF,Eaton Vance Senior Income Trust Common Stock,4.84,4.849999904632568,4.860000133514404,4.849999904632568,4.860000133514404,84888073.0,38010,Finance
BCIC,BCP Investment Corporation Common Stock,6.79,6.829999923706055,6.949999809265137,6.78000020980835,6.889999866485596,84084997.0,38458,Finance
CPBI,Central Plains Bancshares Inc. Common Stock,19.9899,20.0,20.075000762939453,20.0,20.075000762939453,83402580.0,6124,Finance
EIC,Eagle Point Income Company Common Shares of Beneficial Interest,9.23,9.260000228881836,9.29800033569336,9.15999984741211,9.210000038146973,82221837.0,423693,Finance
HNNA,Hennessy Advisors Inc. Common Stock,10.39,10.5,10.5,10.100000381469727,10.3100004196167,82126820.0,14945,Finance
UBCP,United Bancorp Inc. Common Stock,14.3,14.289999961853027,15.140000343322754,14.289999961853027,14.789999961853027,82017907.0,5251,Finance
PBHC,Pathfinder Bancorp Inc. Common Stock (MD),16.71,16.729999542236328,17.450000762939453,16.729999542236328,17.43000030517578,81851596.0,468,Finance
SSBI,Summit State Bank Common Stock,12.25,12.34000015258789,12.359999656677246,12.020000457763672,12.1899995803833,81745843.0,3068,Finance
USIO,Usio Inc. Common Stock,2.815,2.8299999237060547,2.940000057220459,2.7699999809265137,2.930000066757202,80214590.0,178385,Finance
AFCG,Advanced Flower Capital Inc. Common Stock,3.485,3.509999990463257,3.5299999713897705,3.434000015258789,3.5,79011638.0,75630,Finance
DTF,DTF Tax-Free Income 2028 Term Fund Inc. Common Stock,11.2,11.399999618530273,11.399999618530273,11.220000267028809,11.25,78731150.0,50473,Finance
AVAT,Avalanche Treasury Corporation Class A Common Stock,1.8,1.850000023841858,1.9800000190734863,1.809999942779541,1.8300000429153442,78696799.0,881195,Finance
GCV,Gabelli Convertible and Income Securities Fund Inc. (The) Common Stock,4.1,4.099999904632568,4.199999809265137,4.090000152587891,4.130000114440918,78064119.0,46665,Finance
OPENL,Opendoor Technologies Inc  Series A Warrants each whole warrant exercisable to purchase one share of Common Stock at an exercise price of $13.00 per warrant,0.08,0.08399999886751175,0.08699999749660492,0.07699999958276749,0.08100000023841858,77687284.0,356054,Finance
BTCS,BTCS Inc. Common Stock,1.48,1.5299999713897705,1.5800000429153442,1.4299999475479126,1.4299999475479126,77658473.0,1693919,Finance
SLQT,SelectQuote Inc. Common Stock,0.426,0.42899999022483826,0.4399999976158142,0.4099999964237213,0.41100001335144043,76365527.0,660884,Finance
OPENZ,Opendoor Technologies Inc  Series Z Warrants each whole warrant exercisable to purchase one share of Common Stock at an exercise price of $17.00 per warrant,0.0782,0.07599999755620956,0.08100000023841858,0.07599999755620956,0.07800000160932541,75939320.0,288259,Finance
ASRV,AmeriServ Financial Inc. Common Stock,4.45,4.409999847412109,4.650000095367432,4.349999904632568,4.650000095367432,75557738.0,9905,Finance
HFBL,Home Federal Bancorp Inc. of Louisiana Common Stock,24.77,25.0,25.389999389648438,25.0,25.389999389648438,75067813.0,118,Finance
GLV,Clough Global Dividend and Income Fund Common Shares of beneficial interest,5.8,5.820000171661377,5.840000152587891,5.760000228881836,5.789999961853027,73715581.0,40674,Finance
CEV,Eaton Vance California Municipal Income Trust Shares of Beneficial Interest,10.27,10.34000015258789,10.4399995803833,10.25,10.380000114440918,72234815.0,17143,Finance
STEX,Streamex Corp. Common Stock,0.6123,0.6200000047683716,0.6340000033378601,0.6000000238418579,0.6119999885559082,71311775.0,685645,Finance
GECC,Great Elm Capital Corp. Common Stock,5.08,5.099999904632568,5.300000190734863,4.989999771118164,5.019999980926514,70559930.0,42099,Finance
CLST,Catalyst Bancorp Inc. Common Stock,17.25,16.299999237060547,16.299999237060547,16.299999237060547,16.299999237060547,69582895.0,7790,Finance
AIFC,AI Financial Corporation Common Stock,0.4966,0.5199999809265137,0.5199999809265137,0.5,0.5,69442811.0,530707,Finance
CLSKW,CleanSpark Inc. Warrant,0.2455,0.7250000238418579,0.24500000476837158,0.23399999737739563,0.23999999463558197,63048591.0,114289,Finance
FRMM,Forum Markets Incorporated Common Stock,4.69,4.809999942779541,4.829999923706055,4.670000076293945,4.829999923706055,61903066.0,59156,Finance
VIP,Vulcan Infrastructure and Power Inc. Class A Common Stock,1.53,1.600000023841858,1.600000023841858,1.5099999904632568,1.5199999809265137,58570155.0,146760,Finance
DOMH,Dominari Holdings Inc. Common Stock,2.105,2.0999999046325684,2.2699999809265137,2.0199999809265137,2.240000009536743,51032875.0,205382,Finance
TCBS,Texas Community Bancshares Inc. Common Stock,17.06,17.059999465942383,17.1299991607666,17.059999465942383,17.1299991607666,49008723.0,1431,Finance
HIT,Health In Tech Inc. Class A Common Stock,0.738,0.7400000095367432,0.8700000047683716,0.7120000123977661,0.7829999923706055,48267155.0,688924,Finance
PFXNZ,PhenixFIN Corporation  5.25% Notes due 2028,24.04,24.100000381469727,24.100000381469727,23.950000762939453,23.950000762939453,48173011.0,461,Finance
OFS,OFS Capital Corporation Common Stock,3.57,3.609999895095825,3.690000057220459,3.4700000286102295,3.4800000190734863,47831138.0,27791,Finance
KFFB,Kentucky First Federal Bancorp Common Stock,5.9115,5.78000020980835,5.78000020980835,5.630000114440918,5.639999866485596,47804616.0,7023,Finance
MBBC,Marathon Bancorp Inc. Common Stock,14.795,15.1899995803833,15.1899995803833,14.9399995803833,15.029999732971191,44531515.0,932,Finance
INV,Innventure Inc. Common Stock,0.485,0.48500001430511475,0.5199999809265137,0.45399999618530273,0.5040000081062317,41037139.0,5725434,Finance
MLCI,Mount Logan Capital Inc. Common Stock,3.38,3.319999933242798,3.440000057220459,3.309999942779541,3.4000000953674316,37818036.0,5837,Finance
GROW,U.S. Global Investors Inc. Class A Common Stock,2.87,2.9000000953674316,2.950000047683716,2.8399999141693115,2.859999895095825,35295823.0,17553,Finance
SVIAW,Silvia Inc. Warrant,0.4,0.4350000023841858,0.4699999988079071,0.4000000059604645,0.4000000059604645,33724176.0,107,Finance
TAOX,Tao Synergies Inc. Common Stock,4.39,4.440000057220459,4.800000190734863,4.341000080108643,4.409999847412109,32851432.0,132601,Finance
FGC,FG Communities Holdings Inc. Common Stock ,6.625,6.809999942779541,7.188000202178955,6.710000038146973,6.940000057220459,31187949.0,28903,Finance
COHN,Cohen & Company Inc.,9.58,9.569999694824219,9.819999694824219,9.5,9.779999732971191,30933533.0,12368,Finance
RAND,Rand Capital Corporation Common Stock,9.875,10.180000305175781,10.1899995803833,10.180000305175781,10.1899995803833,29326913.0,1047,Finance
AEI,Alset Inc. Common Stock (TX),0.7521,0.7519999742507935,0.8040000200271606,0.7260000109672546,0.7419999837875366,29253554.0,49706,Finance
DFDVW,DeFi Development Corp. Warrant,0.88,0.8550000190734863,0.8799999952316284,0.800000011920929,0.800000011920929,28706295.0,13740,Finance
FLD,Fold Holdings Inc. Class A Common Stock,0.5172,0.5299999713897705,0.5600000023841858,0.5230000019073486,0.5410000085830688,28378355.0,63037,Finance
BLNE,Beeline Holdings Inc. Common Stock,0.8516,0.8999999761581421,0.8999999761581421,0.8629999756813049,0.8629999756813049,28041611.0,128369,Finance
AAME,Atlantic American Corporation Common Stock,1.3,1.2799999713897705,1.2899999618530273,1.2699999809265137,1.2699999809265137,26516396.0,11859,Finance
OCCI,OFS Credit Company Inc. Common Stock,2.25,2.259999990463257,2.2899999618530273,2.140000104904175,2.2300000190734863,26137148.0,174569,Finance
FFR,FF EAI Robotics Ecosystem Inc. Common Stock,1.22,1.2200000286102295,1.2899999618530273,1.1799999475479126,1.2300000190734863,25752838.0,1370978,Finance
PRHI,Presurance Holdings Inc. Common Stock,6.7,7.5,7.5,6.679999828338623,6.860000133514404,25098816.0,27050,Finance
MBNKO,Medallion Bank Fixed-Rate Reset Non-Cumulative Perpetual Preferred Stock Series G par value $1.00 per share,24.15,24.299999237060547,24.56999969482422,24.020000457763672,24.100000381469727,24150000.0,24140,Finance
BENF,Beneficient Class A Common Stock,1.51,1.5,1.5199999809265137,1.4149999618530273,1.4299999475479126,23338140.0,4343002,Finance
EHTH,eHealth Inc. Common Stock,0.6917,0.699999988079071,0.7099999785423279,0.6700000166893005,0.6700000166893005,22156987.0,278916,Finance
BCG,Binah Capital Group Inc. Common Stock,1.1186,1.090000033378601,1.090000033378601,1.0099999904632568,1.0099999904632568,19083463.0,44897,Finance
LHAI,Linkhome Holdings Inc. Common stock,1.0,1.0099999904632568,1.0800000429153442,1.0099999904632568,1.0399999618530273,16530000.0,75736,Finance
OPAD,Offerpad Solutions Inc. Class A Common Stock,3.31,3.2699999809265137,3.3550000190734863,3.200000047683716,3.255000114440918,15996399.0,21843,Finance
HODO,House of Doge Inc. Common Stock,0.1581,0.15000000596046448,0.16099999845027924,0.13699999451637268,0.14499999582767487,14095087.0,596561,Finance
DAVEW,Dave Inc. Warrants,1.05,1.4299999475479126,1.249899983406067,1.0800000429153442,1.1200000047683716,13393282.0,22863,Finance
MDBH,MDB Capital Holdings LLC Class A common,2.44,2.4100000858306885,2.440000057220459,2.390000104904175,2.4000000953674316,13270262.0,2082,Finance
FTHM,Fathom Holdings Inc. Common Stock,0.38,0.36800000071525574,0.36800000071525574,0.30000001192092896,0.33399999141693115,12998750.0,924199,Finance
NCPL,Netcapital Inc. Common Stock,1.55,1.5,1.5299999713897705,1.3600000143051147,1.399999976158142,12164243.0,5234733,Finance
ICMB,Investcorp Credit Management BDC Inc. Common Stock,0.83,0.8299999833106995,0.8450000286102295,0.7799999713897705,0.7900000214576721,11978952.0,7104,Finance
EQS,Equus Total Return Inc. Common Stock,0.835,0.7699999809265137,0.8899999856948853,0.7699999809265137,0.8799999952316284,11662191.0,3937,Finance
RDZNW,Roadzen Inc. Warrants,0.0953,0.10490000247955322,0.09700000286102295,0.06499999761581421,0.06499999761581421,8116231.0,112,Finance
AIRE,reAlpha Tech Corp. Common Stock,1.31,1.309999942779541,1.340000033378601,1.2999999523162842,1.3200000524520874,7868677.0,20762,Finance
FLDDW,Fold Holdings Inc. Warrant,0.1195,0.44510000944137573,0.10989999771118164,0.0949999988079071,0.0949999988079071,6556870.0,708,Finance
CWD,CaliberCos Inc. Class A Common Stock,0.5719,0.5899999737739563,0.6430000066757202,0.5649999976158142,0.5690000057220459,5938983.0,626032,Finance
ILLR,Triller Group Inc. Common Stock,0.2767,0.28299999237060547,0.28700000047683716,0.2280000001192093,0.24699999392032623,5920503.0,2842033,Finance
EZRA,Reliance Global Group Inc. Common Stock,2.35,2.3299999237060547,2.3299999237060547,2.200000047683716,2.200000047683716,3947850.0,2299547,Finance
SGRX,SANGRIX INC. Class A Ordinary Shares,1.39,1.7799999713897705,1.940000057220459,1.2300000190734863,1.2599999904632568,2645139.0,336399,Finance
PWCM,PowerCompute Inc. Common Stock,0.9593,0.9700000286102295,0.9800000190734863,0.8970000147819519,0.8970000147819519,2322918.0,494881,Finance
SHFS,SHF Holdings Inc. Class A Common Stock,1.3,1.2400000095367432,1.3799999952316284,1.1399999856948853,1.1799999475479126,1336070.0,846316,Finance
PGYWW,Pagaya Technologies Ltd. Warrants,0.0141,0.5,0.018400000408291817,0.014100000262260437,0.018400000408291817,1176304.0,23298,Finance
LRHC,La Rosa Holdings Corp. Common Stock,1.84,1.7799999713897705,1.909999966621399,1.5099999904632568,1.559999942779541,1048136.0,3326596,Finance
ILLRW,Triller Group Inc. Warrant,0.035,0.029999999329447746,0.039000000804662704,0.029999999329447746,0.039000000804662704,748889.0,284,Finance
NCPLW,Netcapital Inc. Warrants,0.0284,0.029500000178813934,0.03189999982714653,0.024800000712275505,0.0284000001847744,222880.0,21389,Finance
BENFW,Beneficient Warrant,0.0103,0.013000000268220901,0.009999999776482582,0.009600000455975533,0.009600000455975533,159194.0,338882,Finance
SHFSW,SHF Holdings Inc. Warrants,0.0102,0.044599998742341995,0.011900000274181366,0.011900000274181366,0.011900000274181366,10483.0,34819,Finance
AACI,Armada Acquisition Corp. III Class A Ordinary Share,10.06,10.09000015258789,10.09000015258789,10.0600004196167,10.0600004196167,0.0,76663,Finance
AACIU,Armada Acquisition Corp. III Units,10.32,10.319999694824219,10.319999694824219,10.319999694824219,10.319999694824219,0.0,1,Finance
AACIW,Armada Acquisition Corp. III Warrant,0.25,0.24969999492168427,0.25,0.2354000061750412,0.2354000061750412,0.0,43554,Finance
AACP,Apogee Acquisition Corp Class A Ordinary Shares,10.08,10.079999923706055,10.079999923706055,10.069999694824219,10.069999694824219,0.0,79195,Finance
AACPR,Apogee Acquisition Corp Rights,0.18,0.18000000715255737,0.18000000715255737,0.18000000715255737,0.18000000715255737,0.0,1345,Finance
AACPW,Apogee Acquisition Corp Warrant,0.0568,0.10000000149011612,0.10000000149011612,0.09000000357627869,0.09000000357627869,0.0,61611,Finance
ACAA,Averin Capital Acquisition Corp. Class A Ordinary Shares,10.05,10.050000190734863,10.050000190734863,10.050000190734863,10.050000190734863,0.0,182745,Finance
ACAAU,Averin Capital Acquisition Corp. Units,10.15,10.149999618530273,10.149999618530273,10.149999618530273,10.149999618530273,0.0,429,Finance
ACAAW,Averin Capital Acquisition Corp. Warrants,0.65,0.0,0.7749999761581421,0.6499999761581421,0.6499999761581421,0.0,317807,Finance
ACGC,ACP Holdings Acquisition Corp. Class A Ordinary Shares,10.05,10.050000190734863,10.069999694824219,10.050000190734863,10.050000190734863,0.0,116050,Finance
ACGCU,ACP Holdings Acquisition Corp. Units,10.25,10.899999618530273,10.899999618530273,10.899999618530273,10.899999618530273,0.0,1705,Finance
ACGCW,ACP Holdings Acquisition Corp. Warrants,0.45,0.44999998807907104,0.44999998807907104,0.44999998807907104,0.44999998807907104,0.0,6656,Finance
ACP,abrdn Income Credit Strategies Fund Common Shares,4.42,4.440000057220459,4.480000019073486,4.440000057220459,4.460000038146973,0.0,1291132,Finance
ADACU,American Drive Acquisition Company Units,10.52,10.520000457763672,10.520000457763672,10.520000457763672,10.520000457763672,0.0,16,Finance
ADX,Adams Diversified Equity Fund Inc.,25.69,25.950000762939453,26.0,25.6200008392334,25.790000915527344,0.0,224616,Finance
AESP,Aeon Acquisition I Corp. Class A Ordinary Shares,9.9898,9.989999771118164,9.989999771118164,9.989999771118164,9.989999771118164,0.0,10,Finance
AFB,AllianceBernstein National Municipal Income Fund Inc,9.51,9.65999984741211,9.699999809265137,9.59000015258789,9.59000015258789,0.0,187454,Finance
AGD,abrdn Global Dynamic Dividend Fund Common Shares of Beneficial Interest,11.49,11.579999923706055,11.640000343322754,11.3100004196167,11.350000381469727,0.0,88330,Finance
ALFUW,Centurion Acquisition Corp. Warrant,0.2756,0.3700000047683716,0.27559998631477356,0.1899999976158142,0.1899999976158142,0.0,11100,Finance
ALPX,Alpex Acquisition Corporation Class A Ordinary Shares,9.96,9.960000038146973,9.960000038146973,9.960000038146973,9.960000038146973,0.0,272011,Finance
ALPXU,Alpex Acquisition Corporation Unit,10.23,10.229999542236328,10.229999542236328,10.229999542236328,10.229999542236328,0.0,4,Finance
AMAN,Amanat Acquisition Corp Class A Ordinary Shares,10.64,10.5,10.649999618530273,10.399999618530273,10.5,0.0,765,Finance
AOD,abrdn Total Dynamic Dividend Fund Common Shares of Beneficial Interest,10.06,10.210000038146973,10.25,10.140000343322754,10.199999809265137,0.0,462080,Finance
AOMD,Angel Oak Mortgage REIT Inc. 9.750% Senior Notes due 2030,24.92,25.040000915527344,25.040000915527344,24.899999618530273,24.950000762939453,0.0,719,Finance
AOMN,Angel Oak Mortgage REIT Inc. 9.500% Senior Notes due 2029,25.1401,25.200000762939453,25.399999618530273,25.100000381469727,25.277999877929688,0.0,15505,Finance
APAC,StoneBridge Acquisition II Corporation Class A Ordinary Shares,10.27,10.270000457763672,10.270000457763672,10.270000457763672,10.270000457763672,0.0,392029,Finance
APACU,StoneBridge Acquisition II Corporation Units,10.45,10.449999809265137,10.449999809265137,10.449999809265137,10.449999809265137,0.0,3,Finance
APMC,AmperCap Acquisition Company Ordinary Shares,9.96,9.970000267028809,9.970000267028809,9.970000267028809,9.970000267028809,0.0,36535,Finance
APMCR,AmperCap Acquisition Company Right,0.0901,0.09000000357627869,0.09000000357627869,0.09000000357627869,0.09000000357627869,0.0,36747,Finance
APUR,Aperture AC Class A Ordinary Shares,10.04,10.039999961853027,10.039999961853027,10.039999961853027,10.039999961853027,0.0,907,Finance
APURR,Aperture AC Rights,0.3,0.30000001192092896,0.3000999987125397,0.3000999987125397,0.3000999987125397,0.0,104380,Finance
APXT,Apex Treasury Corporation Class A Ordinary Share,10.15,10.140000343322754,10.149999618530273,10.140000343322754,10.149999618530273,0.0,132264,Finance
APXTW,Apex Treasury Corporation Warrants,0.2801,0.27000001072883606,0.3190000057220459,0.27000001072883606,0.28949999809265137,0.0,25033,Finance
ARCL,ARC Group Acquisition I Corp Class A Ordinary Shares,10.0,10.0,10.0,10.0,10.0,0.0,918,Finance
ARCLR,ARC Group Acquisition I Corp Right,0.1401,0.14000000059604645,0.14000000059604645,0.14000000059604645,0.14000000059604645,0.0,9,Finance
ARCLU,ARC Group Acquisition I Corp Unit,10.2,10.25,10.25,10.25,10.25,0.0,1640,Finance
ARCLW,ARC Group Acquisition I Corp Warrants,0.0616,0.09009999781847,0.06340000033378601,0.06340000033378601,0.06340000033378601,0.0,4273,Finance
ARTC,Art Technology Acquisition Corp. Class A Ordinary Shares,10.02,10.020000457763672,10.020000457763672,10.020000457763672,10.020000457763672,0.0,25048,Finance
ASG,Liberty All-Star Growth Fund Inc.,5.05,5.079999923706055,5.130000114440918,5.079999923706055,5.079999923706055,0.0,228611,Finance
ASGI,abrdn Global Infrastructure Income Fund Common Shares of Beneficial Interest,19.02,19.149999618530273,19.15999984741211,19.0,19.079999923706055,0.0,298202,Finance
ATIIW,Archimedes Tech SPAC Partners II Co. Warrant,1.15,0.5299999713897705,1.2999999523162842,1.059999942779541,1.1399999856948853,0.0,15986,Finance
ATLQ,JAB Acquisition Corp I Class A Ordinary Shares,9.985,9.979999542236328,9.979999542236328,9.970000267028809,9.970000267028809,0.0,19981,Finance
ATLQU,JAB Acquisition Corp I Unit,10.12,10.119999885559082,10.119999885559082,10.119999885559082,10.119999885559082,0.0,9,Finance
AVK,Advent Convertible and Income Fund,11.33,11.460000038146973,11.569999694824219,11.399999618530273,11.569999694824219,0.0,118056,Finance
AWF,Alliancebernstein Global High Income Fund,9.62,9.640000343322754,9.699999809265137,9.630000114440918,9.630000114440918,0.0,369578,Finance
AWP,abrdn Global Premier Properties Fund Common Shares of Beneficial Interest,10.19,10.220000267028809,10.279999732971191,10.15999984741211,10.180000305175781,0.0,222443,Finance
BACC,Blue Acquisition Corp. Class A Ordinary Shares,10.5,10.489999771118164,10.489999771118164,10.489999771118164,10.489999771118164,0.0,280,Finance
BACCR,Blue Acquisition Corp. Right ,0.41,0.49000000953674316,0.4699999988079071,0.4699999988079071,0.4699999988079071,0.0,9250,Finance
BBN,BlackRock Taxable Municipal Bond Trust Common Shares of Beneficial Interest,14.41,14.449999809265137,14.600000381469727,14.390000343322754,14.420000076293945,0.0,362160,Finance
BCCQ,Bleichroeder Acquisition Corp. III Class A Ordinary Shares,9.94,9.930000305175781,9.960000038146973,9.930000305175781,9.9399995803833,0.0,103628,Finance
BCCQU,Bleichroeder Acquisition Corp. III Units,10.25,10.199999809265137,10.210000038146973,10.199999809265137,10.199999809265137,0.0,1314,Finance
BCCQW,Bleichroeder Acquisition Corp. III Warrant,0.865,0.8999999761581421,0.8999999761581421,0.8500000238418579,0.8500000238418579,0.0,44217,Finance
BCV,Bancroft Fund Ltd.,22.78,22.829999923706055,23.290000915527344,22.760000228881836,23.040000915527344,0.0,14004,Finance
BDCI,BTC Development Corp. Class A Ordinary Shares,10.15,10.145000457763672,10.145000457763672,10.145000457763672,10.145000457763672,0.0,29883,Finance
BDCIU,BTC Development Corp. Unit,10.29,10.289999961853027,10.289999961853027,10.289999961853027,10.289999961853027,0.0,315,Finance
BEAG,Bold Eagle Acquisition Corp. Class A Ordinary Shares,10.68,10.680000305175781,10.699999809265137,10.680000305175781,10.699999809265137,0.0,648508,Finance
BEAGR,Bold Eagle Acquisition Corp. Right,0.231,0.23999999463558197,0.23999999463558197,0.23170000314712524,0.23170000314712524,0.0,704535,Finance
BGB,Blackstone Strategic Credit 2027 Term Fund Common Shares of Beneficial Interest,11.1,11.149999618530273,11.210000038146973,11.119999885559082,11.130000114440918,0.0,152186,Finance
BGH,Barings Global Short Duration High Yield Fund Common Shares of Beneficial Interests,13.07,13.069999694824219,13.3100004196167,13.010000228881836,13.130000114440918,0.0,130241,Finance
BGT,BlackRock Floating Rate Income Trust,10.45,10.460000038146973,10.5,10.380000114440918,10.4399995803833,0.0,134116,Finance
BGY,Blackrock Enhanced International Dividend Trust,5.59,5.619999885559082,5.650000095367432,5.610000133514404,5.619999885559082,0.0,510405,Finance
BHAV,BHAV Acquisition Corp Class A Ordinary Shares,10.02,10.020000457763672,10.050000190734863,10.020000457763672,10.039999961853027,0.0,247323,Finance
BHK,Blackrock Core Bond Trust,8.21,8.289999961853027,8.34000015258789,8.170000076293945,8.170000076293945,0.0,481870,Finance
BHV,BlackRock Virginia Municipal Bond Trust,11.21,11.25,11.579999923706055,11.25,11.579999923706055,0.0,2989,Finance
BID,Tribeca Strategic Acquisition Corp. Class A Ordinary Shares,9.91,9.920000076293945,9.920000076293945,9.899999618530273,9.899999618530273,0.0,48706,Finance
BIDWR,Tribeca Strategic Acquisition Corp. Rights,0.115,,,,,0.0,48790,Finance
BIT,BlackRock Multi-Sector Income Trust Common Shares of Beneficial Interest,11.27,11.350000381469727,11.399999618530273,11.3100004196167,11.319999694824219,0.0,476765,Finance
BLZR,Trailblazer Acquisition Corp. Class A Ordinary Shares,10.24,10.25,10.25,10.25,10.25,0.0,97943,Finance
BLZRW,Trailblazer Acquisition Corp. Warrant,0.3799,0.3799000084400177,0.3799000084400177,0.3799000084400177,0.3799000084400177,0.0,32664,Finance
BOE,Blackrock Enhanced Global Dividend Trust Common Shares of Beneficial Interest,11.66,11.699999809265137,11.819999694824219,11.670000076293945,11.6899995803833,0.0,148360,Finance
BREZ,Breeze Acquisition Corp. II Ordinary Shares,10.02,10.050000190734863,10.0600004196167,10.050000190734863,10.0600004196167,0.0,9,Finance
BREZR,Breeze Acquisition Corp. II Right,0.29,0.2800000011920929,0.28999999165534973,0.2800000011920929,0.2800000011920929,0.0,13553,Finance
BRKH,Burtech Acquisition Corp II Class A Ordinary Shares,10.011,10.029999732971191,10.029999732971191,10.010000228881836,10.010000228881836,0.0,1004,Finance
BRKHW,Burtech Acquisition Corp II Warrants,0.14,,,,,0.0,4,Finance
BRTM,B&R Technology Merger Corp. Class A Ordinary Shares,9.8,9.800000190734863,9.800000190734863,9.800000190734863,9.800000190734863,0.0,197931,Finance
BRTMW,B&R Technology Merger Corp. Warrants,0.3121,0.3400000035762787,0.3400000035762787,0.3100000023841858,0.3100000023841858,0.0,65272,Finance
BRW,Saba Capital Income & Opportunities Fund SBI,6.08,6.099999904632568,6.119999885559082,6.059999942779541,6.070000171661377,0.0,443439,Finance
BSL,Blackstone Senior Floating Rate 2027 Term Fund Common Shares of Beneficial Interest,12.92,12.930000305175781,13.010000228881836,12.930000305175781,12.979999542236328,0.0,25894,Finance
BTO,John Hancock Financial Opportunities Fund Common Stock,35.81,36.029998779296875,36.79999923706055,35.90999984741211,36.0099983215332,0.0,67186,Finance
BTT,BlackRock Municipal 2030 Target Term Trust,21.96,21.969999313354492,22.020000457763672,21.899999618530273,21.940000534057617,0.0,201079,Finance
BUI,BlackRock Utility Infrastructure & Power Opportunities Trust,24.43,24.510000228881836,25.190000534057617,24.510000228881836,24.8700008392334,0.0,182444,Finance
BWG,BrandywineGLOBAL Global Income Opportunities Fund Inc.,6.93,6.920000076293945,7.0,6.860000133514404,6.889999866485596,0.0,166763,Finance
CAES,Cantor Equity Partners VII Inc. Class A Ordinary Shares,10.05,10.050000190734863,10.050000190734863,10.050000190734863,10.050000190734863,0.0,23215,Finance
CAF,Morgan Stanley China A Share Fund Inc. Common Stock,17.592,17.6200008392334,17.8700008392334,17.5,17.690000534057617,0.0,6584,Finance
CAII,Collective Acquisition Corp. II Class A Ordinary Shares,10.01,10.010000228881836,10.010000228881836,10.010000228881836,10.010000228881836,0.0,152415,Finance
CAIIW,Collective Acquisition Corp. II Warrants,0.16,0.17000000178813934,0.17000000178813934,0.1599999964237213,0.1599999964237213,0.0,72754,Finance
CATL, Catalyst Acquisition Corp. Class A Ordinary Share,9.78,9.819999694824219,9.819999694824219,9.800000190734863,9.800000190734863,0.0,61612,Finance
CATLR,Catalyst Acquisition Corp. Rights,0.1961,0.20000000298023224,0.20000000298023224,0.20000000298023224,0.20000000298023224,0.0,59244,Finance
CATLU,Catalyst Acquisition Corp. Units,9.96,9.970000267028809,9.970000267028809,9.960000038146973,9.960000038146973,0.0,410,Finance
CCAQ,Collective Acquisition Corp. Class A Ordinary Shares,10.69,10.6899995803833,10.6899995803833,10.6899995803833,10.6899995803833,0.0,30448,Finance
CCAQU,Collective Acquisition Corp. Units,10.68,10.680000305175781,10.680000305175781,10.680000305175781,10.680000305175781,0.0,1,Finance
CCAQW,Collective Acquisition Corp. Warrants,0.155,0.15039999783039093,0.1500999927520752,0.1500999927520752,0.1500999927520752,0.0,12638,Finance
CCD,Calamos Dynamic Convertible & Income Fund Common Stock,22.48,22.700000762939453,22.959999084472656,22.559999465942383,22.81999969482422,0.0,83057,Finance
CCXI,Churchill Capital Corp XI Class A Ordinary Shares,11.62,11.800000190734863,12.149999618530273,11.710000038146973,11.989999771118164,0.0,1784695,Finance
CCXIU,Churchill Capital Corp XI Units,12.5,12.5,12.5,12.5,12.5,0.0,195,Finance
CEE,The Central and Eastern Europe Fund Inc. (The) Common Stock,18.13,18.270000457763672,18.290000915527344,18.010000228881836,18.1200008392334,0.0,11128,Finance
CEPF,Cantor Equity Partners IV Inc. Class A Ordinary Shares,10.27,10.270000457763672,10.270000457763672,10.270000457763672,10.270000457763672,0.0,62042,Finance
CEPO,Cantor Equity Partners I Inc. Class A Ordinary Shares,10.76,10.760000228881836,10.765000343322754,10.75,10.75,0.0,607265,Finance
CEPS,Cantor Equity Partners VI Inc. Class A Ordinary Shares,10.28,10.279999732971191,10.279999732971191,10.279999732971191,10.279999732971191,0.0,632,Finance
CGCF,Cartesian Growth Corporation IV Class A Ordinary Shares,9.815,9.819999694824219,9.819999694824219,9.819999694824219,9.819999694824219,0.0,50044,Finance
CGCFU,Cartesian Growth Corporation IV Unit,9.9067,9.90999984741211,9.90999984741211,9.90999984741211,9.90999984741211,0.0,43,Finance
CGO,Calamos Global Total Return Fund Common Stock,12.64,12.789999961853027,13.100000381469727,12.489999771118164,12.6899995803833,0.0,50027,Finance
CHI,Calamos Convertible Opportunities and Income Fund Common Stock,11.37,11.5,11.609999656677246,11.369999885559082,11.569999694824219,0.0,191439,Finance
CHW,Calamos Global Dynamic Income Fund Common Stock,7.98,8.0,8.119999885559082,7.980000019073486,8.0,0.0,260975,Finance
CHY,Calamos Convertible and High Income Fund Common Stock,11.61,11.6899995803833,11.779999732971191,11.609999656677246,11.720000267028809,0.0,214293,Finance
CICB,CION Investment Corporation 7.50% Notes due 2029,24.45,24.461999893188477,24.655000686645508,24.459999084472656,24.479999542236328,0.0,12888,Finance
CICC,CION Investment Corporation 7.50% Notes due 2031,24.25,24.360000610351562,24.6200008392334,24.299999237060547,24.6200008392334,0.0,2727,Finance
CIK,UBS Asset Management Income Fund Inc. Common Stock,2.32,2.3299999237060547,2.3399999141693115,2.319999933242798,2.319999933242798,0.0,616437,Finance
CLM,Cornerstone Strategic Investment Fund Inc. Common Shares,6.32,6.340000152587891,6.389999866485596,6.309999942779541,6.380000114440918,0.0,2293109,Finance
CRAN,Crane Harbor Acquisition Corp. II Class A Ordinary Shares,10.1,10.100000381469727,10.100000381469727,10.100000381469727,10.100000381469727,0.0,123977,Finance
CRANR,Crane Harbor Acquisition Corp. II Rights,0.1002,0.17000000178813934,0.17000000178813934,0.17000000178813934,0.17000000178813934,0.0,100,Finance
CRAQ,Cal Redwood Acquisition Corp. Class A Ordinary Shares,10.41,10.40999984741211,10.40999984741211,10.40999984741211,10.40999984741211,0.0,58511,Finance
CRBD,Corebridge Financial Inc. 6.375% Junior Subordinated Notes due 2064,20.71,20.770000457763672,21.360000610351562,20.549999237060547,20.81999969482422,0.0,141900,Finance
CRF,Cornerstone Total Return Fund Inc. (The) Common Stock,6.06,6.119999885559082,6.130000114440918,6.070000171661377,6.119999885559082,0.0,1595585,Finance
CTAA,ClearThink 1 Acquisition Corp. Class A Ordinary Shares,9.95,9.949999809265137,9.949999809265137,9.949999809265137,9.949999809265137,0.0,16,Finance
CTAAU,ClearThink 1 Acquisition Corp. Units,10.07,10.069999694824219,10.069999694824219,10.069999694824219,10.069999694824219,0.0,6,Finance
CUBWU,Lionheart Holdings Unit,11.02,11.020000457763672,11.020000457763672,11.020000457763672,11.020000457763672,0.0,3,Finance
CXII,Churchill Capital Corp XII Class A Ordinary Shares,10.8,10.800000190734863,10.800000190734863,10.75,10.800000190734863,0.0,77417,Finance
CXIIU,Churchill Capital Corp XII Units,11.17,10.84000015258789,11.149999618530273,10.800000190734863,11.109999656677246,0.0,23,Finance
CXIIW,Churchill Capital Corp XII Warrants,1.81,1.840000033378601,2.055000066757202,1.7101000547409058,2.0000998973846436,0.0,768,Finance
DAAQ,Digital Asset Acquisition Corp. Class A Ordinary shares,10.47,10.460000038146973,10.470000267028809,10.460000038146973,10.470000267028809,0.0,1963,Finance
DAAQU,Digital Asset Acquisition Corp. Units,10.9,10.510000228881836,10.510000228881836,10.510000228881836,10.510000228881836,0.0,293,Finance
DBCA,D. Boral Acquisition I Corp. Class A Ordinary Shares,10.01,10.010000228881836,10.020000457763672,10.010000228881836,10.020000457763672,0.0,177011,Finance
DBCAW,D. Boral Acquisition I Corp. Warrants,0.35,0.3499999940395355,0.3499999940395355,0.3499999940395355,0.3499999940395355,0.0,19732,Finance
DHF,BNY Mellon High Yield Strategies Fund Common Stock,2.22,2.2200000286102295,2.240000009536743,2.2100000381469727,2.2300000190734863,0.0,322171,Finance
DHY,UBS Asset Management High Yield Credit Fund Common Stock,16.05,16.010000228881836,16.149999618530273,16.010000228881836,16.06999969482422,0.0,94350,Finance
DMAAR,Drugs Made In America Acquisition Corp. Rights,0.1264,0.1274999976158142,0.1274999976158142,0.1274999976158142,0.1274999976158142,0.0,2156,Finance
DMII,Drugs Made In America Acquisition II Corp. Ordinary Shares,10.19,10.1899995803833,10.194999694824219,10.1899995803833,10.1899995803833,0.0,132513,Finance
DMIIR,Drugs Made In America Acquisition II Corp. Right,0.0642,0.05999999865889549,0.05999999865889549,0.05990000069141388,0.05990000069141388,0.0,122306,Finance
DMO,Western Asset Mortgage Opportunity Fund Inc. Common Stock,9.43,9.4399995803833,9.5600004196167,9.4399995803833,9.529999732971191,0.0,138529,Finance
DNMX,Dynamix Corporation III Class A Ordinary Shares,10.08,10.074999809265137,10.079999923706055,10.074999809265137,10.079999923706055,0.0,919,Finance
DNMXU,Dynamix Corporation III Unit,10.1301,10.15999984741211,10.175000190734863,10.149999618530273,10.149999618530273,0.0,24557,Finance
DNP,DNP Select Income Fund Inc. Common Stock,9.3,9.390000343322754,9.720000267028809,9.369999885559082,9.569999694824219,0.0,2296283,Finance
DPG,Duff & Phelps Utility and Infrastructure Fund Inc.,12.68,12.819999694824219,12.90999984741211,12.699999809265137,12.829999923706055,0.0,136860,Finance
DSM,BNY Mellon Strategic Municipal Bond Fund Inc. Common Stock,5.19,5.21999979019165,5.289999961853027,5.179999828338623,5.179999828338623,0.0,714875,Finance
DSU,Blackrock Debt Strategies Fund Inc. Common Stock,8.92,8.9399995803833,8.960000038146973,8.930000305175781,8.930000305175781,0.0,569585,Finance
DTSQR,DT Cloud Star Acquisition Corporation Right,0.12,0.11999999731779099,0.15000000596046448,0.15000000596046448,0.15000000596046448,0.0,101,Finance
DYOR,Insight Digital Partners II Class A Ordinary Shares,10.15,10.149999618530273,10.149999618530273,10.149999618530273,10.149999618530273,0.0,2550,Finance
DYORW,Insight Digital Partners II Warrants,0.2106,0.20999999344348907,0.21060000360012054,0.21060000360012054,0.21060000360012054,0.0,41,Finance
EAD,Allspring Income Opportunities Fund Common Shares,6.01,6.039999961853027,6.090000152587891,6.03000020980835,6.03000020980835,0.0,282056,Finance
ECF,Ellsworth Growth and Income Fund Ltd.,11.74,11.829999923706055,11.869999885559082,11.75,11.850000381469727,0.0,81446,Finance
EDD,Morgan Stanley Emerging Markets Domestic Debt Fund Inc. Common Stock,5.24,5.300000190734863,5.340000152587891,5.239999771118164,5.340000152587891,0.0,354239,Finance
EDF,Virtus Stone Harbor Emerging Markets Income Fund Common Shares of Beneficial Interest,4.85,4.860000133514404,4.96999979019165,4.860000133514404,4.940000057220459,0.0,260335,Finance
EEA,The European Equity Fund Inc. Common Stock,10.3,10.399999618530273,10.520000457763672,10.3100004196167,10.359999656677246,0.0,28557,Finance
EFR,Eaton Vance Senior Floating-Rate Fund Common Shares of Beneficial Interest,10.44,10.430000305175781,10.449999809265137,10.319999694824219,10.359999656677246,0.0,91573,Finance
EGHA,EGH Acquisition Corp. Class A Ordinary Shares,10.42,10.420000076293945,10.430000305175781,10.40999984741211,10.430000305175781,0.0,121752,Finance
EGHAR,EGH Acquisition Corp. Rights,0.3129,0.25999999046325684,0.25,0.25,0.25,0.0,1762,Finance
EGHAU,EGH Acquisition Corp. Unit,10.66,10.65999984741211,10.65999984741211,10.65999984741211,10.65999984741211,0.0,1,Finance
EHI,Western Asset Global High Income Fund Inc Common Stock,5.43,5.5,5.5,5.420000076293945,5.449999809265137,0.0,150256,Finance
EIM,Eaton Vance Municipal Bond Fund Common Shares of Beneficial Interest $.01 par value,9.0,9.050000190734863,9.09000015258789,8.9399995803833,9.039999961853027,0.0,217615,Finance
EMD,Western Asset Emerging Markets Debt Fund Inc Common Stock,9.32,9.369999885559082,9.460000038146973,9.279999732971191,9.279999732971191,0.0,312059,Finance
EMF,Templeton Emerging Markets Fund Common Stock,22.2,22.56999969482422,22.739999771118164,22.3799991607666,22.469999313354492,0.0,25325,Finance
EMO,ClearBridge Energy Midstream Opportunity Fund Inc. Common Stock,49.94,49.54999923706055,50.310001373291016,49.54999923706055,50.310001373291016,0.0,52535,Finance
EOD,Allspring Global Dividend Opportunity Fund Common Shares of Beneficial Interest,6.34,6.340000152587891,6.369999885559082,6.300000190734863,6.320000171661377,0.0,284024,Finance
EOI,Eaton Vance Enhance Equity Income Fund Eaton Vance Enhanced Equity Income Fund Shares of Beneficial Interest,19.77,19.8799991607666,20.030000686645508,19.809999465942383,19.850000381469727,0.0,71688,Finance
ERC,Allspring Multi-Sector Income Fund Common Stock,8.5,8.420000076293945,8.579999923706055,8.420000076293945,8.479999542236328,0.0,132537,Finance
ETG,Eaton Vance Tax-Advantaged Global Dividend Income Fund Common Shares of Beneficial Interest,22.81,23.049999237060547,23.229999542236328,22.920000076293945,23.049999237060547,0.0,59319,Finance
ETJ,Eaton Vance Risk-Managed Diversified Equity Income Fund Common Shares of Beneficial Interest,8.13,8.140000343322754,8.1899995803833,8.119999885559082,8.130000114440918,0.0,221393,Finance
ETY,Eaton Vance Tax-Managed Diversified Equity Income Fund Common Shares of Beneficial Interest,14.06,14.149999618530273,14.260000228881836,14.149999618530273,14.180000305175781,0.0,494117,Finance
EVG,Eaton Vance Short Diversified Income Fund Eaton Vance Short Duration Diversified Income Fund Common Shares of Beneficial Interest,9.93,9.930000305175781,10.140000343322754,9.869999885559082,10.039999961853027,0.0,27787,Finance
EVOX,Evolution Global Acquisition Corp Class A Ordinary Shares,10.13,10.130000114440918,10.130000114440918,10.130000114440918,10.130000114440918,0.0,166006,Finance
EVOXW,Evolution Global Acquisition Corp Warrants,0.31,0.3100000023841858,0.3100000023841858,0.3100000023841858,0.3100000023841858,0.0,18714,Finance
EVT,Eaton Vance Tax Advantaged Dividend Income Fund Common Shares of Beneficial Interest,27.83,27.950000762939453,28.100000381469727,27.6200008392334,27.780000686645508,0.0,81752,Finance
EVV,Eaton Vance Limited Duration Income Fund Common Shares of Beneficial Interest,8.47,8.460000038146973,8.520000457763672,8.430000305175781,8.430000305175781,0.0,1211492,Finance
EWAV,East West Ave Acquisition Corp. Common Stock,9.91,9.90999984741211,9.9399995803833,9.90999984741211,9.9399995803833,0.0,18,Finance
EWAVR,East West Ave Acquisition Corp. Rights,0.135,0.1347000002861023,0.1347000002861023,0.1347000002861023,0.1347000002861023,0.0,400,Finance
EWAVU,East West Ave Acquisition Corp. Units,10.05,10.050000190734863,10.050000190734863,10.050000190734863,10.050000190734863,0.0,8024,Finance
EXG,Eaton Vance Tax-Managed Global Diversified Equity Income Fund Common Shares of Beneficial Interest,9.35,9.399999618530273,9.4399995803833,9.359999656677246,9.420000076293945,0.0,543227,Finance
FAX,abrdn Asia-Pacific Income Fund Inc. Common Stock,12.84,12.9399995803833,12.949999809265137,12.779999732971191,12.899999618530273,0.0,408584,Finance
FDMM,Freedom Metals Acquisition Corp. Class A Ordinary Shares,9.82,9.819999694824219,9.819999694824219,9.819999694824219,9.819999694824219,0.0,58794,Finance
FDMMW,Freedom Metals Acquisition Corp. Warrants,0.31,0.2800000011920929,0.2800000011920929,0.2800000011920929,0.2800000011920929,0.0,19582,Finance
FFA,First Trust Enhanced Equity Income Fund Common Shares of Beneficial Interest,22.2,22.209999084472656,22.3700008392334,22.040000915527344,22.209999084472656,0.0,34967,Finance
FFC,Flaherty & Crumrine Preferred and Income Securities Fund Incorporated,14.97,15.100000381469727,15.119999885559082,14.90999984741211,14.9399995803833,0.0,195698,Finance
FGII,FG Imperii Acquisition Corp. Class A Ordinary Shares,10.02,10.020000457763672,10.020000457763672,10.010000228881836,10.020000457763672,0.0,80,Finance
FGSN,F&G Annuities & Life Inc. 7.300% Junior Subordinated Notes due 2065,19.32,19.360000610351562,19.75,19.149999618530273,19.290000915527344,0.0,63739,Finance
FIGX,FIGX Capital Acquisition Corp. Class A Ordinary Share,10.32,10.319999694824219,10.319999694824219,10.319999694824219,10.319999694824219,0.0,24389,Finance
FIGXU,FIGX Capital Acquisition Corp. Units,10.3601,10.359999656677246,10.359999656677246,10.359999656677246,10.359999656677246,0.0,300,Finance
FLC,Flaherty & Crumrine Total Return Fund Inc Common Stock,15.63,15.680000305175781,15.8100004196167,15.640000343322754,15.699999809265137,0.0,61602,Finance
FMAC,Future Money Acquisition Corporation Ordinary Shares,10.06,10.069999694824219,10.100000381469727,10.069999694824219,10.100000381469727,0.0,18,Finance
FMACU,Future Money Acquisition Corporation Units,10.16,10.15999984741211,10.15999984741211,10.15999984741211,10.15999984741211,0.0,2215,Finance
FMY,First Trust Mortgage Income Fund Common Shares of Beneficial Interest,11.08,11.069999694824219,11.069999694824219,11.069999694824219,11.069999694824219,0.0,2566,Finance
FPF,First Trust Intermediate Duration Preferred & Income Fund Common Shares of Beneficial Interest,15.72,15.770000457763672,15.949999809265137,15.770000457763672,15.859999656677246,0.0,286803,Finance
FSSL,FS Specialty Lending Fund Common Shares of Beneficial Interest,11.84,11.800000190734863,11.871999740600586,11.654000282287598,11.859999656677246,0.0,281534,Finance
FWAC,Futurewave Acquisition Corporation Ordinary Shares,9.95,9.949999809265137,9.949999809265137,9.949999809265137,9.949999809265137,0.0,75656,Finance
FWACR,Futurewave Acquisition Corporation Rights,0.12,0.13009999692440033,0.16990000009536743,0.13009999692440033,0.15000000596046448,0.0,56410,Finance
FXAC,FortuneX Acquisition Corporation Ordinary shares,10.08,10.079999923706055,10.079999923706055,10.079999923706055,10.079999923706055,0.0,86,Finance
FXACU,FortuneX Acquisition Corporation Units,10.35,10.260000228881836,10.369999885559082,10.260000228881836,10.369999885559082,0.0,3,Finance
GAING,Gladstone Investment Corporation 7.125% Notes due 2031,25.1899,25.200000762939453,25.350000381469727,25.200000762939453,25.299999237060547,0.0,5234,Finance
GAINI,Gladstone Investment Corporation 7.875% Notes due 2030,25.425,25.40999984741211,25.5,25.360000610351562,25.469999313354492,0.0,11969,Finance
GDL,GDL Fund The Common Shares of Beneficial Interest,8.35,8.319999694824219,8.350000381469727,8.300000190734863,8.329999923706055,0.0,2889,Finance
GDO,Western Asset Global Corporate Opportunity Fund Inc. Common Stock,9.66,9.680000305175781,9.75,9.680000305175781,9.75,0.0,50166,Finance
GECCG,Great Elm Capital Corp. 7.75% Notes Due 2030,24.63,24.6299991607666,24.6299991607666,24.6299991607666,24.6299991607666,0.0,542,Finance
GECCI,Great Elm Capital Corp. 8.50% NOTES DUE 2029,25.05,25.024999618530273,25.024999618530273,25.0,25.024999618530273,0.0,2395,Finance
GF,New Germany Fund Inc. (The) Common Stock,10.68,10.699999809265137,10.789999961853027,10.550000190734863,10.550000190734863,0.0,21829,Finance
GGN,GAMCO Global Gold Natural Resources & Income Trust,5.28,5.28000020980835,5.309999942779541,5.230000019073486,5.25,0.0,263384,Finance
GHY,PGIM Global High Yield Fund Inc.,10.99,10.979999542236328,11.0,10.869999885559082,10.869999885559082,0.0,167184,Finance
GIW,GigCapital8 Corp. Class A Ordinary Shares,10.18,10.180000305175781,10.1850004196167,10.175000190734863,10.1850004196167,0.0,5330,Finance
GIX,GigCapital9 Corp. Class A Ordinary Share,10.01,10.010000228881836,10.010000228881836,10.010000228881836,10.010000228881836,0.0,251,Finance
GIXXU,GigCapital9 Corp. Units,10.2101,10.210000038146973,10.210000038146973,10.210000038146973,10.210000038146973,0.0,1,Finance
GJH,Synthetic Fixed-Income Securities Inc 6.375% (STRATS) Cl A-1,9.3214,9.319999694824219,9.319999694824219,9.319999694824219,9.319999694824219,0.0,3093,Finance
GJO,Synthetic Fixed-Income Securities Inc. on behalf of STRATS(SM) Trust for Wal-Mart Stores Inc. Securities Series 2004-5,24.62,24.6200008392334,24.6200008392334,24.6200008392334,24.6200008392334,0.0,4,Finance
GJR,Synthetic Fixed-Income Securities Inc. STRATS Trust for Procter&Gamble Securities Series 2006-1,24.83,24.559999465942383,24.559999465942383,23.229999542236328,23.799999237060547,0.0,106,Finance
GLO,Clough Global Opportunities Fund Common Stock,5.39,5.400000095367432,5.489999771118164,5.360000133514404,5.420000076293945,0.0,93590,Finance
GLQ,Clough Global Equity Fund Clough Global Equity Fund Common Shares of Beneficial Interest,7.51,7.599999904632568,7.769999980926514,7.519999980926514,7.599999904632568,0.0,69716,Finance
GOF,Guggenheim Strategic Opportunities Fund Common Shares of Beneficial Interest,8.58,8.699999809265137,8.75,8.649999618530273,8.739999771118164,0.0,2238940,Finance
GRF,Eagle Capital Growth Fund Inc. Common Stock,10.1586,10.15999984741211,10.15999984741211,10.15999984741211,10.15999984741211,0.0,2283,Finance
GSHRW,Gesher Acquisition Corp. II Warrants,0.29,,,,,0.0,40,Finance
GSRV,GSR V Acquisition Corp. Class A ordinary shares,9.885,9.880000114440918,9.890000343322754,9.880000114440918,9.890000343322754,0.0,48967,Finance
GSRVR,GSR V Acquisition Corp. Rights,1.26,1.399999976158142,1.590000033378601,1.3600000143051147,1.590000033378601,0.0,4528,Finance
GUAC,Berto Acquisition Corp. II Ordinary Shares,9.915,9.90999984741211,9.920000076293945,9.90999984741211,9.920000076293945,0.0,36312,Finance
GUACU,Berto Acquisition Corp. II Unit,10.06,10.050000190734863,10.109999656677246,10.050000190734863,10.109999656677246,0.0,505,Finance
GUG,Guggenheim Active Allocation Fund Common Shares of Beneficial Interest,13.94,13.979999542236328,14.029999732971191,13.829999923706055,13.899999618530273,0.0,230955,Finance
HACQ,HCM IV Acquisition Corp. Class A Ordinary Share,10.04,10.039999961853027,10.039999961853027,10.039999961853027,10.039999961853027,0.0,25227,Finance
HACQW,HCM IV Acquisition Corp. Warrants,0.43,0.4300000071525574,0.4300000071525574,0.4300000071525574,0.4300000071525574,0.0,6298,Finance
HEQ,John Hancock Diversified Income Fund Common Shares of Beneficial Interest,11.0,11.0,11.220000267028809,10.899999618530273,11.0,0.0,21242,Finance
HERZ,Herzfeld Credit Income Fund Inc. Common Stock,15.4599,15.520000457763672,15.520000457763672,15.140000343322754,15.279999732971191,0.0,14066,Finance
HFRO,Highland Opportunities and Income Fund Common Shares of Beneficial Interest,6.82,6.710000038146973,6.849999904632568,6.710000038146973,6.829999923706055,0.0,49856,Finance
HIO,Western Asset High Income Opportunity Fund Inc. Common Stock,3.27,3.2799999713897705,3.309999942779541,3.2699999809265137,3.2899999618530273,0.0,498236,Finance
HIX,Western Asset High Income Fund II Inc. Common Stock,3.53,3.5299999713897705,3.5799999237060547,3.5199999809265137,3.5399999618530273,0.0,584144,Finance
HPF,John Hancock Pfd Income Fund II Pfd Income Fund II,13.46,13.579999923706055,13.6899995803833,13.449999809265137,13.649999618530273,0.0,80202,Finance
HPI,John Hancock Preferred Income Fund Common Shares of Beneficial Interest,13.9,14.0,14.260000228881836,13.979999542236328,14.149999618530273,0.0,99100,Finance
HPS,John Hancock Preferred Income Fund III Preferred Income Fund III,11.99,12.079999923706055,12.239999771118164,12.0,12.149999618530273,0.0,249783,Finance
HTD,John Hancock Tax Advantaged Dividend Income Fund Common Shares of Beneficial Interest,22.15,22.260000228881836,22.5,22.170000076293945,22.25,0.0,102046,Finance
HYT,Blackrock Corporate High Yield Fund Inc. Common Stock,7.8,7.849999904632568,7.900000095367432,7.800000190734863,7.840000152587891,0.0,1281085,Finance
IACO,Idea Acquisition Corp. Class A Ordinary Shares,10.0,10.0,10.0,10.0,10.0,0.0,74942,Finance
IACOU,Idea Acquisition Corp. Units,10.05,10.050000190734863,10.050000190734863,10.050000190734863,10.050000190734863,0.0,1,Finance
IACOW,Idea Acquisition Corp. Warrants,0.275,,,,,0.0,8116,Finance
IACQ,Irenic Acquisition Corp. Class A Ordinary Shares,9.95,9.949999809265137,9.949999809265137,9.949999809265137,9.949999809265137,0.0,70,Finance
IAE,Voya Asia Pacific High Dividend Equity Income Fund ING Asia Pacific High Dividend Equity Income Fund Common Shares of Beneficial Interest,8.79,8.869999885559082,8.930000305175781,8.729999542236328,8.859999656677246,0.0,40279,Finance
IAF,abrdn Australia Equity Fund Inc. Common Stock,12.3,12.359999656677246,12.529999732971191,12.3100004196167,12.390000343322754,0.0,27951,Finance
IBAC,IB Acquisition Corp. Common Stock,10.9101,10.90999984741211,10.90999984741211,10.90999984741211,10.90999984741211,0.0,653,Finance
IBACR,IB Acquisition Corp. Right,0.115,0.11500000208616257,0.11500000208616257,0.11500000208616257,0.11500000208616257,0.0,800,Finance
IDE,Voya Infrastructure Industrials and Materials Fund Common Shares of Beneficial Interest,12.04,12.180000305175781,12.210000038146973,12.050000190734863,12.130000114440918,0.0,71217,Finance
IEAG,Infinite Eagle Acquisition Corp. Class A Ordinary Shares,10.18,10.180000305175781,10.180000305175781,10.180000305175781,10.180000305175781,0.0,745808,Finance
IEAGR,Infinite Eagle Acquisition Corp. Rights,0.2,0.18000000715255737,0.18000000715255737,0.18000000715255737,0.18000000715255737,0.0,422093,Finance
IFN,Aberdeen India Fund Inc. Common Stock,10.45,10.479999542236328,10.579999923706055,10.479999542236328,10.489999771118164,0.0,397767,Finance
IGA,Voya Global Advantage and Premium Opportunity Fund Common Shares of Beneficial Interest,9.97,9.890000343322754,10.039999961853027,9.890000343322754,10.010000228881836,0.0,90832,Finance
IGAC,Invest Green Acquisition Corporation Class A Ordinary Shares,10.09,10.09000015258789,10.09000015258789,10.09000015258789,10.09000015258789,0.0,24479,Finance
IGACU,Invest Green Acquisition Corporation Units,10.1801,10.180000305175781,10.180000305175781,10.180000305175781,10.180000305175781,0.0,6,Finance
IGD,Voya Global Equity Dividend and Premium Opportunity Fund,6.16,6.21999979019165,6.21999979019165,6.070000171661377,6.070000171661377,0.0,533674,Finance
IGI,Western Asset Investment Grade Opportunity Trust Inc. Common Stock,15.69,15.9399995803833,15.9399995803833,15.720000267028809,15.720000267028809,0.0,6679,Finance
IGR,CBRE Global Real Estate Income Fund Common Shares of Beneficial Interest,11.56,11.600000381469727,11.680000305175781,11.579999923706055,11.640000343322754,0.0,507913,Finance
IHD,Voya Emerging Markets High Income Dividend Equity Fund Common Shares,7.53,7.619999885559082,7.650000095367432,7.559999942779541,7.639999866485596,0.0,60912,Finance
IIF,Morgan Stanley India Investment Fund Inc. Common Stock,21.27,21.399999618530273,21.610000610351562,21.229999542236328,21.270000457763672,0.0,12886,Finance
IPFX,Inflection Point Acquisition Corp. VI Class A Ordinary Shares,10.05,10.0600004196167,10.0600004196167,10.050000190734863,10.050000190734863,0.0,105414,Finance
IPFXW,Inflection Point Acquisition Corp. VI Warrant,0.7,0.75,0.699999988079071,0.699999988079071,0.699999988079071,0.0,4301,Finance
IPVV,InterPrivate Investment Partners V Inc. Class A Ordinary Shares,9.84,9.84000015258789,9.859999656677246,9.84000015258789,9.84000015258789,0.0,50025,Finance
IPVVW,InterPrivate Investment Partners V Inc. Warrants,0.3101,,,,,0.0,10226,Finance
IPXG,Inflection Point Acquisition Corp. VII Class A Ordinary Shares,10.055,10.0600004196167,10.0600004196167,10.050000190734863,10.0600004196167,0.0,38584,Finance
IPXGU,Inflection Point Acquisition Corp. VII Unit,10.95,,,,,0.0,1,Finance
IPXGW,Inflection Point Acquisition Corp. VII Warrant,0.6,0.5099999904632568,0.6000000238418579,0.6000000238418579,0.6000000238418579,0.0,400,Finance
IRHO,Iron Horse Acquisitions II Corp. Common Stock,10.08,10.069999694824219,10.069999694824219,10.069999694824219,10.069999694824219,0.0,92247,Finance
IRHOR,Iron Horse Acquisitions Corp. II Rights,0.17,0.17900000512599945,0.17900000512599945,0.17900000512599945,0.17900000512599945,0.0,25172,Finance
IRHOU,Iron Horse Acquisitions II Corp. Units,10.16,10.15999984741211,10.15999984741211,10.15999984741211,10.15999984741211,0.0,20,Finance
ISD,PGIM High Yield Bond Fund Inc.,11.71,11.729999542236328,11.850000381469727,11.640000343322754,11.699999809265137,0.0,177921,Finance
ISNR,Snow Rothschild Acquisition Corp. Class A Ordinary Shares,9.83,9.84000015258789,9.84000015258789,9.84000015258789,9.84000015258789,0.0,73054,Finance
ISNRU,Snow Rothschild Acquisition Corp. Units,9.91,9.930000305175781,9.930000305175781,9.930000305175781,9.930000305175781,0.0,4,Finance
ISNRW,Snow Rothschild Acquisition Corp. Warrants,0.23,0.2199999988079071,0.2199999988079071,0.2199999988079071,0.2199999988079071,0.0,36613,Finance
JATT,JATT II Acquisition Corp Ordinary Shares,10.81,10.989999771118164,10.989999771118164,10.420000076293945,10.760000228881836,0.0,15365,Finance
JBK,Lehman ABS 3.50 3.50% Adjustable Corp Backed Tr Certs GS Cap I,25.3,24.600000381469727,24.75,24.600000381469727,24.75,0.0,5338,Finance
JCE,Nuveen Core Equity Alpha Fund Common Shares of Beneficial Interest,16.85,16.920000076293945,16.940000534057617,16.709999084472656,16.829999923706055,0.0,49298,Finance
JFR,Nuveen Floating Rate Income Fund Common Stock,7.45,7.449999809265137,7.46999979019165,7.349999904632568,7.349999904632568,0.0,1112809,Finance
JGH,Nuveen Global High Income Fund Common Shares of Beneficial Interest,11.58,11.619999885559082,11.739999771118164,11.59000015258789,11.59000015258789,0.0,92485,Finance
JLS,Nuveen Mortgage and Income Fund,16.3,16.299999237060547,16.40999984741211,16.25,16.360000610351562,0.0,42982,Finance
JMM,Nuveen Multi-Market Income Fund (MA),5.54,5.590000152587891,5.670000076293945,5.579999923706055,5.579999923706055,0.0,18155,Finance
JOF,Japan Smaller Capitalization Fund Inc Common Stock,12.51,12.670000076293945,12.720000267028809,12.609999656677246,12.670000076293945,0.0,36570,Finance
JONE,Jones Ventures INTL Acquisition1 Corp Class A Ordinary Shares,9.82,9.829999923706055,9.829999923706055,9.819999694824219,9.819999694824219,0.0,97926,Finance
JONER,Jones Ventures INTL Acquisition1 Corp Rights,0.1499,0.15000000596046448,0.15000000596046448,0.15000000596046448,0.15000000596046448,0.0,18,Finance
JPC,Nuveen Preferred & Income Opportunities Fund,6.89,7.0,7.010000228881836,6.900000095367432,6.909999847412109,0.0,2516478,Finance
JQC,Nuveen Credit Strategies Income Fund Shares of Beneficial Interest,4.74,4.739999771118164,4.75,4.670000076293945,4.670000076293945,0.0,915729,Finance
JRI,Nuveen Real Asset Income and Growth Fund Common Shares of Beneficial Interest,10.77,10.779999732971191,10.960000038146973,10.779999732971191,10.899999618530273,0.0,218731,Finance
JRS,Nuveen Real Estate Income Fund Common Shares of Beneficial Interest,7.36,7.46999979019165,7.489999771118164,7.360000133514404,7.420000076293945,0.0,144211,Finance
JTTT,JATT III Acquisition Corp Ordinary Shares,10.85,10.829999923706055,10.880000114440918,10.619999885559082,10.649999618530273,0.0,647,Finance
KBON,Karbon Capital Partners Corp. Class A Ordinary Shares,10.11,10.09000015258789,10.09000015258789,10.09000015258789,10.09000015258789,0.0,57145,Finance
KBONW,Karbon Capital Partners Corp. Warrant,0.62,0.6200000047683716,0.6200000047683716,0.6200000047683716,0.6200000047683716,0.0,7680,Finance
KCHVR,Kochav Defense Acquisition Corp. Right,0.1,0.10000000149011612,0.10000000149011612,0.10000000149011612,0.10000000149011612,0.0,1701,Finance
KEYY,Keystone Acquisition Corp. Class A Ordinary Shares,9.92,9.949999809265137,9.949999809265137,9.949999809265137,9.949999809265137,0.0,80978,Finance
KEYYU,Keystone Acquisition Corp. Unit,10.15,10.149999618530273,10.149999618530273,10.149999618530273,10.149999618530273,0.0,4,Finance
KEYYW,Keystone Acquisition Corp. Warrants,0.395,0.4000000059604645,0.3921000063419342,0.3921000063419342,0.3921000063419342,0.0,240473,Finance
KF,Korea Fund Inc. (The) New Common Stock,66.66,68.88999938964844,69.41999816894531,68.5,68.81999969482422,0.0,17517,Finance
KFII,K&F Growth Acquisition Corp. II Class A Ordinary shares,10.68,10.680999755859375,10.680999755859375,10.680999755859375,10.680999755859375,0.0,68518,Finance
KIO,KKR Income Opportunities Fund Common Shares,10.28,10.279999732971191,10.420000076293945,10.279999732971191,10.350000381469727,0.0,256270,Finance
KKRT,KKR & Co. Inc. 6.875% Subordinated Notes due 2065,22.56,22.600000381469727,22.989999771118164,22.299999237060547,22.469999313354492,0.0,66368,Finance
KTH,Structures Products Cp 8% CorTS Issued by Peco Energy Cap Tr II Preferred Stock,28.68,28.670000076293945,28.670000076293945,28.670000076293945,28.670000076293945,0.0,448,Finance
KTN,Structured Products Corp 8.205% CorTS 8.205% Corporate Backed Trust Securities (CorTS),25.6412,25.639999389648438,25.639999389648438,25.639999389648438,25.639999389648438,0.0,1228,Finance
LATA,Galata Acquisition Corp. II Class A Ordinary Shares,10.21,10.210000038146973,10.210000038146973,10.210000038146973,10.210000038146973,0.0,214229,Finance
LCCC,Lakeshore Acquisition III Corp. Ordinary Shares,10.54,10.539999961853027,10.539999961853027,10.539999961853027,10.539999961853027,0.0,10,Finance
LCCCR,Lakeshore Acquisition III Corp. Rights,0.1356,0.1356000006198883,0.13590000569820404,0.1356000006198883,0.13590000569820404,0.0,3,Finance
LCCCU,Lakeshore Acquisition III Corp. Unit,10.8,10.800000190734863,10.800000190734863,10.800000190734863,10.800000190734863,0.0,523,Finance
LDP,Cohen & Steers Limited Duration Preferred and Income Fund Inc.,19.41,19.5,19.639999389648438,19.3700008392334,19.43000030517578,0.0,92772,Finance
LEDRU,Leader's Advantage Acquisition Corp. Units,9.96,9.970000267028809,9.970000267028809,9.970000267028809,9.970000267028809,0.0,48952,Finance
LFAC,Leapfrog Acquisition Corporation Class A Ordinary Shares,10.07,10.069999694824219,10.069999694824219,10.069999694824219,10.069999694824219,0.0,14,Finance
LOVIU,Live Oak Acquisition Corp. VI Units,10.01,10.239999771118164,10.319999694824219,10.0,10.0,0.0,575395,Finance
LPBBU,Launch Two Acquisition Corp. Unit,10.87,10.869999885559082,10.869999885559082,10.869999885559082,10.869999885559082,0.0,66,Finance
LTGR,Long Table Growth Corp. Class A Ordinary Shares,9.99,9.960000038146973,9.960000038146973,9.960000038146973,9.960000038146973,0.0,97502,Finance
LWAC,LightWave Acquisition Corp. Class A Ordinary Shares,10.35,10.350000381469727,10.350000381469727,10.350000381469727,10.350000381469727,0.0,98705,Finance
LWACU,LightWave Acquisition Corp. Units,10.36,10.359999656677246,10.359999656677246,10.359999656677246,10.359999656677246,0.0,123,Finance
LWACW,LightWave Acquisition Corp. Warrants,0.1221,0.12219999730587006,0.12269999831914902,0.12219999730587006,0.12269999831914902,0.0,24355,Finance
MCAH,Mountain Crest Acquisition 6 Corp. Ordinary Shares,10.0461,10.050000190734863,10.050000190734863,10.050000190734863,10.050000190734863,0.0,4564,Finance
MCAHR,Mountain Crest Acquisition 6 Corp. Rights,0.2501,0.2500999867916107,0.2500999867916107,0.2500999867916107,0.2500999867916107,0.0,150,Finance
MCAHU,Mountain Crest Acquisition 6 Corp. Units,10.2501,10.25,10.25,10.25,10.25,0.0,6679,Finance
MCGAU,Yorkville Acquisition Corp. Unit,10.42,10.420000076293945,10.420000076293945,10.420000076293945,10.420000076293945,0.0,671,Finance
MEGI,NYLIM CBRE Global Infrastructure Megatrends Term Fund Common Shares,13.4,13.510000228881836,13.6899995803833,13.25,13.350000381469727,0.0,182442,Finance
MEVO,M Evo Global Acquisition Corp II Class A Ordinary Shares,10.01,10.010000228881836,10.010000228881836,10.010000228881836,10.010000228881836,0.0,26483,Finance
MEVOU,M Evo Global Acquisition Corp II Units,10.19,10.1899995803833,10.1899995803833,10.1899995803833,10.1899995803833,0.0,24349,Finance
MEVOW,M Evo Global Acquisition Corp II Warrants,0.29,0.28999999165534973,0.28999999165534973,0.28999999165534973,0.28999999165534973,0.0,399,Finance
MHF,Western Asset Municipal High Income Fund Inc. Common Stock,6.02,6.079999923706055,6.300000190734863,6.0,6.260000228881836,0.0,174419,Finance
MKLY,McKinley Acquisition Corporation Class A Ordinary Shares,10.27,10.270000457763672,10.279999732971191,10.260000228881836,10.270000457763672,0.0,26930,Finance
MKLYR,McKinley Acquisition Corporation Rights,0.2778,0.2777999937534332,0.2700999975204468,0.2700999975204468,0.2700999975204468,0.0,24550,Finance
MLAA,Mountain Lake Acquisition Corp. II Class A Ordinary Shares,10.01,10.010000228881836,10.010000228881836,10.010000228881836,10.010000228881836,0.0,32676,Finance
MLAAW,Mountain Lake Acquisition Corp. II Warrants,0.175,,,,,0.0,15218,Finance
MLCIL,Mount Logan Capital Inc. 8.00% Notes Due 2031,22.7,22.420000076293945,22.420000076293945,22.420000076293945,22.420000076293945,0.0,4,Finance
MMD,NYLIM MacKay DefinedTerm Muni Opportunities Fund Common Shares,13.59,13.6899995803833,13.819999694824219,13.65999984741211,13.739999771118164,0.0,74526,Finance
MMU,Western Asset Managed Municipals Fund Inc. Common Stock,8.89,8.949999809265137,9.039999961853027,8.90999984741211,9.029999732971191,0.0,432690,Finance
MPA,Blackrock MuniYield Pennsylvania Quality Fund Common Stock,9.74,9.84000015258789,9.949999809265137,9.739999771118164,9.739999771118164,0.0,45555,Finance
MRCO,Mercator Acquisition Corp. Class A Ordinary Shares,9.86,9.859999656677246,9.859999656677246,9.859999656677246,9.859999656677246,0.0,68035,Finance
MRCOU,Mercator Acquisition Corp. Units,10.05,10.050000190734863,10.050000190734863,10.050000190734863,10.050000190734863,0.0,13,Finance
MRCOW,Mercator Acquisition Corp. Warrant,0.3,0.30000001192092896,0.30000001192092896,0.30000001192092896,0.30000001192092896,0.0,19581,Finance
MSD,Morgan Stanley Emerging Markets Debt Fund Inc. Common Stock,6.77,6.789999961853027,6.860000133514404,6.679999828338623,6.710000038146973,0.0,77683,Finance
MUZE,Muzero Acquisition Corp Class A Ordinary Shares,10.01,10.010000228881836,10.010000228881836,10.010000228881836,10.010000228881836,0.0,48431,Finance
MUZEU,Muzero Acquisition Corp Unit,10.1,10.100000381469727,10.100000381469727,10.100000381469727,10.100000381469727,0.0,1,Finance
MUZEW,Muzero Acquisition Corp Warrant,0.23,,,,,0.0,18342,Finance
MXE,Mexico Equity and Income Fund Inc. (The) Common Stock,12.235,12.109999656677246,12.430000305175781,12.100000381469727,12.319999694824219,0.0,1631,Finance
MXF,Mexico Fund Inc. (The) Common Stock,19.87,19.770000457763672,20.0,19.709999084472656,19.93000030517578,0.0,43445,Finance
MYN,Blackrock MuniYield New York Quality Fund Inc.Common Stock,8.96,8.970000267028809,9.09000015258789,8.920000076293945,8.949999809265137,0.0,622939,Finance
MYX,Maywood Acquisition Corp. 2 Class A Ordinary Share,10.03,10.029999732971191,10.029999732971191,10.029999732971191,10.029999732971191,0.0,2706,Finance
MYXXR,Maywood Acquisition Corp. 2 Rights,0.1823,0.1860000044107437,0.1859000027179718,0.1859000027179718,0.1859000027179718,0.0,1,Finance
NAC,Nuveen California Quality Municipal Income Fund,10.27,10.3100004196167,10.420000076293945,10.1899995803833,10.229999542236328,0.0,1404190,Finance
NAD,Nuveen Quality Municipal Income Fund Common Stock,10.17,10.289999961853027,10.390000343322754,10.229999542236328,10.279999732971191,0.0,2064326,Finance
NAZ,Nuveen Arizona Quality Municipal Income Fund Common Stock,10.81,10.989999771118164,10.989999771118164,10.75,10.850000381469727,0.0,42093,Finance
NBB,Nuveen Taxable Municipal Income Fund Common Shares of Beneficial Interest,14.3,14.329999923706055,14.399999618530273,14.279999732971191,14.300000190734863,0.0,90653,Finance
NBH,Neuberger Municipal Fund Inc. Common Stock,9.07,9.119999885559082,9.220000267028809,9.100000381469727,9.149999618530273,0.0,203126,Finance
NBXG,Neuberger Next Generation Connectivity Fund Inc. Common Stock,15.85,16.0,16.125999450683594,15.890000343322754,15.979999542236328,0.0,115912,Finance
NCA,Nuveen California Municipal Value Fund,8.4,8.470000267028809,8.59000015258789,8.399999618530273,8.420000076293945,0.0,236766,Finance
NCOOR,Southern Cross Acquisition I Corp. Rights,0.1701,0.17010000348091125,0.17010000348091125,0.17010000348091125,0.17010000348091125,0.0,43000,Finance
NCOOU,Southern Cross Acquisition I Corp. Units,10.0701,10.069999694824219,10.069999694824219,10.069999694824219,10.069999694824219,0.0,2,Finance
NEA,Nuveen AMT-Free Quality Municipal Income Fund Common Shares of Beneficial Interest Par Value $.01,10.08,10.180000305175781,10.25,10.079999923706055,10.09000015258789,0.0,3236553,Finance
NEWTH,NewtekOne Inc. 8.625% Fixed Rate Senior Notes due 2029,25.2599,25.155000686645508,25.219999313354492,25.155000686645508,25.209999084472656,0.0,1476,Finance
NEWTO,NewtekOne Inc. 8.50% Fixed Rate Senior Notes due 2031,25.25,25.25,25.25,25.25,25.25,0.0,22,Finance
NFJ,Virtus Dividend Interest & Premium Strategy Fund Common Shares of Beneficial Interest,15.04,15.09000015258789,15.220000267028809,15.09000015258789,15.109999656677246,0.0,353859,Finance
NHIV,NewHold Investment Corp IV Class A Ordinary Shares,10.05,10.050000190734863,10.050000190734863,10.050000190734863,10.050000190734863,0.0,75058,Finance
NHIVW,NewHold Investment Corp IV Warrants,0.4604,0.4700999855995178,0.47999998927116394,0.47999998927116394,0.47999998927116394,0.0,24349,Finance
NHS,Neuberger High Yield Strategies Fund Inc. Common Stock,5.42,5.460000038146973,5.46999979019165,5.429999828338623,5.440000057220459,0.0,345750,Finance
NIM,Nuveen Select Maturities Municipal Fund Common Stock,8.71,8.729999542236328,8.789999961853027,8.729999542236328,8.75,0.0,56365,Finance
NKX,Nuveen California AMT-Free Quality Municipal Income Fund,10.57,10.640000343322754,10.6899995803833,10.479999542236328,10.529999732971191,0.0,424295,Finance
NMAI,Nuveen Multi-Asset Income Fund Common Shares of Beneficial Interest,14.46,14.449999809265137,14.579999923706055,14.229999542236328,14.260000228881836,0.0,223550,Finance
NMI,Nuveen Municipal Income Fund Inc. Common Stock,9.39,9.350000381469727,9.449999809265137,9.220000267028809,9.289999961853027,0.0,103900,Finance
NML,Neuberger Energy Infrastructure and Income Fund Inc. Common Stock,9.98,9.90999984741211,10.0600004196167,9.90999984741211,10.029999732971191,0.0,128951,Finance
NMP,NMP Acquisition Corp. Class A Ordinary Shares,10.38,10.369999885559082,10.375,10.369999885559082,10.369999885559082,0.0,20,Finance
NMPAR,NMP Acquisition Corp. Right,0.2348,0.23010000586509705,0.23019999265670776,0.23010000586509705,0.23019999265670776,0.0,700,Finance
NMS,Nuveen Minnesota Quality Municipal Income Fund ,9.97,10.0,10.14799976348877,9.960000038146973,9.989999771118164,0.0,29603,Finance
NMT,Nuveen Massachusetts Quality Municipal Income Fund Common Stock,10.49,10.579999923706055,10.579999923706055,10.020000457763672,10.300000190734863,0.0,34108,Finance
NMZ,Nuveen Municipal High Income Opportunity Fund Common Stock $0.01 par value per share,8.9,8.970000267028809,9.09000015258789,8.890000343322754,8.949999809265137,0.0,2297350,Finance
NNY,Nuveen New York Municipal Value Fund Common Stock,7.81,7.849999904632568,7.929999828338623,7.820000171661377,7.829999923706055,0.0,112003,Finance
NPAC,New Providence Acquisition Corp. III Class A Ordinary Shares,10.53,10.539999961853027,10.539999961853027,10.5,10.539999961853027,0.0,61213,Finance
NPACU,New Providence Acquisition Corp. III Units,10.5,10.59000015258789,10.59000015258789,10.59000015258789,10.59000015258789,0.0,100,Finance
NPCT,Nuveen Core Plus Impact Fund Common Shares of Beneficial Interest,9.18,9.199999809265137,9.329999923706055,9.119999885559082,9.149999618530273,0.0,90905,Finance
NPFD,Nuveen Variable Rate Preferred & Income Fund Common Shares,17.63,17.700000762939453,17.700000762939453,17.549999237060547,17.56999969482422,0.0,104161,Finance
NPV,Nuveen Virginia Quality Municipal Income Fund Common Stock,9.31,9.350000381469727,9.479999542236328,9.3100004196167,9.34000015258789,0.0,81159,Finance
NRK,Nuveen New York AMT-Free Quality Municipal Income Fund ,9.27,9.420000076293945,9.449999809265137,9.350000381469727,9.359999656677246,0.0,559880,Finance
NRO,Neuberger Real Estate Securities Income Fund Inc. Common Stock,2.58,2.5999999046325684,2.619999885559082,2.569999933242798,2.569999933242798,0.0,264292,Finance
NRUC,National Rural Utilities Cooperative Finance Corporation 5.500% Subordinated Notes due 2064 (Subordinated Deferrable Interest Notes),20.61,20.8799991607666,21.434999465942383,20.719999313354492,20.770000457763672,0.0,19115,Finance
NUV,Nuveen Municipal Value Fund Inc. Common Stock,8.25,8.289999961853027,8.359999656677246,8.239999771118164,8.279999732971191,0.0,1733623,Finance
NUW,Nuveen AMT-Free Municipal Value Fund,13.26,13.329999923706055,13.40999984741211,13.260000228881836,13.34000015258789,0.0,83327,Finance
NVG,Nuveen AMT-Free Municipal Credit Income Fund ,10.61,10.710000038146973,10.869999885559082,10.680000305175781,10.710000038146973,0.0,1804286,Finance
NZF,Nuveen Municipal Credit Income Fund ,10.88,10.960000038146973,11.100000381469727,10.930000305175781,10.960000038146973,0.0,1810712,Finance
OACC,Oaktree Acquisition Corp. III Life Sciences Class A Ordinary Share,10.78,10.770000457763672,10.770000457763672,10.760000228881836,10.760000228881836,0.0,73056,Finance
OACCW,Oaktree Acquisition Corp. III Life Sciences Warrant,0.86,0.9900000095367432,0.8600000143051147,0.75,0.8600000143051147,0.0,2536,Finance
OCLT,OceanLight Acquisition Corporation Ordinary Shares,9.91,9.90999984741211,9.90999984741211,9.90999984741211,9.90999984741211,0.0,834,Finance
OCLTU,OceanLight Acquisition Corporation Units,10.1341,10.130000114440918,10.130000114440918,10.130000114440918,10.130000114440918,0.0,446,Finance
OCLTW,OceanLight Acquisition Corporation Warrants,0.035,0.03500000014901161,0.03500000014901161,0.03500000014901161,0.03500000014901161,0.0,10001,Finance
OPP,RiverNorth/DoubleLine Strategic Opportunity Fund Inc. Common Stock,6.91,6.949999809265137,7.056000232696533,6.923999786376953,6.949999809265137,0.0,142555,Finance
OSPR,Osprey Acquisition Corp. III Class A Ordinary Shares,9.82,9.819999694824219,9.819999694824219,9.819999694824219,9.819999694824219,0.0,19870,Finance
OSPRU,Osprey Acquisition Corp. III Units,9.99,9.989999771118164,9.989999771118164,9.989999771118164,9.989999771118164,0.0,34,Finance
OSPRW,Osprey Acquisition Corp. III Warrants,0.35,0.3499999940395355,0.3499999940395355,0.3499999940395355,0.3499999940395355,0.0,6527,Finance
OTGA,OTG Acquisition Corp. I Class A Ordinary Share ,10.27,10.270000457763672,10.270000457763672,10.260000228881836,10.260000228881836,0.0,42846,Finance
OTGAU,OTG Acquisition Corp. I Unit,10.4,10.399999618530273,10.399999618530273,10.399999618530273,10.399999618530273,0.0,3842,Finance
OXLCG,Oxford Lane Capital Corp. 7.95% Notes due 2032,24.85,24.940000534057617,24.940000534057617,24.790000915527344,24.790000915527344,0.0,3574,Finance
OXSQH,Oxford Square Capital Corp. 7.75% Notes due 2030,25.0,25.0,25.0,24.979999542236328,24.979999542236328,0.0,3676,Finance
OYSE,Oyster Enterprises II Acquisition Corp Class A Ordinary Shares,10.405,10.404999732971191,10.404999732971191,10.404999732971191,10.404999732971191,0.0,24369,Finance
OYSER,Oyster Enterprises II Acquisition Corp Rights,0.1261,0.14000000059604645,0.14000000059604645,0.09000000357627869,0.12999999523162842,0.0,344,Finance
PAACW,Proem Acquisition Corp I Warrants,0.425,0.4699999988079071,0.4699999988079071,0.4449999928474426,0.4668999910354614,0.0,9022,Finance
PAI,Western Asset Investment Grade Income Fund Inc.,11.35,11.359999656677246,11.4399995803833,11.350000381469727,11.380000114440918,0.0,18022,Finance
PALO,Paloma Acquisition Corp I Class A Ordinary Shares,9.97,9.979999542236328,9.989999771118164,9.979999542236328,9.989999771118164,0.0,48925,Finance
PALOW,Paloma Acquisition Corp I Warrants,0.32,,,,,0.0,24349,Finance
PAXS,PIMCO Access Income Fund Common Shares of Beneficial Interest,13.25,13.3100004196167,13.5,13.3100004196167,13.390000343322754,0.0,290888,Finance
PCAP,ProCap Acquisition Corp Class A Ordinary Shares,10.41,10.40999984741211,10.40999984741211,10.40999984741211,10.40999984741211,0.0,158,Finance
PCAPW,ProCap Acquisition Corp Warrant,0.2995,0.30000001192092896,0.2994999885559082,0.2994999885559082,0.2994999885559082,0.0,1913,Finance
PCF,High Income Securities Fund Common Stock,5.11,5.139999866485596,5.139999866485596,5.03000020980835,5.110000133514404,0.0,263477,Finance
PCM,PCM Fund Inc. Common Stock,5.02,5.019999980926514,5.079999923706055,4.980000019073486,5.050000190734863,0.0,127093,Finance
PCN,Pimco Corporate & Income Strategy Fund Common Stock,10.71,10.75,10.90999984741211,10.739999771118164,10.869999885559082,0.0,869837,Finance
PCQ,PIMCO California Municipal Income Fund Common Stock,7.74,7.769999980926514,7.849999904632568,7.710000038146973,7.760000228881836,0.0,388826,Finance
PDT,John Hancock Premium Dividend Fund,11.71,11.729999542236328,11.869999885559082,11.670000076293945,11.779999732971191,0.0,324514,Finance
PECE,Peace Acquisition Corp Ordinary Shares,10.02,10.010000228881836,10.010000228881836,9.989999771118164,10.010000228881836,0.0,6,Finance
PEO,Adams Natural Resources Fund Inc. Common Stock,27.71,27.56999969482422,27.940000534057617,27.3799991607666,27.81999969482422,0.0,35717,Finance
PFD,Flaherty & Crumrine Preferred and Income Fund Incorporated,10.75,10.770000457763672,10.850000381469727,10.680000305175781,10.6899995803833,0.0,49350,Finance
PFL,PIMCO Income Strategy Fund Shares of Beneficial Interest,6.91,6.909999847412109,7.010000228881836,6.889999866485596,6.980000019073486,0.0,484710,Finance
PFLA,PennantPark Floating Rate Capital Ltd. 7.375% Notes Due 2031,25.02,24.959999084472656,25.18000030517578,24.799999237060547,24.799999237060547,0.0,989,Finance
PFN,PIMCO Income Strategy Fund II,6.28,6.289999961853027,6.400000095367432,6.289999961853027,6.340000152587891,0.0,654442,Finance
PFO,Flaherty & Crumrine Preferred and Income Opportunity Fund Incorporated,8.62,8.649999618530273,8.680000305175781,8.550000190734863,8.609999656677246,0.0,26275,Finance
PGP,Pimco Global StocksPlus & Income Fund Common Shares of Beneficial Interest,8.23,8.270000457763672,8.5,8.270000457763672,8.420000076293945,0.0,37329,Finance
PHK,Pimco High Income Fund,4.14,4.179999828338623,4.210000038146973,4.130000114440918,4.150000095367432,0.0,1705830,Finance
PLCI,Pelican Acquisition II Corporation Ordinary Shares,9.92,9.920000076293945,9.920000076293945,9.920000076293945,9.920000076293945,0.0,364,Finance
PML,Pimco Municipal Income Fund II Common Shares of Beneficial Interest,6.48,6.539999961853027,6.630000114440918,6.510000228881836,6.550000190734863,0.0,1653617,Finance
PMTR,Perimeter Acquisition Corp. I Class A Ordinary Shares,10.43,10.430000305175781,10.430000305175781,10.420000076293945,10.420000076293945,0.0,2040,Finance
PMTRU,Perimeter Acquisition Corp. I Unit,11.0,11.0,11.0,11.0,11.0,0.0,4,Finance
PMTRW,Perimeter Acquisition Corp. I Warrant,0.7,0.6399999856948853,0.6899999976158142,0.6899999976158142,0.6899999976158142,0.0,2305,Finance
PNI,Pimco New York Municipal Income Fund II Common Shares of Beneficial Interest,6.17,6.210000038146973,6.230000019073486,6.170000076293945,6.190000057220459,0.0,127868,Finance
PTAC,Patriot Acquisition Corp. Class A Ordinary Shares,9.96,9.960000038146973,9.960000038146973,9.960000038146973,9.960000038146973,0.0,97463,Finance
PTACW,Patriot Acquisition Corp. Warrants,0.1901,0.0,0.23000000417232513,0.1899999976158142,0.19009999930858612,0.0,48697,Finance
PTOR,Praetorian Acquisition Corp. Class A Ordinary Shares,9.955,9.960000038146973,9.960000038146973,9.949999809265137,9.960000038146973,0.0,27461,Finance
PTORW,Praetorian Acquisition Corp. Warrant,0.305,,,,,0.0,6382,Finance
PTY,Pimco Corporate & Income Opportunity Fund,11.01,11.069999694824219,11.170000076293945,11.039999961853027,11.039999961853027,0.0,1935068,Finance
PYT,PPlus Tr GSC-2 Tr Ctf Fltg Rate,23.7447,23.739999771118164,23.739999771118164,23.739999771118164,23.739999771118164,0.0,471,Finance
QADR,QDRO Acquisition Corp. Class A Ordinary Shares,10.015,10.0,10.010000228881836,10.0,10.010000228881836,0.0,60996,Finance
QADRW,QDRO Acquisition Corp. Warrant,0.24,,,,,0.0,30436,Finance
QETA,Quetta Acquisition Corporation Common Stock,11.79,11.739999771118164,11.789999961853027,11.739999771118164,11.789999961853027,0.0,8003,Finance
QETAU,Quetta Acquisition Corporation Unit,11.51,11.510000228881836,11.510000228881836,11.510000228881836,11.510000228881836,0.0,1,Finance
QQQX,Nuveen NASDAQ 100 Dynamic Overwrite Fund Shares of Beneficial Interest,30.86,31.010000228881836,31.15999984741211,30.649999618530273,30.68000030517578,0.0,261656,Finance
QSEA,Quartzsea Acquisition Corporation Ordinary Shares,10.71,10.699999809265137,10.699999809265137,10.680000305175781,10.694999694824219,0.0,4555,Finance
QSEAR,Quartzsea Acquisition Corporation Rights,0.2498,0.25,0.24979999661445618,0.24979999661445618,0.24979999661445618,0.0,753,Finance
RA,Brookfield Real Assets Income Fund Inc. Common Stock,11.58,11.619999885559082,11.630000114440918,11.579999923706055,11.609999656677246,0.0,340212,Finance
RACC,Research Alliance Corporation III Class A Ordinary Shares,10.83,10.710000038146973,10.720000267028809,10.550000190734863,10.720000267028809,0.0,243,Finance
RANG,Range Capital Acquisition Corp. Ordinary Shares,10.86,10.859999656677246,10.859999656677246,10.859999656677246,10.859999656677246,0.0,269,Finance
RANGR,Range Capital Acquisition Corp. Rights,0.2742,0.28999999165534973,0.28999999165534973,0.28999999165534973,0.28999999165534973,0.0,200,Finance
RCG,RENN Fund Inc Common Stock,2.9601,2.9600000381469727,2.990000009536743,2.930000066757202,2.990000009536743,0.0,17033,Finance
RCS,PIMCO Strategic Income Fund Inc.,5.05,5.03000020980835,5.059999942779541,5.0,5.010000228881836,0.0,172952,Finance
RDAG,Republic Digital Acquisition Company Class A Ordinary Shares,10.44,10.4399995803833,10.4399995803833,10.4399995803833,10.4399995803833,0.0,63,Finance
RDAGW,Republic Digital Acquisition Company Warrants,0.25,0.5,0.2799000144004822,0.25,0.25,0.0,38803,Finance
RIV,RiverNorth Opportunities Fund Inc. Common Stock,10.39,10.479999542236328,10.640000343322754,10.406999588012695,10.489999771118164,0.0,73069,Finance
RNAQ,Rainier Acquisition Corporation Class A Ordinary Shares,10.03,10.029999732971191,10.050000190734863,10.029999732971191,10.050000190734863,0.0,4246,Finance
RNAQU,Rainier Acquisition Corporation Units,10.065,10.069999694824219,10.069999694824219,10.069999694824219,10.069999694824219,0.0,2451,Finance
RNAQW,Rainier Acquisition Corporation Warrants,0.42,0.41999998688697815,0.41999998688697815,0.41999998688697815,0.41999998688697815,0.0,300,Finance
RNGT,Range Capital Acquisition Corp II Class A Ordinary Shares,10.19,10.1899995803833,10.1899995803833,10.1899995803833,10.1899995803833,0.0,54792,Finance
RREV,RRE Ventures Acquisition Corp. Class A Ordinary Shares,9.92,9.920000076293945,9.920000076293945,9.920000076293945,9.920000076293945,0.0,30477,Finance
RREVW,RRE Ventures Acquisition Corp. Warrants,0.3501,0.4000000059604645,0.4000000059604645,0.4000000059604645,0.4000000059604645,0.0,10146,Finance
RTAC,Renatus Tactical Acquisition Corp I Class A Ordinary Shares,10.44,10.430000305175781,10.449999809265137,10.430000305175781,10.4399995803833,0.0,63484,Finance
RTACU,Renatus Tactical Acquisition Corp I Unit,10.74,10.739999771118164,10.739999771118164,10.739999771118164,10.739999771118164,0.0,10,Finance
RTACW,Renatus Tactical Acquisition Corp I Warrant,0.5,0.5,0.5400000214576721,0.47099998593330383,0.49900001287460327,0.0,16816,Finance
RWAYI,Runway Growth Finance Corp. 7.25% Notes due 2031,24.7,25.049999237060547,25.049999237060547,24.420000076293945,24.43000030517578,0.0,970,Finance
SAAQ,Space Asset Acquisition Corp. Class A Ordinary Shares,10.06,10.050000190734863,10.079999923706055,10.039999961853027,10.050000190734863,0.0,24741,Finance
SAAQU,Space Asset Acquisition Corp. Units,10.17,10.170000076293945,10.170000076293945,10.170000076293945,10.170000076293945,0.0,7,Finance
SAAQW,Space Asset Acquisition Corp. Warrants,0.4499,0.46000000834465027,0.5044999718666077,0.46000000834465027,0.5044999718666077,0.0,23405,Finance
SAV,Saratoga Investment Corp 7.50% Notes due 2031,24.8601,24.75,24.75,24.65999984741211,24.690000534057617,0.0,7834,Finance
SAX,Saratoga Investment Corp 8.00% Notes due 2031,25.7,25.549999237060547,25.610000610351562,25.450000762939453,25.610000610351562,0.0,106880,Finance
SBI,Western Asset Intermediate Muni Fund Inc Common Stock,7.01,7.019999980926514,7.079999923706055,7.0,7.010000228881836,0.0,155142,Finance
SCATU,Southern Cross Acquisition II Corp. Units,10.04,10.039999961853027,10.039999961853027,10.010000228881836,10.029999732971191,0.0,1790,Finance
SCD,LMP Capital and Income Fund Inc. Common Stock,14.7,14.720000267028809,14.869999885559082,14.609999656677246,14.65999984741211,0.0,40409,Finance
SDHI,Siddhi Acquisition Corp Class A Common stock,10.56,10.5600004196167,10.5600004196167,10.5600004196167,10.5600004196167,0.0,6811,Finance
SIMAU,SIM Acquisition Corp. I Unit,11.25,11.25,11.25,11.25,11.25,0.0,4,Finance
SIMAW,SIM Acquisition Corp. I Warrant,0.15,0.2718999981880188,0.16009999811649323,0.15000000596046448,0.16009999811649323,0.0,399,Finance
SORN,Soren Acquisition Corp. Class A Ordinary Shares,10.02,10.039999961853027,10.039999961853027,10.020000457763672,10.039999961853027,0.0,24369,Finance
SORNW,Soren Acquisition Corp. Warrant,0.2127,0.0,0.21279999613761902,0.19099999964237213,0.19099999964237213,0.0,8134,Finance
SPE,Special Opportunities Fund Inc Common Stock,12.61,12.760000228881836,12.760000228881836,12.619999885559082,12.649999618530273,0.0,31859,Finance
SPXX,Nuveen S&P 500 Dynamic Overwrite Fund,18.64,18.709999084472656,18.8799991607666,18.649999618530273,18.739999771118164,0.0,708258,Finance
SRV,NXG Cushing Midstream Energy Fund Common Shares of Beneficial Interest,42.59,42.61000061035156,42.790000915527344,42.08000183105469,42.369998931884766,0.0,60778,Finance
SSAC,SPACSphere Acquisition Corp. Class A Ordinary Shares,10.13,10.140000343322754,10.140000343322754,10.140000343322754,10.140000343322754,0.0,110705,Finance
SSACR,SPACSphere Acquisition Corp. Rights,0.18,0.16089999675750732,0.18000000715255737,0.18000000715255737,0.18000000715255737,0.0,9050,Finance
SSACU,SPACSphere Acquisition Corp. Unit,10.31,10.390000343322754,10.390000343322754,10.3100004196167,10.3100004196167,0.0,3,Finance
SSACW,SPACSphere Acquisition Corp. Warrant,0.07,0.07000000029802322,0.07670000195503235,0.07670000195503235,0.07670000195503235,0.0,12754,Finance
SSEA,Starry Sea Acquisition Corp	Ordinary Shares,10.35,10.369999885559082,10.369999885559082,10.369999885559082,10.369999885559082,0.0,11,Finance
SSEAR,Starry Sea Acquisition Corp Rights,0.0542,0.10000000149011612,0.08429999649524689,0.08429999649524689,0.08429999649524689,0.0,685,Finance
STEW,SRH Total Return Fund Inc. Common Stock,17.52,17.600000381469727,17.649999618530273,17.489999771118164,17.56999969482422,0.0,43398,Finance
STK,Columbia Seligman Premium Technology Growth Fund Inc,54.06,54.7400016784668,55.34000015258789,54.2599983215332,55.04999923706055,0.0,36880,Finance
SVAQ,Silicon Valley Acquisition Corp. Class A Ordinary Shares,10.14,10.149999618530273,10.149999618530273,10.130000114440918,10.130000114440918,0.0,970270,Finance
SVAQW,Silicon Valley Acquisition Corp. Warrants,0.4157,0.44999998807907104,0.44999998807907104,0.4499000012874603,0.4499000012874603,0.0,1,Finance
SVIV,Spring Valley Acquisition Corp. IV Class A Ordinary Shares,10.09,10.09000015258789,10.09000015258789,10.09000015258789,10.09000015258789,0.0,31009,Finance
SVIVW,Spring Valley Acquisition Corp. IV Warrants,0.7251,0.7250999808311462,0.7250999808311462,0.7250999808311462,0.7250999808311462,0.0,246,Finance
SWZ,Total Return Securities Fund Common Stock,5.72,5.730000019073486,5.78000020980835,5.730000019073486,5.769999980926514,0.0,13558,Finance
SZZL,Sizzle Acquisition Corp. II Class A ordinary shares,10.48,10.479999542236328,10.484999656677246,10.479999542236328,10.479999542236328,0.0,27419,Finance
SZZLR,Sizzle Acquisition Corp. II Right,0.13,0.1111999973654747,0.17000000178813934,0.1111999973654747,0.15000000596046448,0.0,10000,Finance
TACH,Titan Acquisition Corp. Class A Ordinary Shares,10.54,10.529999732971191,10.539999961853027,10.529999732971191,10.539999961853027,0.0,498496,Finance
TACHU,Titan Acquisition Corp. Units,10.75,10.75,10.75,10.75,10.75,0.0,7,Finance
TAVI,Tavia Acquisition Corp. Ordinary Shares,10.77,10.770000457763672,10.770000457763672,10.770000457763672,10.770000457763672,0.0,22,Finance
TBCVU,Thunder Bridge Capital Partners V Ltd. Units,9.94,9.930000305175781,9.930000305175781,9.930000305175781,9.930000305175781,0.0,88886,Finance
TDF,Templeton Dragon Fund Inc. Common Stock,9.63,9.600000381469727,9.75,9.489999771118164,9.5,0.0,23095,Finance
TDWD,Tailwind 2.0 Acquisition Corp. Class A Ordinary Shares,10.14,10.140000343322754,10.140000343322754,10.140000343322754,10.140000343322754,0.0,24362,Finance
TDWDR,Tailwind 2.0 Acquisition Corp. Rights,0.102,0.10199999809265137,0.10199999809265137,0.10199999809265137,0.10199999809265137,0.0,24349,Finance
TEI,Templeton Emerging Markets Income Fund Inc. Common Stock,6.08,6.110000133514404,6.179999828338623,6.070000171661377,6.079999923706055,0.0,273568,Finance
THEO,BOA Acquisition Corp. II Class A Ordinary Shares,9.905,9.899999618530273,9.949999809265137,9.899999618530273,9.899999618530273,0.0,13201,Finance
THEOR,BOA Acquisition Corp. II Rights,0.29,0.25,0.25,0.25,0.25,0.0,24,Finance
THQ,abrdn Healthcare Opportunities Fund Shares of Beneficial Interest,17.85,18.0,18.0,17.780000686645508,17.780000686645508,0.0,164897,Finance
THW,abrdn World Healthcare Fund Shares of Beneficial Interest,12.62,12.600000381469727,12.640000343322754,12.279999732971191,12.350000381469727,0.0,147879,Finance
TLNC,Talon Capital Corp. Class A Ordinary Shares,10.2797,10.300000190734863,10.300000190734863,10.300000190734863,10.300000190734863,0.0,61072,Finance
TRGS,TRG Latin America Acquisitions Corp. Class A Ordinary Shares,9.96,9.979999542236328,9.979999542236328,9.960000038146973,9.960000038146973,0.0,85227,Finance
TRGSR,TRG Latin America Acquisitions Corp. Rights,0.1503,0.15600000321865082,0.15029999613761902,0.15029999613761902,0.15029999613761902,0.0,85221,Finance
TSI,TCW Strategic Income Fund Inc. Common Stock,4.28,4.300000190734863,4.309999942779541,4.28000020980835,4.289999961853027,0.0,113889,Finance
TVACU,Texas Ventures Acquisition III Corp Unit,10.7,10.699999809265137,10.699999809265137,10.699999809265137,10.699999809265137,0.0,283,Finance
TWLV,Twelve Seas Investment Company III Class A Ordinary Shares,10.075,10.069999694824219,10.069999694824219,10.0600004196167,10.069999694824219,0.0,20,Finance
TWLVR,Twelve Seas Investment Company III Rights,0.1299,0.1298999935388565,0.1298999935388565,0.1298999935388565,0.1298999935388565,0.0,269,Finance
TWLVU,Twelve Seas Investment Company III Units,10.16,10.15999984741211,10.15999984741211,10.15999984741211,10.15999984741211,0.0,24349,Finance
TWN,Taiwan Fund Inc. (The) Common Stock,101.74,104.30000305175781,105.01000213623047,103.02999877929688,104.29000091552734,0.0,27140,Finance
USA,Liberty All-Star Equity Fund Common Stock,5.77,5.840000152587891,5.840000152587891,5.800000190734863,5.820000171661377,0.0,1029489,Finance
UTF,Cohen & Steers Infrastructure Fund Inc Common Stock,24.6,24.700000762939453,25.200000762939453,24.700000762939453,25.170000076293945,0.0,395216,Finance
UTG,Reaves Utility Income Fund Common Shares of Beneficial Interest,34.54,34.81999969482422,35.41999816894531,34.81999969482422,35.279998779296875,0.0,353240,Finance
UYSC,UY Scuti Acquisition Corp. Ordinary Shares,11.0,11.0,11.0,11.0,11.0,0.0,8,Finance
VBF,Invesco Bond Fund Common Stock,14.23,14.289999961853027,14.359999656677246,14.15999984741211,14.15999984741211,0.0,44599,Finance
VGI,Virtus Global Multi-Sector Income Fund Common Shares of Beneficial Interest,6.7,6.739999771118164,6.820000171661377,6.730000019073486,6.75,0.0,55651,Finance
VLOSU,Velos Acquisition I Corp. Units,10.78,11.100000381469727,11.100000381469727,11.100000381469727,11.100000381469727,0.0,406,Finance
VLOSW,Velos Acquisition I Corp. Warrant,0.43,0.3400000035762787,0.4300000071525574,0.4300000071525574,0.4300000071525574,0.0,30,Finance
VLT,Invesco High Income Trust II,9.04,9.069999694824219,9.220000267028809,9.020000457763672,9.069999694824219,0.0,24937,Finance
VNME,Vendome Acquisition Corporation I Class A Ordinary Shares,10.33,10.329999923706055,10.329999923706055,10.329999923706055,10.329999923706055,0.0,8,Finance
VNMEW,Vendome Acquisition Corporation I Warrant,0.2506,0.27059999108314514,0.25060001015663147,0.25060001015663147,0.25060001015663147,0.0,501,Finance
VVR,Invesco Senior Income Trust Common Stock (DE),2.88,2.890000104904175,2.9100000858306885,2.869999885559082,2.890000104904175,0.0,557307,Finance
WDI,Western Asset Diversified Income Fund Common Shares of Beneficial Interest,11.8,11.84000015258789,11.979999542236328,11.8100004196167,11.850000381469727,0.0,414291,Finance
WEA,Western Asset Bond Fund Share of Beneficial Interest,9.79,9.829999923706055,9.899999618530273,9.6899995803833,9.850000381469727,0.0,40371,Finance
WENNU,Wen Acquisition Corp Unit,10.64,10.640000343322754,10.640000343322754,10.640000343322754,10.640000343322754,0.0,20,Finance
WENNW,Wen Acquisition Corp Warrant,0.24,0.23999999463558197,0.23999999463558197,0.23999999463558197,0.23999999463558197,0.0,6,Finance
WIA,Western Asset Inflation-Linked Income Fund,7.65,7.650000095367432,7.670000076293945,7.610000133514404,7.639999866485596,0.0,63009,Finance
WIW,Western Asset Inflation-Linked Opportunities & Income Fund,7.97,7.980000019073486,8.0,7.920000076293945,7.989999771118164,0.0,440881,Finance
WLII,Willow Lane Acquisition Corp. II Class A Ordinary Shares,10.29,10.25,10.260000228881836,10.25,10.260000228881836,0.0,24620,Finance
WLIIW,Willow Lane Acquisition Corp. II Warrants,0.69,0.801800012588501,0.8880000114440918,0.8880000114440918,0.8880000114440918,0.0,1903,Finance
XCBEW,X3 Acquisition Corp. Ltd. Warrant,0.2056,,,,,0.0,24349,Finance
XRPN,Armada Acquisition Corp. II Class A Ordinary Shares,23.43,29.0,53.0,27.0,39.41999816894531,0.0,2418289,Finance
XRPNU,Armada Acquisition Corp. II Units,22.75,28.8700008392334,46.97999954223633,28.8700008392334,37.90999984741211,0.0,9013,Finance
XRPNW,Armada Acquisition Corp. II Warrant,2.9,3.890000104904175,4.429999828338623,3.109999895095825,3.7200000286102295,0.0,1841733,Finance
XSLL,Xsolla SPAC 1 Class A Ordinary Shares,10.0,10.0,10.010000228881836,10.0,10.010000228881836,0.0,6,Finance
XTER,Karman Line Acquisition Corp. Class A Ordinary Shares,9.78,9.800000190734863,9.8100004196167,9.800000190734863,9.800000190734863,0.0,48980,Finance
XTERW,Karman Line Acquisition Corp. Warrants,0.2601,0.25999999046325684,0.25999999046325684,0.25999999046325684,0.25999999046325684,0.0,24476,Finance
YICC,Yorkville International Capital Corp. Class A Ordinary Shares,9.925,9.930000305175781,9.930000305175781,9.930000305175781,9.930000305175781,0.0,24360,Finance
YICCW,Yorkville International Capital Corp. Warrants,0.36,0.36010000109672546,0.36010000109672546,0.36010000109672546,0.36010000109672546,0.0,8115,Finance
ZKP,Lafayette Digital Acquisition Corp. I Class A Ordinary Shares,10.03,10.039999961853027,10.039999961853027,10.039999961853027,10.039999961853027,0.0,73053,Finance
ZKPU,Lafayette Digital Acquisition Corp. I Unit,10.08,10.079999923706055,10.079999923706055,10.079999923706055,10.079999923706055,0.0,5,Finance
ZKPW,Lafayette Digital Acquisition Corp. I Warrant,0.25,0.23549999296665192,0.25,0.25,0.25,0.0,18262,Finance
ZTR,Virtus Total Return Fund Inc.,5.95,5.960000038146973,6.019999980926514,5.949999809265137,5.989999771118164,0.0,171123,Finance
