symbol,name,price,open,high,low,close,marketCap,volume,industry
LLY,Eli Lilly and Company Common Stock,1157.49,1173.6199951171875,1206.6300048828125,1166.0,1188.719970703125,1089611389167.0,2132078,Health Care
JNJ,Johnson & Johnson Common Stock,254.78,256.2099914550781,260.67999267578125,255.72999572753906,258.45001220703125,613993964544.0,5664301,Health Care
ABBV,AbbVie Inc. Common Stock,266.69,268.3999938964844,274.94000244140625,266.8900146484375,271.3599853515625,471272508737.0,4501092,Health Care
MRK,Merck & Company Inc. Common Stock (new),141.94,142.02999877929688,144.14999389648438,141.49000549316406,142.7899932861328,350190342298.0,8073208,Health Care
UNH,UnitedHealth Group Incorporated Common Stock (DE),376.32,375.9200134277344,383.4800109863281,372.010009765625,375.9800109863281,337782892823.0,5039602,Health Care
PM,Philip Morris International Inc Common Stock,190.4,191.50999450683594,192.8699951171875,190.38999938964844,192.69000244140625,296759998786.0,4237824,Health Care
AMGN,Amgen Inc. Common Stock,402.6,403.05999755859375,415.7900085449219,401.8500061035156,413.0799865722656,217658445213.0,2036872,Health Care
GILD,Gilead Sciences Inc. Common Stock,144.23,145.27999877929688,148.60000610351562,144.85000610351562,146.85000610351562,178838732006.0,3723591,Health Care
ABT,Abbott Laboratories Common Stock,98.16,98.88999938964844,99.37000274658203,97.62000274658203,98.7300033569336,169854424335.0,10577130,Health Care
PFE,Pfizer Inc. Common Stock,27.5,27.6200008392334,28.170000076293945,27.549999237060547,28.0,156741023698.0,24066109,Health Care
ISRG,Intuitive Surgical Inc. Common Stock,404.76,405.07000732421875,416.80999755859375,404.20001220703125,414.5199890136719,142992818661.0,1650368,Health Care
VRTX,Vertex Pharmaceuticals Incorporated Common Stock,502.31,504.0799865722656,511.510009765625,503.94000244140625,505.6400146484375,127315956734.0,775075,Health Care
BMY,Bristol-Myers Squibb Company Common Stock,59.59,59.45000076293945,60.099998474121094,59.0099983215332,59.70000076293945,121725366351.0,9885753,Health Care
MO,Altria Group Inc.,68.55,69.08000183105469,69.62000274658203,68.73999786376953,69.37999725341797,114460946127.0,6827791,Health Care
MDT,Medtronic plc. Ordinary Shares,87.09,87.4000015258789,88.19000244140625,85.43000030517578,85.51000213623047,111400118840.0,52135434,Health Care
MCK,McKesson Corporation Common Stock,921.67,924.2100219726562,933.989990234375,908.489990234375,910.3300170898438,107457839866.0,680466,Health Care
SYK,Stryker Corporation Common Stock,278.2,280.1600036621094,281.9599914550781,274.45001220703125,275.3999938964844,106710021397.0,2855990,Health Care
HCA,HCA Healthcare Inc. Common Stock,432.2,431.760009765625,442.5899963378906,427.5899963378906,439.1700134277344,93571948300.0,999186,Health Care
ELV,Elevance Health Inc. Common Stock,400.09,401.0,410.5400085449219,399.9800109863281,404.30999755859375,86767234236.0,1230877,Health Care
MMM,3M Company Common Stock,163.64,162.5399932861328,163.72999572753906,160.9600067138672,162.1199951171875,84392816318.0,2412514,Health Care
REGN,Regeneron Pharmaceuticals Inc. Common Stock,738.72,738.0499877929688,753.6799926757812,734.1799926757812,742.1199951171875,76054908735.0,615063,Health Care
MRNA,Moderna Inc. Common Stock,187.46,183.64500427246094,197.69000244140625,182.5,196.47999572753906,74840759752.0,18794837,Health Care
CI,The Cigna Group Common Stock,274.37,274.8800048828125,283.1300048828125,274.760009765625,278.510009765625,72499662144.0,1093478,Health Care
BSX,Boston Scientific Corporation Common Stock,42.19,42.189998626708984,42.52000045776367,41.5,41.58000183105469,61142993702.0,12548279,Health Care
COR,Cencora Inc. Common Stock,316.37,317.29998779296875,322.4100036621094,315.1499938964844,317.25,60371990191.0,817906,Health Care
NTRA,Natera Inc. Common Stock,400.65,393.0199890136719,401.0899963378906,383.45001220703125,395.55999755859375,57751361711.0,2499464,Health Care
CAH,Cardinal Health Inc. Common Stock,233.44,233.61000061035156,235.97000122070312,230.61000061035156,232.16000366210938,54055213497.0,1149627,Health Care
EW,Edwards Lifesciences Corporation Common Stock,86.48,86.6500015258789,87.30000305175781,85.48999786376953,85.77999877929688,49847072000.0,3383231,Health Care
BDX,Becton Dickinson and Company Common Stock,180.3,180.33999633789062,182.3800048828125,177.9199981689453,180.16000366210938,49111340040.0,2053268,Health Care
HUM,Humana Inc. Common Stock,404.27,410.0,410.010009765625,394.80999755859375,396.510009765625,48544866115.0,1982902,Health Care
MDLN,Medline Inc. Class A Common Stock,35.55,35.54999923706055,35.970001220703125,35.209999084472656,35.45000076293945,46737851341.0,8878750,Health Care
RVMD,Revolution Medicines Inc. Common Stock,199.87,198.17999267578125,203.5,196.25,200.8699951171875,42839419866.0,1632233,Health Care
IQV,IQVIA Holdings Inc. Common Stock,259.98,261.4100036621094,261.4100036621094,255.0500030517578,258.1099853515625,42792708000.0,1105182,Health Care
ILMN,Illumina Inc. Common Stock,273.54,271.2099914550781,276.20001220703125,260.45001220703125,267.760009765625,41304540000.0,4381798,Health Care
IDXX,IDEXX Laboratories Inc. Common Stock,515.41,513.3099975585938,515.1699829101562,501.1700134277344,506.6700134277344,40604574998.0,502361,Health Care
BTSGU,BrightSpring Health Services Inc. Tangible Equity Unit,197.35,197.35000610351562,197.35000610351562,197.35000610351562,197.35000610351562,39048507961.0,2239,Health Care
BIIB,Biogen Inc. Common Stock,222.89,222.92999267578125,228.0,221.39999389648438,222.14999389648438,32932888614.0,1008098,Health Care
RPRX,Royalty Pharma plc Class A Ordinary Shares ,56.44,56.60499954223633,57.154998779296875,56.404998779296875,56.7599983215332,32453067954.0,2434356,Health Care
CNC,Centene Corporation Common Stock,64.61,64.5199966430664,66.18000030517578,63.95000076293945,64.98999786376953,31917016950.0,3661767,Health Care
DXCM,DexCom Inc. Common Stock,83.39,83.80999755859375,85.69999694824219,83.73999786376953,84.30000305175781,31468114193.0,3575287,Health Care
RMD,ResMed Inc. Common Stock,220.69,222.27000427246094,228.75,221.8300018310547,225.97999572753906,31037674538.0,972851,Health Care
ALNY,Alnylam Pharmaceuticals Inc. Common Stock,223.94,224.38999938964844,230.4199981689453,222.4600067138672,224.41000366210938,29965213885.0,1356365,Health Care
ZTS,Zoetis Inc. Class A Common Stock,71.33,71.7300033569336,72.08999633789062,71.12000274658203,71.55000305175781,29475239531.0,3435044,Health Care
GEHC,GE HealthCare Technologies Inc. Common Stock ,64.77,64.93000030517578,65.44000244140625,64.02999877929688,64.66999816894531,29255718542.0,3553471,Health Care
WST,West Pharmaceutical Services Inc. Common Stock,372.64,371.6600036621094,374.7900085449219,365.3500061035156,366.4800109863281,26224823952.0,401800,Health Care
LH,Labcorp Holdings Inc. Common Stock,311.71,312.0400085449219,315.0899963378906,311.2099914550781,311.9700012207031,25279681000.0,988025,Health Care
DGX,Quest Diagnostics Incorporated Common Stock,228.39,228.50999450683594,229.8000030517578,226.80999755859375,227.05999755859375,25208171690.0,1784449,Health Care
UTHR,United Therapeutics Corporation Common Stock,541.62,542.4099731445312,558.2999877929688,541.9000244140625,545.0,23230456601.0,1213883,Health Care
INSM,Insmed Incorporated Common Stock,105.23,103.87000274658203,104.80000305175781,101.5999984741211,101.73999786376953,22980285561.0,3686128,Health Care
GH,Guardant Health Inc. Common Stock,170.69,166.5,171.5500030517578,165.0,168.3300018310547,22905944257.0,3387102,Health Care
INCY,Incyte Corp. Common Stock,112.73,112.81999969482422,115.48999786376953,112.45999908447266,113.44000244140625,22850116907.0,2459941,Health Care
THC,Tenet Healthcare Corporation Common Stock,258.47,256.45001220703125,261.5799865722656,256.45001220703125,259.8299865722656,20811745930.0,426884,Health Care
STE,STERIS plc (Ireland) Ordinary Shares,208.65,208.66000366210938,211.9499969482422,208.3699951171875,209.67999267578125,20343397952.0,909538,Health Care
VTRS,Viatris Inc. Common Stock,17.54,17.520000457763672,17.81999969482422,17.40999984741211,17.489999771118164,20146283755.0,6676068,Health Care
ZBH,Zimmer Biomet Holdings Inc. Common Stock,89.68,89.11000061035156,90.01000213623047,88.31999969482422,88.48999786376953,17105355950.0,1678224,Health Care
MEDP,Medpace Holdings Inc. Common Stock,602.9,600.0,615.6300048828125,596.0819702148438,604.25,16827936800.0,219255,Health Care
SOLV,Solventum Corporation Common Stock,87.04,85.62000274658203,87.25,85.30000305175781,85.87999725341797,14816273372.0,914159,Health Care
NBIX,Neurocrine Biosciences Inc. Common Stock,145.51,145.3300018310547,145.8800048828125,143.2100067138672,143.47000122070312,14790972327.0,1450249,Health Care
CRL,Charles River Laboratories International Inc. Common Stock,304.96,303.3800048828125,305.17999267578125,294.2799987792969,300.29998779296875,14558446405.0,1923776,Health Care
EXEL,Exelixis Inc. Common Stock,58.33,58.470001220703125,59.27000045776367,57.880001068115234,58.439998626708984,14453106094.0,2031963,Health Care
SMMT,Summit Therapeutics Inc. Common Stock ,17.31,17.100000381469727,18.327999114990234,16.979999542236328,17.950000762939453,13809045611.0,5875977,Health Care
ULS,UL Solutions Inc. Class A Common Stock,68.37,67.7699966430664,68.29000091552734,66.45999908447266,67.12999725341797,13803778088.0,1583522,Health Care
BBIO,BridgeBio Pharma Inc. Common Stock,66.96,66.77999877929688,67.58499908447266,66.1500015258789,66.5,13089841259.0,3710374,Health Care
CORT,Corcept Therapeutics Incorporated Common Stock,119.57,119.0,122.0,117.2300033569336,119.5999984741211,12925325329.0,790759,Health Care
BTSG,BrightSpring Health Services Inc. Common Stock,63.75,63.59000015258789,64.83000183105469,63.31999969482422,63.79999923706055,12613845364.0,3118373,Health Care
BAX,Baxter International Inc. Common Stock,24.36,24.200000762939453,24.600000381469727,23.81999969482422,23.969999313354492,12594022536.0,6523548,Health Care
PEN,Penumbra Inc. Common Stock,317.05,316.6199951171875,317.739990234375,316.32000732421875,316.3500061035156,12488416245.0,308450,Health Care
HALO,Halozyme Therapeutics Inc. Common Stock,109.72,111.62000274658203,114.0,110.16000366210938,110.79000091552734,12453000560.0,1774402,Health Care
EHC,Encompass Health Corporation Common Stock,124.69,124.86000061035156,125.55000305175781,121.98999786376953,122.4800033569336,12301090451.0,1295523,Health Care
DVA,DaVita Inc. Common Stock,180.4,180.61000061035156,182.61000061035156,175.75999450683594,176.77999877929688,11509520000.0,374369,Health Care
MDGL,Madrigal Pharmaceuticals Inc. Common Stock,496.45,492.69000244140625,502.3399963378906,486.7699890136719,487.7200012207031,11470043353.0,330368,Health Care
TECH,Bio-Techne Corp Common Stock,72.43,72.43000030517578,72.55000305175781,72.43000030517578,72.52999877929688,11358344978.0,2893332,Health Care
ELAN,Elanco Animal Health Incorporated Common Stock,22.48,22.260000228881836,22.6200008392334,22.15999984741211,22.360000610351562,11231498738.0,7040875,Health Care
TWST,Twist Bioscience Corporation Common Stock,166.97,158.25999450683594,167.44000244140625,152.5,155.64999389648438,11070307023.0,8559964,Health Care
BMRN,BioMarin Pharmaceutical Inc. Common Stock,56.22,56.04999923706055,56.599998474121094,54.7599983215332,55.20000076293945,10882716731.0,3719058,Health Care
COO,The Cooper Companies Inc. Common Stock,56.43,56.33000183105469,56.5,54.65999984741211,54.75,10730463240.0,4004102,Health Care
UHS,Universal Health Services Inc. Common Stock,177.08,175.8300018310547,178.1300048828125,174.19000244140625,174.6199951171875,10436478076.0,412509,Health Care
IBRX,ImmunityBio Inc. Common Stock,9.69,9.5,9.930000305175781,9.329999923706055,9.75,10269813485.0,16887328,Health Care
GMED,Globus Medical Inc. Class A Common Stock,76.43,75.55999755859375,76.66000366210938,73.26000213623047,73.75,10261638087.0,1569995,Health Care
MOH,Molina Healthcare Inc Common Stock,195.17,194.08999633789062,198.24000549316406,192.41000366210938,194.82000732421875,10187874000.0,470906,Health Care
ALGN,Align Technology Inc. Common Stock,141.45,140.4600067138672,141.0,138.9499969482422,139.8699951171875,10048587065.0,1021709,Health Care
ENSG,The Ensign Group Inc. Common Stock,172.06,172.88999938964844,172.88999938964844,168.83999633789062,169.22000122070312,10028075594.0,416928,Health Care
OSCR,Oscar Health Inc. Class A Common Stock,32.34,32.029998779296875,33.5099983215332,31.799999237060547,32.90999984741211,9981579300.0,4891474,Health Care
PCVX,Vaxcyte Inc. Common Stock,66.7,65.86000061035156,67.1500015258789,64.2699966430664,66.95999908447266,9925312043.0,10160680,Health Care
KRYS,Krystal Biotech Inc. Common Stock,326.81,324.8699951171875,330.44000244140625,320.19500732421875,324.57000732421875,9673195593.0,352327,Health Care
GKOS,Glaukos Corporation Common Stock,161.59,161.0,174.47999572753906,159.58999633789062,172.17999267578125,9531214380.0,664478,Health Care
HSIC,Henry Schein Inc. Common Stock,84.84,84.79000091552734,85.63999938964844,83.55999755859375,83.66000366210938,9455124623.0,1421247,Health Care
PODD,Insulet Corporation Common Stock,134.73,134.94000244140625,137.10000610351562,133.3300018310547,134.36000061035156,9344091231.0,1712550,Health Care
AXSM,Axsome Therapeutics Inc. Common Stock,174.34,174.0,177.91000366210938,172.47999572753906,172.97000122070312,9132071810.0,1367836,Health Care
PTGX,Protagonist Therapeutics Inc. Common Stock,138.69,137.33999633789062,144.10000610351562,137.25,140.9199981689453,8974392047.0,635839,Health Care
KYMR,Kymera Therapeutics Inc. Common Stock,105.98,104.58000183105469,108.68000030517578,103.44999694824219,108.3499984741211,8812302496.0,960765,Health Care
ARWR,Arrowhead Pharmaceuticals Inc. Common Stock,61.54,61.630001068115234,62.75,60.779998779296875,61.47999954223633,8692799899.0,1675785,Health Care
RGEN,Repligen Corporation Common Stock,174.86,174.75,175.0399932861328,165.99000549316406,167.22000122070312,8554734008.0,1704781,Health Care
CYTK,Cytokinetics Incorporated Common Stock,61.35,61.09000015258789,62.04999923706055,60.150001525878906,61.119998931884766,8529086694.0,3228984,Health Care
TGTX,TG Therapeutics Inc. Common Stock,52.19,51.83000183105469,53.880001068115234,51.404998779296875,52.95000076293945,7988673876.0,2412508,Health Care
PRAX,Praxis Precision Medicines Inc. Common Stock,280.14,277.1600036621094,285.6300048828125,271.2760009765625,278.0199890136719,7821505438.0,435289,Health Care
CAI,Caris Life Sciences Inc. Common Stock,27.455,27.100000381469727,27.559999465942383,26.065000534057617,27.100000381469727,7758650832.0,4748210,Health Care
IONS,Ionis Pharmaceuticals Inc. Common Stock,44.0,43.75,44.2599983215332,43.529998779296875,44.15999984741211,7312110168.0,2193062,Health Care
AMRX,Amneal Pharmaceuticals Inc. Class A Common Stock,20.295,20.239999771118164,20.530000686645508,19.530000686645508,19.649999618530273,7068667665.0,3591564,Health Care
SYRE,Spyre Therapeutics Inc. Common Stock,80.11,78.91000366210938,82.22000122070312,78.0,80.8499984741211,7063600074.0,4252507,Health Care
MSA,MSA Safety Incorporated Common Stock,182.45,180.3300018310547,181.16000366210938,177.52999877929688,179.27999877929688,7038608828.0,190972,Health Care
HIMS,Hims & Hers Health Inc. Class A Common Stock,29.47,28.8700008392334,29.917999267578125,28.75,29.540000915527344,6875746281.0,8804577,Health Care
PACS,PACS Group Inc. Common Stock,42.81,42.47999954223633,43.67499923706055,42.43000030517578,43.189998626708984,6778347550.0,920816,Health Care
CHE,Chemed Corp,509.84,508.32000732421875,514.6699829101562,499.5199890136719,501.45001220703125,6663588916.0,129251,Health Care
IMVT,Immunovant Inc. Common Stock,32.11,31.719999313354492,32.75,31.579999923706055,32.040000915527344,6632406619.0,1674006,Health Care
LNTH,Lantheus Holdings Inc. Common Stock,99.95,100.19999694824219,100.33000183105469,100.0199966430664,100.18000030517578,6523973282.0,730215,Health Care
BLTE,Belite Bio Inc American Depositary Shares,155.61,155.08999633789062,156.75,154.60000610351562,156.0800018310547,6266748328.0,190284,Health Care
RYTM,Rhythm Pharmaceuticals Inc. Common Stock,90.77,90.7699966430664,91.37000274658203,88.2300033569336,88.44999694824219,6249703483.0,992901,Health Care
GRAL,GRAIL Inc. Common Stock ,137.28,134.0,139.0,130.55999755859375,132.89999389648438,6131780604.0,2044274,Health Care
KNSA,Kiniksa Pharmaceuticals International plc Class A Ordinary Shares,77.09,76.18000030517578,79.22000122070312,74.69999694824219,77.95999908447266,6014871162.0,378793,Health Care
LGND,Ligand Pharmaceuticals Incorporated Common Stock,296.94,293.6300048828125,301.2699890136719,292.4700012207031,293.260009765625,5919679736.0,163817,Health Care
IOVA,Iovance Biotherapeutics Inc. Common Stock,12.96,12.520000457763672,13.149999618530273,12.3100004196167,12.920000076293945,5870509759.0,18953942,Health Care
KOD,Kodiak Sciences Inc Common Stock,92.34,91.73999786376953,94.25,89.91000366210938,91.08000183105469,5803518859.0,1483532,Health Care
CGON,CG Oncology Inc. Common stock,63.64,62.68000030517578,63.63999938964844,61.900001525878906,62.380001068115234,5641073465.0,774442,Health Care
RDNT,RadNet Inc. Common Stock,70.28,69.56999969482422,70.66000366210938,68.44999694824219,68.61000061035156,5530843222.0,291798,Health Care
MMED,MiniMed Group Inc. Common Stock,19.64,19.56999969482422,19.639999389648438,19.030000686645508,19.110000610351562,5525712645.0,15506308,Health Care
PTCT,PTC Therapeutics Inc. Common Stock,63.7,63.189998626708984,64.04000091552734,62.84000015258789,63.22999954223633,5316453087.0,1264991,Health Care
ORKA,Oruka Therapeutics Inc. Common Stock,80.18,79.01000213623047,81.4000015258789,78.5199966430664,79.5,5308693666.0,1122641,Health Care
TFX,Teleflex Incorporated Common Stock,124.74,125.06999969482422,126.83999633789062,122.83999633789062,124.4800033569336,5285532802.0,683381,Health Care
TVTX,Travere Therapeutics Inc. Common Stock,55.98,55.40999984741211,56.61000061035156,53.275001525878906,53.439998626708984,5276735370.0,3108098,Health Care
COGT,Cogent Biosciences Inc. Common Stock,30.38,30.049999237060547,30.43000030517578,29.8799991607666,30.139999389648438,5271688953.0,2383836,Health Care
SHC,Sotera Health Company Common Stock,18.25,18.1299991607666,18.69300079345703,17.8700008392334,17.899999618530273,5208090009.0,1654159,Health Care
SRRK,Scholar Rock Holding Corporation Common Stock,42.45,42.279998779296875,44.20000076293945,41.95000076293945,42.20000076293945,5169785221.0,1865549,Health Care
MIRM,Mirum Pharmaceuticals Inc. Common Stock,79.25,78.79000091552734,83.13300323486328,78.38999938964844,80.63999938964844,5145877088.0,1147024,Health Care
MMSI,Merit Medical Systems Inc. Common Stock,84.96,84.93000030517578,86.01000213623047,84.7300033569336,85.08999633789062,5072997283.0,587731,Health Care
ERAS,Erasca Inc. Common Stock,14.3,14.09000015258789,14.569999694824219,13.930000305175781,14.119999885559082,5001597101.0,8043055,Health Care
DFTX,Definium Therapeutics Inc. Common Shares,35.62,35.34000015258789,36.3849983215332,34.91999816894531,35.09000015258789,4786150759.0,2481545,Health Care
DNTH,Dianthus Therapeutics Inc. Common Stock,85.4,84.5999984741211,86.61000061035156,84.12999725341797,84.87999725341797,4776795881.0,1347820,Health Care
BLLN,BillionToOne Inc. Class A Common Stock,99.94,99.41999816894531,99.8499984741211,94.5199966430664,95.75,4715872578.0,1118055,Health Care
HAE,Haemonetics Corporation Common Stock,103.52,103.4800033569336,104.0199966430664,101.31999969482422,101.70999908447266,4709854720.0,542077,Health Care
OPCH,Option Care Health Inc. Common Stock,31.0,31.030000686645508,31.059999465942383,30.989999771118164,31.010000228881836,4643342533.0,65082550,Health Care
CON,Concentra Group Holdings Parent Inc. Common Stock,36.4,36.40999984741211,36.720001220703125,36.29999923706055,36.400001525878906,4641645590.0,906445,Health Care
LFST,LifeStance Health Group Inc. Common Stock,12.12,11.989999771118164,12.295000076293945,11.960000038146973,12.109999656677246,4631708262.0,2496413,Health Care
MANE,Veradermics Incorporated Common Stock,108.96,108.91999816894531,113.43000030517578,108.83999633789062,110.94999694824219,4552363619.0,736832,Health Care
HTFL,Heartflow Inc. Common Stock,50.69,49.7599983215332,51.5,48.439998626708984,49.36000061035156,4407679353.0,2909148,Health Care
EWTX,Edgewise Therapeutics Inc. Common Stock,40.02,39.65999984741211,41.05500030517578,39.400001525878906,39.56999969482422,4346337243.0,1624882,Health Care
ITGR,Integer Holdings Corporation Common Stock,126.47,126.5999984741211,126.62999725341797,126.47000122070312,126.58999633789062,4298974311.0,312070,Health Care
ADPT,Adaptive Biotechnologies Corporation Common Stock,26.9,26.389999389648438,26.93000030517578,25.864999771118164,26.280000686645508,4293128150.0,2533940,Health Care
RLAY,Relay Therapeutics Inc. Common Stock,18.74,18.399999618530273,18.540000915527344,17.850000381469727,17.950000762939453,4106714165.0,3879893,Health Care
ICUI,ICU Medical Inc. Common Stock,159.73,157.88999938964844,160.5,155.5399932861328,156.02999877929688,3994374180.0,238639,Health Care
NVST,Envista Holdings Corporation Common Stock,23.27,23.0,23.469999313354492,22.895000457763672,23.040000915527344,3737574088.0,1838700,Health Care
TNGX,Tango Therapeutics Inc.,21.9,21.639999389648438,22.459999084472656,21.3799991607666,21.829999923706055,3692567037.0,4351323,Health Care
LEGN,Legend Biotech Corporation American Depositary Shares,18.72,18.725000381469727,19.235000610351562,18.579999923706055,19.1200008392334,3640823091.0,1345450,Health Care
OGN,Organon & Co. Common Stock ,13.74,13.720000267028809,13.789999961853027,13.720000267028809,13.789999961853027,3608253609.0,1949146,Health Care
VCYT,Veracyte Inc. Common Stock,44.65,44.040000915527344,44.209999084472656,42.34000015258789,43.15999984741211,3589446139.0,1732301,Health Care
NHC,National HealthCare Corporation Common Stock,228.27,225.99000549316406,229.19000244140625,220.39999389648438,221.19000244140625,3575026637.0,90677,Health Care
VKTX,Viking Therapeutics Inc. Common Stock,28.38,28.389999389648438,29.059999465942383,28.121000289916992,28.540000915527344,3567043915.0,7109620,Health Care
PLSE,Pulse Biosciences Inc Common Stock (DE),49.75,49.11000061035156,49.93000030517578,48.130001068115234,49.09000015258789,3548299698.0,421402,Health Care
IDYA,IDEAYA Biosciences Inc. Common Stock,36.63,36.189998626708984,36.970001220703125,36.0,36.2599983215332,3534409799.0,802473,Health Care
IRTC,iRhythm Holdings Inc. Common Stock,107.2,105.97000122070312,108.01000213623047,104.69999694824219,104.98999786376953,3533633922.0,418094,Health Care
PBLS,Parabilis Medicines Inc. Common Stock,28.86,28.780000686645508,30.360000610351562,27.559999465942383,28.81999969482422,3519535586.0,979232,Health Care
AMLX,Amylyx Pharmaceuticals Inc. Common Stock,28.04,27.719999313354492,28.459999084472656,27.209999084472656,27.43000030517578,3517850255.0,1279507,Health Care
CELC,Celcuity Inc. Common Stock,71.25,70.5199966430664,73.50499725341797,64.1500015258789,65.77999877929688,3486398445.0,1563257,Health Care
TARS,Tarsus Pharmaceuticals Inc. Common Stock,74.11,73.58000183105469,74.67500305175781,73.30000305175781,73.61000061035156,3467731998.0,432449,Health Care
ACAD,ACADIA Pharmaceuticals Inc. Common Stock,19.74,19.600000381469727,19.799999237060547,19.459999084472656,19.649999618530273,3401310925.0,1666371,Health Care
CDNA,CareDx Inc. Common Stock,63.79,61.38199996948242,65.0999984741211,61.38199996948242,63.040000915527344,3300126085.0,2568866,Health Care
WRBY,Warby Parker Inc. Class A Common Stock,26.23,25.979999542236328,26.40999984741211,25.290000915527344,25.309999465942383,3242239256.0,3257212,Health Care
ELVN,Enliven Therapeutics Inc. Common Stock,42.39,41.619998931884766,42.380001068115234,41.040000915527344,41.36000061035156,3105947559.0,2333146,Health Care
RCUS,Arcus Biosciences Inc. Common Stock,24.28,24.225000381469727,24.850000381469727,23.899999618530273,24.520000457763672,3091654369.0,824872,Health Care
DNLI,Denali Therapeutics Inc. Common Stock,19.28,18.950000762939453,19.43000030517578,18.889999389648438,19.15999984741211,3081857930.0,3674584,Health Care
ARQT,Arcutis Biotherapeutics Inc. Common Stock,23.92,23.739999771118164,24.3799991607666,23.510000228881836,24.170000076293945,3006551707.0,2573067,Health Care
DYN,Dyne Therapeutics Inc. Common Stock,15.4,15.399999618530273,16.114999771118164,15.244999885559082,15.970000267028809,2875895037.0,4101516,Health Care
TMDX,TransMedics Group Inc. Common Stock,80.28,80.95999908447266,83.9000015258789,80.55999755859375,81.06999969482422,2783720641.0,570853,Health Care
MBX,MBX Biosciences Inc. Common Stock,56.92,56.380001068115234,58.5,53.36000061035156,54.540000915527344,2741272664.0,366695,Health Care
ATRC,AtriCure Inc. Common Stock,53.68,53.349998474121094,54.880001068115234,52.97999954223633,53.310001373291016,2730502662.0,863711,Health Care
ACHC,Acadia Healthcare Company Inc. Common Stock,29.04,28.84000015258789,29.65999984741211,28.65999984741211,29.229999542236328,2703631986.0,1417759,Health Care
PGEN,Precigen Inc. Common Stock,7.55,7.380000114440918,7.75,7.349999904632568,7.539999961853027,2703166115.0,5140117,Health Care
AVAH,Aveanna Healthcare Holdings Inc. Common Stock,12.22,12.239999771118164,12.545000076293945,12.135000228881836,12.3100004196167,2666644685.0,3304895,Health Care
NEOG,Neogen Corporation Common Stock,11.96,12.609999656677246,12.930000305175781,11.369999885559082,11.680000305175781,2608547820.0,5970952,Health Care
BEAM,Beam Therapeutics Inc. Common Stock,25.23,24.635000228881836,25.3700008392334,24.450000762939453,24.770000457763672,2605947788.0,2523219,Health Care
BKD,Brookdale Senior Living Inc. Common Stock,10.9,10.960000038146973,11.069999694824219,10.770000457763672,10.770000457763672,2603108047.0,4574488,Health Care
PRVA,Privia Health Group Inc. Common Stock,20.28,20.170000076293945,20.829999923706055,19.9950008392334,20.299999237060547,2590449718.0,1078726,Health Care
SUPN,Supernus Pharmaceuticals Inc. Common Stock,42.83,42.2400016784668,43.380001068115234,42.2400016784668,43.04999923706055,2489579967.0,748299,Health Care
RXRX,Recursion Pharmaceuticals Inc. Class A Common Stock,4.63,4.505000114440918,4.599999904632568,4.230000019073486,4.269999980926514,2478634247.0,71106428,Health Care
CLOV,Clover Health Investments Corp. Class A Common Stock,4.6,4.550000190734863,4.75,4.5279998779296875,4.559999942779541,2443318810.0,3352439,Health Care
CLDX,Celldex Therapeutics Inc.,31.005,30.6200008392334,31.350000381469727,30.110000610351562,30.43000030517578,2434808140.0,1768236,Health Care
IRON,Disc Medicine Inc. Common Stock,61.65,61.20000076293945,62.970001220703125,60.02000045776367,61.18000030517578,2366918833.0,1422399,Health Care
UFPT,UFP Technologies Inc. Common Stock,302.87,297.05999755859375,303.6199951171875,291.2300109863281,292.8699951171875,2345967417.0,132638,Health Care
NRIX,Nurix Therapeutics Inc. Common stock,22.6,22.43000030517578,23.100000381469727,22.18000030517578,22.729999542236328,2345466036.0,1154238,Health Care
LQDA,Liquidia Corporation Common Stock,25.91,25.549999237060547,27.329999923706055,24.59000015258789,26.68000030517578,2319175366.0,5313848,Health Care
BFLY,Butterfly Network Inc. Class A Common Stock,8.7,8.399999618530273,8.640000343322754,8.130000114440918,8.270000457763672,2316681092.0,9250832,Health Care
RVMDW,Revolution Medicines Inc. Warrant,10.73,0.38600000739097595,11.100000381469727,10.5,10.760000228881836,2299829765.0,22118,Health Care
HRMY,Harmony Biosciences Holdings Inc. Common Stock,39.36,39.27000045776367,39.86000061035156,39.095001220703125,39.34000015258789,2292184428.0,507315,Health Care
SLS,SELLAS Life Sciences Group Inc. Common Stock,11.34,11.279999732971191,11.539999961853027,11.149999618530273,11.3100004196167,2290064340.0,3982859,Health Care
ADMA,ADMA Biologics Inc Common Stock,10.18,10.149999618530273,10.319999694824219,10.069999694824219,10.140000343322754,2280164042.0,2100210,Health Care
IMNM,Immunome Inc. Common Stock,19.31,18.940000534057617,19.55500030517578,18.937999725341797,19.094999313354492,2278640170.0,2314213,Health Care
PBH,Prestige Consumer Healthcare Inc. Common Stock,46.44,46.56999969482422,47.720001220703125,46.34000015258789,47.56999969482422,2200072802.0,660945,Health Care
SDGR,Schrodinger Inc. Common Stock,28.9,27.809999465942383,28.43000030517578,26.8700008392334,27.290000915527344,2161882649.0,5264383,Health Care
WGS,GeneDx Holdings Corp. Class A Common Stock,71.52,70.30999755859375,71.43000030517578,68.38999938964844,68.52999877929688,2132908132.0,817035,Health Care
AXGN,Axogen Inc. Common Stock,36.31,36.310001373291016,36.880001068115234,35.83000183105469,36.040000915527344,2130362637.0,2354923,Health Care
NEO,NeoGenomics Inc. Common Stock,16.505,16.360000610351562,16.639999389648438,15.880000114440918,15.970000267028809,2120487137.0,5099882,Health Care
VERA,Vera Therapeutics Inc. Class A Common Stock,29.42,29.09000015258789,30.610000610351562,28.459999084472656,30.25,2120103316.0,2395860,Health Care
ADUS,Addus HomeCare Corporation Common Stock,113.16,113.16000366210938,117.30999755859375,112.91000366210938,113.2699966430664,2113183788.0,125631,Health Care
MD,Pediatrix Medical Group Inc. Common Stock,26.0,25.809999465942383,26.399999618530273,25.719999313354492,25.829999923706055,2112585046.0,667765,Health Care
VRDN,Viridian Therapeutics Inc. Common Stock,18.22,18.020000457763672,18.729999542236328,17.915000915527344,18.280000686645508,2064185141.0,2196922,Health Care
VCEL,Vericel Corporation Common Stock,40.05,39.66999816894531,41.400001525878906,39.5,40.7400016784668,2050824891.0,669084,Health Care
TRLV,Trulieve Cannabis Corp. Subordinate Voting Shares,10.65,10.699999809265137,10.920000076293945,10.550000190734863,10.779999732971191,2050820466.0,1156828,Health Care
MRVI,Maravai LifeSciences Holdings Inc. Class A Common Stock,7.85,7.650000095367432,7.730000019073486,7.21999979019165,7.429999828338623,2038437956.0,3613498,Health Care
BCRX,BioCryst Pharmaceuticals Inc. Common Stock,7.95,7.909999847412109,8.430000305175781,7.860000133514404,8.399999618530273,2031504085.0,3944177,Health Care
PGNY,Progyny Inc. Common Stock,25.91,25.809999465942383,28.31999969482422,25.809999465942383,27.549999237060547,1987991336.0,868357,Health Care
ADRX,ADARx Pharmaceuticals Inc. Common Stock,18.58,18.329999923706055,18.700000762939453,17.200000762939453,17.329999923706055,1984368619.0,1034956,Health Care
FTRE,Fortrea Holdings Inc. Common Stock,20.78,20.3799991607666,21.110000610351562,20.239999771118164,20.559999465942383,1976178000.0,2650782,Health Care
INSP,Inspire Medical Systems Inc. Common Stock,68.2,67.12999725341797,68.37000274658203,66.5,67.44999694824219,1971687575.0,869617,Health Care
VIR,Vir Biotechnology Inc. Common Stock,11.6,11.319999694824219,11.765000343322754,11.319999694824219,11.520000457763672,1962905113.0,2586776,Health Care
GPCR,Structure Therapeutics Inc. American Depositary Shares,27.47,27.139999389648438,28.049999237060547,26.3799991607666,26.68000030517578,1958881772.0,1421947,Health Care
PRGO,Perrigo Company plc Ordinary Shares,14.0,14.0,14.619999885559082,14.0,14.550000190734863,1942769430.0,2035416,Health Care
MLYS,Mineralys Therapeutics Inc. Common Stock,21.95,21.780000686645508,22.440000534057617,21.485000610351562,22.09000015258789,1940531126.0,1216025,Health Care
AGIO,Agios Pharmaceuticals Inc. Common Stock,31.72,31.3700008392334,32.27000045776367,31.06999969482422,31.790000915527344,1893743697.0,1278374,Health Care
TRVI,Trevi Therapeutics Inc. Common Stock,13.18,12.9399995803833,13.529999732971191,12.840999603271484,13.140000343322754,1877831584.0,4998931,Health Care
NVAX,Novavax Inc. Common Stock,11.32,11.010000228881836,11.75,10.899999618530273,11.220000267028809,1867185618.0,19413050,Health Care
PVLA,Palvella Therapeutics Inc. Common Stock,128.0,125.97000122070312,131.34500122070312,125.0,130.58999633789062,1844276096.0,310009,Health Care
XERS,Xeris Biopharma Holdings Inc. Common Stock,10.07,10.0,10.270000457763672,9.90999984741211,10.109999656677246,1835965481.0,2404079,Health Care
SRPT,Sarepta Therapeutics Inc. Common Stock (DE),17.31,17.280000686645508,17.670000076293945,16.979999542236328,17.5,1828403734.0,2691568,Health Care
BHVN,Biohaven Ltd. Common Shares ,12.08,11.859999656677246,12.232000350952148,11.845000267028809,11.880000114440918,1824608874.0,3054438,Health Care
ZYME,Zymeworks Inc. Common Stock,25.65,25.75,27.020000457763672,25.170000076293945,26.530000686645508,1820104532.0,1465986,Health Care
XNCR,Xencor Inc. Common Stock,24.36,24.110000610351562,24.59000015258789,23.65999984741211,24.260000228881836,1811248751.0,1245848,Health Care
LMAT,LeMaitre Vascular Inc. Common Stock,79.05,78.76000213623047,80.47000122070312,78.58000183105469,79.30999755859375,1807814766.0,283398,Health Care
SNDA,Sonida Senior Living Inc. Common Stock,37.12,37.189998626708984,37.5,36.16999816894531,36.209999084472656,1783541389.0,368003,Health Care
BRVE,Braveheart Bio Inc. Common Stock,19.79,19.610000610351562,19.649999618530273,18.469999313354492,18.579999923706055,1781871197.0,590334,Health Care
GENB,Generate Biomedicines Inc. Common Stock,13.8,13.59000015258789,13.989999771118164,13.350000381469727,13.569999694824219,1771263617.0,1170115,Health Care
ABSI,Absci Corporation Common Stock,10.27,10.0,10.220000267028809,9.119999885559082,9.220000267028809,1762475883.0,5883097,Health Care
FRNM,Freenome Inc. Common stock,16.36,16.200000762939453,16.6200008392334,15.800000190734863,16.030000686645508,1757829877.0,712316,Health Care
ZBIO,Zenas BioPharma Inc. Common Stock,26.94,26.889999389648438,28.860000610351562,26.774999618530273,28.18000030517578,1755860918.0,357626,Health Care
SGRY,Surgery Partners Inc. Common Stock,13.41,13.359999656677246,13.96500015258789,13.34000015258789,13.710000038146973,1755613867.0,892303,Health Care
ALHC,Alignment Healthcare Inc. Common Stock,8.37,8.300000190734863,8.78499984741211,8.260000228881836,8.550000190734863,1736232197.0,10761727,Health Care
NTLA,Intellia Therapeutics Inc. Common Stock,12.37,12.079999923706055,12.40999984741211,11.699999809265137,11.710000038146973,1733367192.0,7951988,Health Care
NUVB,Nuvation Bio Inc. Class A Common Stock,4.88,4.809999942779541,4.949999809265137,4.789999961853027,4.860000133514404,1713481377.0,6653936,Health Care
PSNL,Personalis Inc. Common Stock,16.03,15.774999618530273,16.100000381469727,15.680000305175781,16.0,1712001948.0,5660011,Health Care
XRAY,DENTSPLY SIRONA Inc. Common Stock,8.52,8.460000038146973,8.550000190734863,8.380000114440918,8.539999961853027,1698495024.0,4723437,Health Care
SEPN,Septerna Inc. Common Stock,35.67,35.27000045776367,37.13999938964844,35.20000076293945,36.0,1664966699.0,491223,Health Care
ANIP,ANI Pharmaceuticals Inc.,71.52,71.7699966430664,72.73999786376953,71.56999969482422,71.93000030517578,1642062582.0,292022,Health Care
ATEC,Alphatec Holdings Inc. Common Stock,10.54,10.40999984741211,10.65999984741211,10.180000305175781,10.25,1627914341.0,1914366,Health Care
KMTS,Kestra Medical Technologies Ltd. Common Stock,27.1,26.559999465942383,27.610000610351562,25.899999618530273,26.489999771118164,1614124645.0,262291,Health Care
OCUL,Ocular Therapeutix Inc. Common Stock,7.34,7.260000228881836,7.545000076293945,7.190000057220459,7.230000019073486,1611980471.0,2807179,Health Care
STOK,Stoke Therapeutics Inc. Common Stock,24.37,24.1299991607666,24.700000762939453,23.950000762939453,24.290000915527344,1572504518.0,1167483,Health Care
ETON,Eton Pharmaceuticals Inc. Common Stock,54.77,53.84000015258789,56.41999816894531,53.54999923706055,54.880001068115234,1565498304.0,492403,Health Care
SNDX,Syndax Pharmaceuticals Inc. Common Stock,17.37,17.170000076293945,17.69499969482422,17.030000686645508,17.030000686645508,1551090384.0,1135287,Health Care
ARDT,Ardent Health Inc. Common Stock,10.68,10.550000190734863,10.949999809265137,10.550000190734863,10.880000114440918,1506370287.0,290317,Health Care
INVA,Innoviva Inc. Common Stock,20.83,20.780000686645508,21.100000381469727,20.780000686645508,21.059999465942383,1504873453.0,679649,Health Care
RAPP,Rapport Therapeutics Inc. Common Stock,31.15,30.809999465942383,31.350000381469727,30.454999923706055,30.860000610351562,1494523609.0,235785,Health Care
PAHC,Phibro Animal Health Corporation Class A Common Stock,36.61,36.43000030517578,37.92499923706055,36.029998779296875,37.720001220703125,1486424686.0,133251,Health Care
MAZE,Maze Therapeutics Inc. Common Stock,26.43,26.299999237060547,26.885000228881836,25.8700008392334,26.25,1468164510.0,682873,Health Care
HCSG,Healthcare Services Group Inc. Common Stock,21.13,21.1299991607666,21.40999984741211,20.75,20.790000915527344,1450198428.0,562686,Health Care
KRSA,Korsana Biosciences Inc. Common Stock,31.77,32.36000061035156,32.400001525878906,31.0,31.649999618530273,1446851072.0,42635,Health Care
TSHA,Taysha Gene Therapies Inc. Common Stock,4.39,4.329999923706055,4.460000038146973,4.260000228881836,4.429999828338623,1430409263.0,4835631,Health Care
RARE,Ultragenyx Pharmaceutical Inc. Common Stock,14.46,14.369999885559082,15.253000259399414,14.345000267028809,14.890000343322754,1425595104.0,3892121,Health Care
ANAB,AnaptysBio Inc. Common Stock,47.89,47.0,47.38999938964844,45.619998931884766,45.650001525878906,1417950155.0,627117,Health Care
KLRA,Kailera Therapeutics Inc. Common Stock,10.83,10.770000457763672,11.119999885559082,10.5,10.529999732971191,1404041011.0,1452125,Health Care
AGL,agilon health inc. Common Stock,83.4,81.98999786376953,87.83999633789062,81.98999786376953,85.69999694824219,1400386914.0,168550,Health Care
PNTG,The Pennant Group Inc. Common Stock ,39.955,39.95000076293945,40.4900016784668,39.130001068115234,39.619998931884766,1395591152.0,236405,Health Care
TYRA,Tyra Biosciences Inc. Common Stock,20.24,19.969999313354492,20.790000915527344,19.795000076293945,20.389999389648438,1391620205.0,763414,Health Care
INBX,Inhibrx Biosciences Inc. Common Stock,93.41,92.0199966430664,96.70999908447266,90.66000366210938,93.36000061035156,1374776621.0,169476,Health Care
NKTR,Nektar Therapeutics  Common Stock,39.91,39.220001220703125,40.349998474121094,38.45000076293945,40.2599983215332,1362646891.0,1957352,Health Care
OMER,Omeros Corporation Common Stock,18.51,18.110000610351562,18.84000015258789,18.020000457763672,18.75,1339907729.0,1035014,Health Care
CNMD,CONMED Corporation Common Stock,44.48,44.06999969482422,44.63999938964844,43.970001220703125,44.22999954223633,1332231511.0,456405,Health Care
COAG,Hemab Therapeutics Holdings Inc. Common Stock,28.37,28.25,28.979999542236328,27.3799991607666,28.700000762939453,1325222759.0,436848,Health Care
EYE,National Vision Holdings Inc. Common Stock,16.74,16.59000015258789,17.200000762939453,16.475000381469727,16.81999969482422,1323620300.0,1549399,Health Care
OMDA,Omada Health Inc. Common Stock,20.73,20.700000762939453,21.399999618530273,20.649999618530273,20.889999389648438,1269022253.0,855893,Health Care
KARD,Kardigan Inc. Common Stock,13.49,13.34000015258789,14.1899995803833,12.229999542236328,13.829999923706055,1261364900.0,1560925,Health Care
REPL,Replimune Group Inc. Common Stock,13.25,13.140000343322754,13.600000381469727,13.010000228881836,13.199999809265137,1248410151.0,2618070,Health Care
USPH,U.S. Physical Therapy Inc. Common Stock,83.63,82.80999755859375,84.97000122070312,82.7300033569336,82.95999908447266,1247985234.0,190478,Health Care
ORIC,Oric Pharmaceuticals Inc. Common Stock,11.98,11.829999923706055,12.425000190734863,11.805000305175781,12.010000228881836,1241758819.0,2091951,Health Care
INNV,InnovAge Holding Corp. Common Stock,9.0,8.90999984741211,9.194999694824219,8.90999984741211,9.130000114440918,1228062825.0,362379,Health Care
MNKD,MannKind Corporation Common Stock,3.71,3.6700000762939453,3.680000066757202,3.390000104904175,3.450000047683716,1192930036.0,3070767,Health Care
HROW,Harrow Inc. Common Stock,30.35,30.09000015258789,31.110000610351562,29.899999618530273,30.6200008392334,1137756248.0,421995,Health Care
AVLN,Avalyn Pharma Inc. Common Stock,25.43,25.299999237060547,26.309999465942383,25.260000228881836,25.530000686645508,1127390606.0,260623,Health Care
LFMDP,LifeMD Inc. 8.875% Series A Cumulative Perpetual Preferred Stock,23.35,21.96500015258789,22.399999618530273,21.96500015258789,22.399999618530273,1125489544.0,6313,Health Care
TNDM,Tandem Diabetes Care Inc. Common Stock,16.16,15.800000190734863,16.639999389648438,15.729999542236328,15.84000015258789,1124391905.0,1484965,Health Care
TRAX,First Tracks Biotherapeutics Inc. Ordinary Shares ,31.39,30.90999984741211,31.75,30.530000686645508,30.59000015258789,1121591162.0,614121,Health Care
STAA,STAAR Surgical Company Common Stock,22.15,22.079999923706055,22.709999084472656,21.959999084472656,22.360000610351562,1110689246.0,637489,Health Care
LBRX,LB Pharmaceuticals Inc Common Stock,34.26,34.02000045776367,36.56999969482422,34.0,34.15999984741211,1105199336.0,432778,Health Care
AMPH,Amphastar Pharmaceuticals Inc. Common Stock,25.91,25.90999984741211,26.170000076293945,25.290000915527344,25.540000915527344,1102158129.0,469199,Health Care
BVS,Bioventus Inc. Class A Common Stock,13.1,13.0,13.359999656677246,12.75,12.770000457763672,1101603628.0,295496,Health Care
BCAX,Bicara Therapeutics Inc. Common Stock,16.56,16.440000534057617,17.110000610351562,16.246000289916992,16.420000076293945,1095823787.0,981209,Health Care
CDRE,Cadre Holdings Inc. Common Stock,25.5,25.239999771118164,25.489999771118164,24.565000534057617,24.969999313354492,1091928717.0,608330,Health Care
OPK,OPKO Health Inc. Common Stock,1.46,1.4199999570846558,1.4299999475479126,1.3799999952316284,1.3899999856948853,1089639209.0,2455447,Health Care
IRMD,iRadimed Corporation Common Stock,84.82,84.55000305175781,86.7699966430664,83.83999633789062,85.47000122070312,1084592577.0,118629,Health Care
VOR,Vor Biopharma Inc. Common Stock,18.31,18.09000015258789,18.895000457763672,17.860000610351562,18.780000686645508,1083261603.0,472861,Health Care
TRUP,Trupanion Inc. Common Stock,24.68,24.350000381469727,25.049999237060547,24.09000015258789,24.6299991607666,1082776039.0,333317,Health Care
LTGO,Latigo Biotherapeutics Inc. Common Stock,16.26,16.219999313354492,16.350000381469727,15.270000457763672,15.520000457763672,1078027382.0,545023,Health Care
AORT,Artivion Inc. Common Stock,21.84,21.799999237060547,22.399999618530273,21.59000015258789,21.610000610351562,1064835867.0,494384,Health Care
ENOV,Enovis Corporation Common Stock,18.2,18.030000686645508,18.1299991607666,17.530000686645508,17.610000610351562,1049584791.0,1017635,Health Care
TDOC,Teladoc Health Inc. Common Stock,5.77,5.760000228881836,5.761000156402588,5.53000020980835,5.559999942779541,1048316801.0,3725295,Health Care
CGEM,Cullinan Therapeutics Inc. Common Stock,16.25,15.949999809265137,16.459999084472656,15.472000122070312,15.630000114440918,1045763778.0,2017289,Health Care
IART,Integra LifeSciences Holdings Corporation Common Stock,13.32,13.1899995803833,13.460000038146973,12.979999542236328,13.0,1035929780.0,1370184,Health Care
LMRI,Lumexa Imaging Holdings Inc. Common Stock,10.71,10.569999694824219,10.710000038146973,10.489999771118164,10.59000015258789,1028962993.0,258124,Health Care
JANX,Janux Therapeutics Inc. Common Stock,16.79,16.520000457763672,18.364999771118164,16.420000076293945,17.920000076293945,1026486419.0,809861,Health Care
CSTL,Castle Biosciences Inc. Common Stock,33.36,33.150001525878906,33.720001220703125,32.77000045776367,33.0,1019131554.0,609287,Health Care
MGTX,MeiraGTx Holdings plc Ordinary Shares,10.6,10.5,11.010000228881836,10.319999694824219,10.819999694824219,1018055758.0,944507,Health Care
PRCT,PROCEPT BioRobotics Corporation Common Stock,17.51,17.6299991607666,18.459999084472656,17.6299991607666,17.90999984741211,1002861769.0,949646,Health Care
AKTS,Aktis Oncology Inc. Common stock,17.86,17.719999313354492,18.350000381469727,17.700000762939453,18.0,993364252.0,294778,Health Care
PCRX,Pacira BioSciences Inc. Common Stock,24.76,25.049999237060547,26.0,24.989999771118164,25.200000762939453,986980297.0,493130,Health Care
BBNX,Beta Bionics Inc. Common Stock,18.63,18.90999984741211,19.110000610351562,17.93400001525879,18.079999923706055,980717908.0,922886,Health Care
SVRA,Savara Inc. Common Stock,4.65,4.739999771118164,5.050000190734863,4.690000057220459,4.880000114440918,955389070.0,2291176,Health Care
KURA,Kura Oncology Inc. Common Stock,10.53,10.430000305175781,10.989999771118164,10.319999694824219,10.670000076293945,936755318.0,1309742,Health Care
CBLL,CeriBell Inc. Common Stock,24.34,24.200000762939453,24.549999237060547,23.43000030517578,23.479999542236328,934122978.0,241760,Health Care
MLTX,MoonLake Immunotherapeutics Class A Ordinary Shares,10.95,10.8100004196167,11.289999961853027,10.710000038146973,10.770000457763672,931918201.0,3052511,Health Care
SPTX,Seaport Therapeutics Inc. Common Stock,17.37,17.280000686645508,18.290000915527344,17.06999969482422,17.93000030517578,929825654.0,243011,Health Care
ANRO,Alto Neuroscience Inc. Common Stock,23.69,23.389999389648438,24.420000076293945,23.325000762939453,23.520000457763672,929645444.0,576616,Health Care
CYRX,CryoPort Inc. Common Stock,17.8,17.360000610351562,17.549999237060547,17.1299991607666,17.350000381469727,901553980.0,1170020,Health Care
ALMS,Alumis Inc. Common Stock,6.93,6.820000171661377,6.949999809265137,6.710000038146973,6.769999980926514,896986206.0,1745591,Health Care
CRVS,Corvus Pharmaceuticals Inc. Common Stock,10.56,10.25,10.645000457763672,10.25,10.40999984741211,888317169.0,1441219,Health Care
SIBN,SI-BONE Inc. Common Stock,19.55,19.270000457763672,19.690000534057617,18.979999542236328,19.100000381469727,876203141.0,538749,Health Care
ODTX,Odyssey Therapeutics Inc. Common Stock,18.13,18.010000228881836,18.84000015258789,17.829999923706055,18.079999923706055,871301095.0,340883,Health Care
QDEL,QuidelOrtho Corporation Common Stock,12.57,12.34000015258789,12.40999984741211,11.829999923706055,12.3100004196167,861993117.0,3218775,Health Care
RIGL,Rigel Pharmaceuticals Inc. Common Stock,46.11,45.63999938964844,48.150001525878906,45.220001220703125,47.9900016784668,861328529.0,202619,Health Care
JBIO,Jade Biosciences Inc. Common Stock,13.41,13.1899995803833,14.140000343322754,13.079999923706055,13.770000457763672,852840960.0,493882,Health Care
GLUE,Monte Rosa Therapeutics Inc. Common Stock,9.87,9.84000015258789,10.75,9.680000305175781,10.170000076293945,842043268.0,1052903,Health Care
SGP,SpyGlass Pharma Inc. Common Stock,24.78,24.459999084472656,24.760000228881836,23.6200008392334,23.899999618530273,828840920.0,81213,Health Care
ARDX,Ardelyx Inc. Common Stock,3.31,3.259999990463257,3.3499999046325684,3.2200000286102295,3.259999990463257,824810863.0,5818849,Health Care
SANA,Sana Biotechnology Inc. Common Stock,2.75,2.7100000381469727,2.8450000286102295,2.700000047683716,2.7200000286102295,823241752.0,3759436,Health Care
OBX,Obsidian Therapeutics Inc. Common Stock,13.22,13.020000457763672,13.880000114440918,12.800000190734863,13.199999809265137,816637421.0,288802,Health Care
IMMX,Immix Biopharma Inc. Common Stock,9.64,9.5,9.6899995803833,9.399999618530273,9.489999771118164,799184448.0,1215150,Health Care
ATTO,Attovia Therapeutics Inc. Common Stock,17.5,17.399999618530273,17.540000915527344,16.329999923706055,16.420000076293945,798897085.0,521664,Health Care
DNA,Ginkgo Bioworks Holdings Inc. Class A Common Stock,12.41,11.805000305175781,11.946999549865723,10.8100004196167,11.470000267028809,798462838.0,13137940,Health Care
GYRE,Gyre Therapeutics Inc. Common Stock,7.08,7.03000020980835,7.150000095367432,6.989999771118164,7.039999961853027,789489731.0,133975,Health Care
AHCO,AdaptHealth Corp. Common Stock,5.77,5.769999980926514,6.054999828338623,5.679999828338623,5.880000114440918,786706011.0,2529995,Health Care
LXRX,Lexicon Pharmaceuticals Inc. Common Stock,1.75,1.7300000190734863,1.7699999809265137,1.7100000381469727,1.7599999904632568,778672885.0,1640498,Health Care
GERN,Geron Corporation Common Stock,1.21,1.2100000381469727,1.2200000286102295,1.190000057220459,1.2000000476837158,777392825.0,5718167,Health Care
APMD,Apnimed Inc. Common Stock,18.65,18.65999984741211,19.399999618530273,17.84000015258789,18.040000915527344,776414028.0,581334,Health Care
ANNX,Annexon Inc. Common Stock,4.03,3.990000009536743,4.175000190734863,3.9100000858306885,4.010000228881836,764003910.0,2701320,Health Care
CADL,Candel Therapeutics Inc. Common Stock,9.87,9.75,9.944999694824219,9.600000381469727,9.819999694824219,755238237.0,977797,Health Care
DSGN,Design Therapeutics Inc. Common Stock,11.97,11.819999694824219,12.0600004196167,11.574999809265137,11.6899995803833,749102362.0,642542,Health Care
AVBP,ArriVent BioPharma Inc. Common Stock,15.09,15.244999885559082,17.344999313354492,14.968000411987305,16.889999389648438,744053631.0,19752241,Health Care
SLDB,Solid Biosciences Inc. Common Stock,6.92,6.760000228881836,6.974999904632568,6.690000057220459,6.849999904632568,741998647.0,1188708,Health Care
AVTX,Avalo Therapeutics Inc. Common Stock,13.59,13.430000305175781,13.979999542236328,13.300000190734863,13.579999923706055,728831551.0,955600,Health Care
ACHV,Achieve Life Sciences Inc. Common Shares,7.03,7.019999980926514,7.349999904632568,6.960000038146973,7.239999771118164,723404505.0,1056490,Health Care
COLL,Collegium Pharmaceutical Inc. Common Stock,21.88,21.8799991607666,22.149999618530273,21.729999542236328,21.93000030517578,712316812.0,634079,Health Care
VSTM,Verastem Inc. Common Stock,7.75,7.769999980926514,8.359999656677246,7.650000095367432,8.270000457763672,701866668.0,2513914,Health Care
FTH,Faeth Therapeutics Inc. Common Stock,26.89,26.709999084472656,27.024999618530273,23.950000762939453,24.920000076293945,694849028.0,289165,Health Care
FDMT,4D Molecular Therapeutics Inc. Common Stock,12.56,12.359999656677246,12.920000076293945,12.1850004196167,12.59000015258789,693867290.0,1170894,Health Care
OLMA,Olema Pharmaceuticals Inc. Common Stock,7.92,7.900000095367432,8.229999542236328,7.789999961853027,7.940000057220459,692981047.0,1038962,Health Care
AVR,Anteris Technologies Global Corp. Common Stock,7.05,6.829999923706055,7.079999923706055,6.760000228881836,6.820000171661377,687082242.0,2643352,Health Care
MDXG,MiMedx Group Inc Common Stock,4.62,4.579999923706055,4.679999828338623,4.570000171661377,4.610000133514404,673413362.0,1050139,Health Care
STLN,Starling Oncology Inc. Common Stock,6.58,6.5,6.789999961853027,6.375,6.429999828338623,670608037.0,985810,Health Care
NVCT,Nuvectis Pharma Inc. Common Stock,20.03,19.670000076293945,20.719999313354492,19.670000076293945,20.290000915527344,653259742.0,188099,Health Care
AURA,Aura Biosciences Inc. Common Stock,6.17,6.099999904632568,6.563000202178955,6.099999904632568,6.460000038146973,639858672.0,607543,Health Care
ZVRA,Zevra Therapeutics Inc. Common Stock,10.73,10.680000305175781,11.380000114440918,10.569999694824219,11.079999923706055,637187970.0,614613,Health Care
PRME,Prime Medicine Inc. Common Stock,3.5,3.359999895095825,4.019999980926514,3.299999952316284,3.9000000953674316,634818996.0,12022554,Health Care
OABI,OmniAb Inc. Common Stock,4.35,4.349999904632568,4.75,4.300000190734863,4.559999942779541,632448231.0,2002485,Health Care
MPLT,MapLight Therapeutics Inc. Common Stock,9.69,9.619999885559082,9.880000114440918,9.300000190734863,9.359999656677246,627656242.0,495611,Health Care
FBIOP,Fortress Biotech Inc. 9.375% Series A Cumulative Redeemable Perpetual Preferred Stock,18.58,17.5,18.159000396728516,17.5,18.02899932861328,619661450.0,4888,Health Care
SGMT,Sagimet Biosciences Inc. Series A Common Stock,8.76,8.649999618530273,8.970000267028809,8.597999572753906,8.880000114440918,617868589.0,896388,Health Care
ETRA,Electra Therapeutics Inc. Common stock,9.82,9.720000267028809,9.729999542236328,8.920000076293945,9.15999984741211,616371498.0,276164,Health Care
CLYM,Climb Bio Inc. Common Stock,10.68,10.430000305175781,10.944999694824219,10.34000015258789,10.710000038146973,613419203.0,954545,Health Care
IRWD,Ironwood Pharmaceuticals Inc. Class A Common Stock,3.63,3.5799999237060547,3.869999885559082,3.5399999618530273,3.75,599821008.0,1870073,Health Care
ANGO,AngioDynamics Inc. Common Stock,14.42,14.199999809265137,14.510000228881836,14.130000114440918,14.1899995803833,596013049.0,847618,Health Care
KIDS,OrthoPediatrics Corp. Common Stock,22.71,22.56999969482422,22.90999984741211,22.420000076293945,22.479999542236328,592953285.0,237267,Health Care
STTK,Shattuck Labs Inc. Common Stock,5.86,5.760000228881836,5.824999809265137,5.552000045776367,5.65500020980835,588128663.0,1595365,Health Care
AQST,Aquestive Therapeutics Inc. Common Stock,4.61,4.579999923706055,4.664999961853027,4.53000020980835,4.619999885559082,578608697.0,1208691,Health Care
CRMD,CorMedix Inc. Common Stock,7.28,7.269999980926514,7.309999942779541,7.179999828338623,7.28000020980835,567434679.0,744268,Health Care
FLGT,Fulgent Genetics Inc. Common Stock,20.58,20.479999542236328,20.700000762939453,19.899999618530273,20.56999969482422,566264730.0,368644,Health Care
TLRY,Tilray Brands Inc. Common Stock ,3.78,3.75,3.759999990463257,3.700000047683716,3.7200000286102295,558616493.0,3633316,Health Care
CTMX,CytomX Therapeutics Inc. Common Stock,2.56,2.5299999713897705,2.6500000953674316,2.5199999809265137,2.549999952316284,557822167.0,1955997,Health Care
BLSM,BlossomHill Therapeutics Inc. Common Stock,17.29,17.170000076293945,17.670000076293945,16.1200008392334,16.610000610351562,549561077.0,247386,Health Care
PHAT,Phathom Pharmaceuticals Inc. Common Stock,6.78,6.869999885559082,7.03000020980835,6.599999904632568,6.809999942779541,548508333.0,2087976,Health Care
SBC,SBC Medical Group Holdings Incorporated Common Stock,5.33,5.340000152587891,5.449999809265137,5.28000020980835,5.340000152587891,548174206.0,251078,Health Care
ACRS,Aclaris Therapeutics Inc. Common Stock,3.7,3.5950000286102295,3.619999885559082,3.315000057220459,3.4000000953674316,544635904.0,3531085,Health Care
DCTH,Delcath Systems Inc. Common Stock,15.41,15.270000457763672,15.819999694824219,15.270000457763672,15.380000114440918,534708431.0,244836,Health Care
MNPR,Monopar Therapeutics Inc. Common Stock,79.57,78.27999877929688,85.03299713134766,77.9800033569336,83.77999877929688,534087526.0,302191,Health Care
SENS,Senseonics Holdings Inc. Common Stock,9.96,9.829999923706055,9.829999923706055,9.111000061035156,9.15999984741211,526625568.0,568826,Health Care
ALT,Altimmune Inc. Common Stock,2.67,2.640000104904175,2.740000009536743,2.630000114440918,2.6600000858306885,519362262.0,7627439,Health Care
ALLO,Allogene Therapeutics Inc. Common Stock,1.46,1.4600000381469727,1.4700000286102295,1.4199999570846558,1.4299999475479126,504416686.0,4659752,Health Care
CBIO,Crescent Biopharma Inc. Common Stock,13.57,13.470000267028809,14.199999809265137,13.270000457763672,13.489999771118164,504043266.0,492378,Health Care
TCMD,Tactile Systems Technology Inc. Common Stock,22.19,22.010000228881836,22.43000030517578,21.829999923706055,22.020000457763672,502654226.0,148604,Health Care
RGNX,REGENXBIO Inc. Common Stock,7.45,7.309999942779541,7.730000019073486,7.199999809265137,7.59499979019165,491798280.0,1164477,Health Care
PBYI,Puma Biotechnology Inc Common Stock,9.5,9.449999809265137,9.960000038146973,9.40999984741211,9.8100004196167,490390627.0,322688,Health Care
EOLS,Evolus Inc. Common Stock,7.38,7.369999885559082,7.75,7.333000183105469,7.739999771118164,487452247.0,663891,Health Care
PROK,ProKidney Corp. Class A Ordinary Shares,1.6,1.559999942779541,1.600000023841858,1.5499999523162842,1.5700000524520874,483716248.0,771325,Health Care
ARVN,Arvinas Inc. Common Stock,7.31,7.25,7.460000038146973,7.21999979019165,7.449999809265137,477973056.0,585867,Health Care
CTNM,Contineum Therapeutics Inc. Class A Common Stock,12.65,12.420000076293945,13.010000228881836,12.3100004196167,12.729999542236328,475907320.0,761935,Health Care
CERS,Cerus Corporation Common Stock,2.34,2.309999942779541,2.319999933242798,2.2799999713897705,2.2899999618530273,471568261.0,1608102,Health Care
SGHT,Sight Sciences Inc. Common Stock,8.56,8.399999618530273,8.640000343322754,8.350000381469727,8.470000267028809,471553194.0,316700,Health Care
TKNO,Alpha Teknova Inc. Common Stock,8.75,8.619999885559082,8.880000114440918,8.34000015258789,8.710000038146973,469772153.0,376980,Health Care
OVID,Ovid Therapeutics Inc. Common Stock,2.37,2.359999895095825,2.4600000381469727,2.3399999141693115,2.359999895095825,462855921.0,1735024,Health Care
ASMB,Assembly Biosciences Inc. Common Stock,22.18,21.950000762939453,23.1299991607666,21.799999237060547,22.950000762939453,451598019.0,349457,Health Care
CAPR,Capricor Therapeutics Inc. Common Stock,7.75,7.590000152587891,8.270000457763672,7.460000038146973,8.100000381469727,450577165.0,3132871,Health Care
NRC,NRC Health Common Stock,20.08,19.969999313354492,20.459999084472656,19.850000381469727,20.190000534057617,444160885.0,80023,Health Care
DMAC,DiaMedica Therapeutics Inc. Common Stock,8.13,8.010000228881836,8.414999961853027,7.949999809265137,7.989999771118164,438415917.0,242325,Health Care
TECX,Tectonic Therapeutic Inc. Common Stock,22.41,22.229999542236328,23.43000030517578,22.0,22.709999084472656,438101292.0,200961,Health Care
YDES,YD Bio Limited Ordinary Shares,6.15,6.21999979019165,6.380000114440918,5.631999969482422,5.880000114440918,435612778.0,439732,Health Care
NPCE,Neuropace Inc. Common Stock,12.67,12.579999923706055,13.0600004196167,12.510000228881836,12.760000228881836,434888552.0,83597,Health Care
SPRY,ARS Pharmaceuticals Inc. Common Stock,4.295,4.239999771118164,4.4019999504089355,4.204999923706055,4.360000133514404,427126338.0,1219195,Health Care
SRTA,Strata Critical Medical Inc. Class A Common Stock,4.75,4.739999771118164,4.739999771118164,4.650000095367432,4.679999828338623,420217329.0,760518,Health Care
EDIT,Editas Medicine Inc. Common Stock,2.73,2.7100000381469727,2.8450000286102295,2.6589999198913574,2.75,419273496.0,2968691,Health Care
RZLT,Rezolute Inc. Common Stock (NV),4.32,4.289999961853027,4.559999942779541,4.230000019073486,4.380000114440918,417840479.0,2191809,Health Care
PRTA,Prothena Corporation plc Ordinary Shares,8.02,7.929999828338623,8.630000114440918,7.880000114440918,8.479999542236328,411722531.0,510671,Health Care
MYGN,Myriad Genetics Inc. Common Stock,4.28,4.25,4.320000171661377,4.119999885559082,4.28000020980835,409380481.0,1801623,Health Care
EIKN,Eikon Therapeutics Inc. Common Stock,7.51,7.320000171661377,7.630000114440918,7.110000133514404,7.539999961853027,406779375.0,611029,Health Care
AVIR,Atea Pharmaceuticals Inc. Common Stock,5.07,5.019999980926514,5.230000019073486,4.989999771118164,5.010000228881836,406637824.0,229378,Health Care
RCEL,Avita Medical Inc. Common Stock,12.99,12.819999694824219,13.3100004196167,12.59000015258789,13.050000190734863,401739743.0,409924,Health Care
CARL,Carlsmed Inc. Common Stock,14.64,14.550000190734863,14.84000015258789,14.359999656677246,14.380000114440918,399712158.0,116206,Health Care
SI,Shoulder Innovations Inc. Common Stock,19.14,19.270000457763672,19.325000762939453,18.4950008392334,18.709999084472656,398474837.0,127000,Health Care
CYH,Community Health Systems Inc. Common Stock,2.74,2.7200000286102295,2.7799999713897705,2.7100000381469727,2.7200000286102295,386365638.0,737964,Health Care
KYTX,Kyverna Therapeutics Inc. Common Stock,6.16,6.119999885559082,6.309999942779541,6.019999980926514,6.170000076293945,380955615.0,739543,Health Care
GALT,Galectin Therapeutics Inc. Common Stock,3.76,3.740000009536743,3.859999895095825,3.5899999141693115,3.619999885559082,379937261.0,277943,Health Care
IRD,Opus Genetics Inc. Common Stock,4.38,4.349999904632568,4.659999847412109,4.25,4.409999847412109,364397705.0,2536808,Health Care
FENC,Fennec Pharmaceuticals Inc. Common Stock,10.35,10.210000038146973,10.65999984741211,10.07800006866455,10.359999656677246,362601900.0,99094,Health Care
EBS,Emergent BioSolutions Inc. Common Stock,6.95,7.050000190734863,7.349999904632568,6.840000152587891,7.070000171661377,356349685.0,1858957,Health Care
ARTV,Artiva Biotherapeutics Inc. Common Stock,7.27,7.099999904632568,7.269999980926514,6.840000152587891,7.0,355431180.0,665428,Health Care
VMD,Viemed Healthcare Inc. Common Shares,9.33,9.319999694824219,9.529999732971191,9.319999694824219,9.369999885559082,355363167.0,260526,Health Care
ENTA,Enanta Pharmaceuticals Inc. Common Stock,12.17,12.09000015258789,12.569999694824219,12.050000190734863,12.369999885559082,354456142.0,271709,Health Care
CCCC,C4 Therapeutics Inc. Common Stock,2.88,2.8499999046325684,2.950000047683716,2.819999933242798,2.819999933242798,354312392.0,2114472,Health Care
OCGN,Ocugen Inc. Common Stock,1.04,1.0399999618530273,1.0499999523162842,1.0,1.0,352674817.0,5293929,Health Care
CYPH,Cypherpunk Technologies Inc. Common Stock,3.26,2.9700000286102295,3.0899999141693115,2.930000066757202,3.049999952316284,351311885.0,13082718,Health Care
OBIO,Orchestra BioMed Holdings Inc. Ordinary Shares,5.84,5.789999961853027,5.859000205993652,5.639999866485596,5.659999847412109,351013486.0,213136,Health Care
RLMD,Relmada Therapeutics Inc. Common Stock,3.28,3.259999990463257,3.3550000190734863,3.240000009536743,3.25,349877095.0,1735702,Health Care
TTRX,Turn Therapeutics Inc. Common Stock,11.64,11.579999923706055,13.050000190734863,11.3100004196167,12.100000381469727,346732786.0,74860,Health Care
CV,CapsoVision Inc. Common Stock,6.5,6.389999866485596,6.579999923706055,6.385000228881836,6.539999961853027,345771348.0,69481,Health Care
INDP,Indaptus Therapeutics Inc. Common Stock,2.59,2.569999933242798,2.569999933242798,2.2249999046325684,2.259999990463257,345097619.0,279314,Health Care
CABA,Cabaletta Bio Inc. Common Stock,2.02,1.9800000190734863,2.059999942779541,1.940999984741211,1.9700000286102295,342481799.0,4134850,Health Care
AGEN,Agenus Inc. Common Stock,7.49,7.28000020980835,7.619999885559082,7.269999980926514,7.570000171661377,338262751.0,1527561,Health Care
EMBC,Embecta Corp. Common Stock,5.95,5.860000133514404,6.159999847412109,5.860000133514404,5.909999847412109,337124614.0,1206025,Health Care
CLPT,ClearPoint Neuro Inc. Common Stock,11.01,10.850000381469727,10.979999542236328,10.579999923706055,10.65999984741211,335851539.0,904736,Health Care
SMTI,Sanara MedTech Inc. Common Stock,35.0,34.970001220703125,35.11000061035156,34.970001220703125,35.04999923706055,321581225.0,155599,Health Care
BNTC,Benitec Biopharma Inc. Common Stock,9.0,8.8100004196167,9.270000457763672,8.800000190734863,8.989999771118164,313944534.0,217163,Health Care
SRZN,Surrozen Inc. Common Stock,26.37,25.809999465942383,26.209999084472656,25.079999923706055,25.145000457763672,309941324.0,603857,Health Care
SCTX,Scribe Therapeutics Inc. Common Stock,16.33,15.9399995803833,18.15999984741211,15.75,17.56999969482422,309154334.0,464620,Health Care
PRLD,Prelude Therapeutics Incorporated Common Stock,3.81,3.8350000381469727,3.930000066757202,3.690000057220459,3.8299999237060547,304051278.0,383747,Health Care
BDSX,Biodesix Inc. Common Stock,27.96,27.5,27.7810001373291,26.06999969482422,26.420000076293945,295009259.0,102184,Health Care
MOBI,Mobia Medical Inc. Common Stock,8.8,8.75,8.979999542236328,8.5,8.510000228881836,292961645.0,173261,Health Care
LRMR,Larimar Therapeutics Inc. Common Stock,2.78,2.7699999809265137,2.8350000381469727,2.7200000286102295,2.75,288794565.0,829245,Health Care
BIOA,BioAge Labs Inc. Common Stock,6.29,6.230000019073486,6.675000190734863,6.170000076293945,6.260000228881836,288691558.0,3251804,Health Care
ABEO,Abeona Therapeutics Inc. Common Stock,5.01,4.949999809265137,5.099999904632568,4.929999828338623,5.079999923706055,286491925.0,1428114,Health Care
FULC,Fulcrum Therapeutics Inc. Common Stock,3.69,3.700000047683716,3.7200000286102295,3.6700000762939453,3.6700000762939453,281536878.0,757039,Health Care
BBOT,BridgeBio Oncology Therapeutics Inc. Common Stock  ,3.5,3.4600000381469727,3.569999933242798,3.359999895095825,3.440000057220459,280609935.0,660120,Health Care
IKT,Inhibikase Therapeutics Inc. Common Stock,1.98,1.9500000476837158,2.0,1.9249999523162842,1.940000057220459,276281082.0,583842,Health Care
XFOR,X4 Pharmaceuticals Inc. Common Stock,2.77,2.740000009536743,2.859999895095825,2.700000047683716,2.809999942779541,274636478.0,642484,Health Care
FATE,Fate Therapeutics Inc. Common Stock,2.29,2.2799999713897705,2.299999952316284,2.140000104904175,2.1500000953674316,274388977.0,1135811,Health Care
USNA,USANA Health Sciences Inc. Common Stock,14.83,14.630000114440918,14.979999542236328,14.569999694824219,14.670000076293945,274006999.0,90844,Health Care
VNDA,Vanda Pharmaceuticals Inc. Common Stock,4.52,4.480000019073486,4.639999866485596,4.440000057220459,4.559999942779541,273291345.0,1801148,Health Care
RCKT,Rocket Pharmaceuticals Inc. Common Stock,2.48,2.450000047683716,2.640000104904175,2.4200000762939453,2.5350000858306885,272241001.0,1790575,Health Care
LXEO,Lexeo Therapeutics Inc. Common Stock,3.3,3.2699999809265137,3.4649999141693115,3.2200000286102295,3.309999942779541,270752642.0,1538810,Health Care
CATX,Perspective Therapeutics Inc. Common Stock,2.36,2.369999885559082,2.509999990463257,2.319999933242798,2.4600000381469727,269397925.0,2702882,Health Care
SABS,SAB Biotherapeutics Inc. Common Stock,2.93,2.9000000953674316,2.9649999141693115,2.809999942779541,2.880000114440918,266590058.0,663661,Health Care
INFU,InfuSystems Holdings Inc. Common Stock,13.27,13.1899995803833,13.649999618530273,13.1899995803833,13.329999923706055,264300992.0,76728,Health Care
TLSI,TriSalus Life Sciences Inc. Common Stock,4.27,4.210000038146973,4.421999931335449,4.090000152587891,4.25,262923542.0,153603,Health Care
TMCI,Treace Medical Concepts Inc. Common Stock,4.0,3.9800000190734863,4.119999885559082,3.819999933242798,3.890000104904175,260138208.0,652140,Health Care
OSUR,OraSure Technologies Inc. Common Stock,3.77,3.740000009536743,3.859999895095825,3.630000114440918,3.7300000190734863,260011724.0,534078,Health Care
PALI,Palisade Bio Inc. Common Stock,1.49,1.4600000381469727,1.4800000190734863,1.440000057220459,1.4800000190734863,259663131.0,1972754,Health Care
ANIK,Anika Therapeutics Inc. Common Stock,19.12,19.010000228881836,19.6299991607666,18.110000610351562,19.530000686645508,255882310.0,64752,Health Care
ZNTL,Zentalis Pharmaceuticals Inc. Common Stock,2.67,2.630000114440918,2.680000066757202,2.5399999618530273,2.549999952316284,252765077.0,827911,Health Care
UPB,Upstream Bio Inc. Common Stock,4.59,4.550000190734863,4.71999979019165,4.5,4.610000133514404,251399078.0,1062320,Health Care
CAMP,CAMP4 Therapeutics Corporation Common Stock,3.96,3.8499999046325684,4.119999885559082,3.8399999141693115,3.8399999141693115,248502672.0,1231134,Health Care
IMRX,Immuneering Corporation Class A Common Stock,3.83,3.7799999713897705,3.9149999618530273,3.740000009536743,3.859999895095825,247791050.0,898512,Health Care
LFCR,Lifecore Biomedical Inc. Common Stock,6.45,6.449999809265137,6.480000019073486,6.429999828338623,6.440000057220459,244152237.0,1232132,Health Care
VOGX,Vogenx Inc Common Stock,16.39,16.219999313354492,16.799999237060547,14.800000190734863,16.15999984741211,243474876.0,27089,Health Care
AKBA,Akebia Therapeutics Inc. Common Stock,0.8785,0.8629999756813049,0.8870000243186951,0.8629999756813049,0.8730000257492065,243437836.0,6178634,Health Care
QTTB,Q32 Bio Inc. Common Stock,8.11,8.0,8.069999694824219,7.829999923706055,7.989999771118164,241430369.0,678861,Health Care
PYXS,Pyxis Oncology Inc. Common Stock,2.02,2.0199999809265137,2.0859999656677246,2.0,2.009999990463257,240547676.0,1405508,Health Care
EVMN,Evommune Inc. Common Stock,6.61,6.510000228881836,6.525000095367432,6.150000095367432,6.21999979019165,239890867.0,1007376,Health Care
STRO,Sutro Biopharma Inc. Common Stock,14.45,14.239999771118164,15.779999732971191,14.010000228881836,14.65999984741211,239597921.0,162875,Health Care
IPSC,Century Therapeutics Inc. Common Stock,1.32,1.2899999618530273,1.3200000524520874,1.2699999809265137,1.2799999713897705,239019424.0,2715596,Health Care
IVVD,Invivyd Inc. Common Stock,0.8064,0.8040000200271606,0.8199999928474426,0.7250000238418579,0.7289999723434448,237693453.0,5048804,Health Care
LCTX,Lineage Cell Therapeutics Inc. Common Stock,0.9379,0.9399999976158142,0.9700000286102295,0.9200000166893005,0.949999988079071,237201910.0,967628,Health Care
SIGA,SIGA Technologies Inc. Common Stock,3.29,3.2699999809265137,3.3499999046325684,3.240000009536743,3.259999990463257,236385566.0,795059,Health Care
UTMD,Utah Medical Products Inc. Common Stock,73.83,74.0,74.20999908447266,73.38999938964844,73.44999694824219,235061283.0,63042,Health Care
ELMD,Electromed Inc. Common Stock,28.27,28.030000686645508,28.3700008392334,27.700000762939453,28.200000762939453,234275893.0,60469,Health Care
MGNX,MacroGenics Inc. Common Stock,3.64,3.5999999046325684,3.7300000190734863,3.5250000953674316,3.549999952316284,231868681.0,633306,Health Care
GLSI,Greenwich LifeSciences Inc. Common Stock,15.79,15.8100004196167,16.3700008392334,15.0,15.390000343322754,231768904.0,113671,Health Care
NUS,Nu Skin Enterprises Inc. Common Stock,4.74,4.710000038146973,4.860000133514404,4.690000057220459,4.800000190734863,230727245.0,405463,Health Care
NATR,Nature's Sunshine Products Inc. Common Stock,12.54,12.4399995803833,12.75,12.4399995803833,12.59000015258789,220647821.0,104456,Health Care
KROS,Keros Therapeutics Inc. Common Stock,11.01,10.8100004196167,11.34000015258789,10.8100004196167,11.210000038146973,218297340.0,185326,Health Care
SION,Sionna Therapeutics Inc. Common Stock,4.75,4.679999828338623,4.869999885559082,4.610000133514404,4.820000171661377,214758895.0,1261159,Health Care
NAGE,Niagen Bioscience Inc. Common Stock,2.69,2.6700000762939453,2.759999990463257,2.6500000953674316,2.7200000286102295,212848945.0,373395,Health Care
TRDA,Entrada Therapeutics Inc. Common Stock,5.42,5.329999923706055,5.659999847412109,5.300000190734863,5.610000133514404,211036746.0,315924,Health Care
LYEL,Lyell Immunopharma Inc. Common Stock,8.61,8.479999542236328,8.949999809265137,8.380000114440918,8.5600004196167,210989264.0,125047,Health Care
PDEX,Pro-Dex Inc. Common Stock,64.92,64.02999877929688,64.75,62.349998474121094,62.79999923706055,207960443.0,74143,Health Care
WHWK,Whitehawk Therapeutics Inc. Common Stock,3.61,3.549999952316284,3.5999999046325684,3.3499999046325684,3.4100000858306885,205802526.0,468166,Health Care
RNAC,Cartesian Therapeutics Inc. Common Stock,6.75,6.699999809265137,6.840000152587891,6.599999904632568,6.679999828338623,204223626.0,171224,Health Care
ALEC,Alector Inc. Common Stock,1.81,1.7799999713897705,1.9199999570846558,1.7300000190734863,1.9199999570846558,202099023.0,10177434,Health Care
ELDN,Eledon Pharmaceuticals Inc. Common Stock,2.45,2.4200000762939453,2.4800000190734863,2.390000104904175,2.4200000762939453,199089822.0,830361,Health Care
XGN,Exagen Inc. Common Stock,8.19,7.980000019073486,8.359999656677246,7.889999866485596,8.300000190734863,198405526.0,272084,Health Care
RXST,RxSight Inc. Common Stock,4.65,4.610000133514404,4.949999809265137,4.610000133514404,4.800000190734863,193408640.0,623020,Health Care
ANTX,AN2 Therapeutics Inc. Common Stock,5.07,5.019999980926514,5.059999942779541,4.695000171661377,4.849999904632568,191322722.0,318223,Health Care
CNTN,Canton Strategic Holdings Inc. Common Stock,2.34,2.2100000381469727,2.2899999618530273,2.1640000343322754,2.259999990463257,186454385.0,531557,Health Care
CMPX,Compass Therapeutics Inc. Common Stock,0.9981,0.9800000190734863,1.0549999475479126,0.9649999737739563,1.0199999809265137,179745748.0,7286327,Health Care
YARW,Yarrow Bioscience Inc. Common Stock,18.73,18.670000076293945,20.899999618530273,18.239999771118164,18.774999618530273,174270682.0,69173,Health Care
DERM,Journey Medical Corporation Common Stock,6.16,6.079999923706055,6.159999847412109,5.889999866485596,5.949999809265137,173862273.0,205131,Health Care
HSDT,Solana Company Class A Common Stock (DE),2.66,2.559999942779541,2.5799999237060547,2.424999952316284,2.5399999618530273,172442637.0,1043447,Health Care
ORGO,Organogenesis Holdings Inc. Class A Common Stock,1.34,1.340000033378601,1.3899999856948853,1.2999999523162842,1.3200000524520874,172423894.0,608737,Health Care
NAKA,Nakamoto Inc. Common Stock,9.57,9.199999809265137,9.710000038146973,9.15999984741211,9.34000015258789,171254605.0,134015,Health Care
DTIL,Precision BioSciences Inc. Common Stock,6.2,6.199999809265137,6.380000114440918,6.110000133514404,6.25,171129635.0,190966,Health Care
STIM,Neuronetics Inc. Common Stock,2.21,2.2100000381469727,2.2249999046325684,2.1500000953674316,2.1700000762939453,168395861.0,771887,Health Care
SDEV,Stablecoin Development Corporation Common Stock,3.25,3.2699999809265137,3.309999942779541,2.6600000858306885,2.7799999713897705,168191917.0,64332618,Health Care
CUE,Cue Biopharma Inc. Common Stock,23.14,22.920000076293945,23.100000381469727,22.270000457763672,22.510000228881836,168098540.0,174889,Health Care
NKTX,Nkarta Inc. Common Stock,2.31,2.259999990463257,2.3350000381469727,2.25,2.2699999809265137,165453267.0,754802,Health Care
NERV,Minerva Neurosciences Inc Common Stock,3.43,3.359999895095825,3.4600000381469727,3.25,3.2699999809265137,163774127.0,105314,Health Care
PEPG,PepGen Inc. Common Stock,2.31,2.309999942779541,2.4800000190734863,2.2750000953674316,2.4000000953674316,159989484.0,590178,Health Care
CHRS,Coherus Oncology Inc. Common Stock,1.03,1.0199999809265137,1.0800000429153442,1.0099999904632568,1.0099999904632568,159135995.0,2972880,Health Care
ALXO,ALX Oncology Holdings Inc. Common Stock,1.11,1.1100000143051147,1.149999976158142,1.100000023841858,1.1299999952316284,153487467.0,1014131,Health Care
INGN,Inogen Inc Common Stock,5.77,5.710000038146973,5.880000114440918,5.710000038146973,5.820000171661377,153126204.0,352904,Health Care
VYGR,Voyager Therapeutics Inc. Common Stock,2.46,2.440000057220459,2.5,2.4100000858306885,2.4700000286102295,151580152.0,617769,Health Care
TARA,Protara Therapeutics Inc.  Common Stock,2.555,2.5399999618530273,2.6700000762939453,2.509999990463257,2.5899999141693115,150988972.0,803575,Health Care
AVXL,Anavex Life Sciences Corp. Common Stock,1.6,1.5700000524520874,1.6100000143051147,1.5149999856948853,1.5299999713897705,148314947.0,1435143,Health Care
ABOS,Acumen Pharmaceuticals Inc. Common Stock,2.03,2.0199999809265137,2.1700000762939453,2.0,2.0999999046325684,146804089.0,562879,Health Care
KRRO,Korro Bio Inc. Common Stock,9.76,9.640000343322754,10.640000343322754,9.5,10.489999771118164,143722305.0,142632,Health Care
ARMP,Armata Pharmaceuticals Inc. Common Stock,3.85,3.8299999237060547,4.070000171661377,3.7200000286102295,3.809999942779541,143150619.0,114691,Health Care
AGPU,Axe Compute Inc. Common Stock,12.29,11.949999809265137,12.130000114440918,11.326000213623047,12.039999961853027,142454914.0,362188,Health Care
OTLK,Outlook Therapeutics Inc. Common Stock,0.572,0.6019999980926514,0.6069999933242798,0.5799999833106995,0.5899999737739563,139252001.0,3164219,Health Care
KRMD,KORU Medical Systems Inc. Common Stock (DE),3.0,2.9800000190734863,3.0450000762939453,2.9600000381469727,2.9800000190734863,138515706.0,129562,Health Care
RNA,Atrium Therapeutics Inc. Common Stock,7.99,7.949999809265137,8.130000114440918,7.929999828338623,7.929999828338623,136674088.0,411703,Health Care
AIRS,AirSculpt Technologies Inc. Common Stock,1.86,1.8200000524520874,1.899999976158142,1.7799999713897705,1.8200000524520874,134097089.0,724579,Health Care
HUMA,Humacyte Inc. Common Stock,0.478,0.4790000021457672,0.47999998927116394,0.46000000834465027,0.47200000286102295,132787494.0,4281146,Health Care
TNXP,Tonix Pharmaceuticals Holding Corp. Common Stock,7.695,7.699999809265137,7.789999961853027,7.420000076293945,7.550000190734863,131977130.0,2538887,Health Care
LFMD,LifeMD Inc. Common Stock,2.73,2.700000047683716,2.859999895095825,2.680000066757202,2.7899999618530273,131588285.0,444537,Health Care
NRXP,NRX Pharmaceuticals Inc. Common Stock,2.94,2.880000114440918,2.930000066757202,2.869999885559082,2.9000000953674316,127289555.0,418918,Health Care
HURA,TuHURA Biosciences Inc. Common Stock,1.95,1.909999966621399,2.0,1.871000051498413,1.9800000190734863,124266903.0,181714,Health Care
SPRB,Spruce Biosciences Inc. Common Stock,42.785,42.560001373291016,45.400001525878906,42.369998931884766,44.400001525878906,122964646.0,101907,Health Care
TNYA,Tenaya Therapeutics Inc. Common Stock,0.5465,0.5299999713897705,0.5550000071525574,0.5299999713897705,0.5329999923706055,122541702.0,2703451,Health Care
LUCD,Lucid Diagnostics Inc. Common Stock,0.6,0.5910000205039978,0.652999997138977,0.5879999995231628,0.6240000128746033,121946382.0,1458847,Health Care
CRBU,Caribou Biosciences Inc. Common Stock,1.135,0.6359999775886536,0.6700000166893005,0.5460000038146973,0.6169999837875366,121680527.0,5939356,Health Care
PMVP,PMV Pharmaceuticals Inc. Common Stock,1.61,1.590000033378601,1.600000023841858,1.4800000190734863,1.5,121579846.0,616115,Health Care
LENZ,LENZ Therapeutics Inc. Common Stock,3.79,3.7200000286102295,3.7200000286102295,3.5799999237060547,3.619999885559082,119083100.0,682831,Health Care
VTVT,vTv Therapeutics Inc. Class A Common Stock,30.03,29.950000762939453,31.4950008392334,29.860000610351562,31.010000228881836,118736458.0,27935,Health Care
UNCY,Unicycive Therapeutics Inc. Common Stock,4.23,4.150000095367432,4.21999979019165,4.079999923706055,4.179999828338623,117827737.0,786428,Health Care
FHTX,Foghorn Therapeutics Inc. Common Stock,1.97,1.9199999570846558,2.1500000953674316,1.906000018119812,2.0899999141693115,116989071.0,984716,Health Care
INO,Inovio Pharmaceuticals Inc. Common Stock,1.13,1.1200000047683716,1.190000057220459,1.1100000143051147,1.159999966621399,116839195.0,2013300,Health Care
RANI,Rani Therapeutics Holdings Inc. Class A Common Stock,0.8288,0.8130000233650208,0.8370000123977661,0.7900000214576721,0.8119999766349792,115530840.0,961675,Health Care
STXS,Stereotaxis Inc. Common Stock,1.15,1.1299999952316284,1.149999976158142,1.1200000047683716,1.1299999952316284,115232505.0,873454,Health Care
GNLX,Genelux Corporation Common Stock,2.54,2.5199999809265137,2.5899999141693115,2.4600000381469727,2.5199999809265137,114923151.0,77652,Health Care
COYA,Coya Therapeutics Inc. Common Stock,4.85,4.809999942779541,5.010000228881836,4.755000114440918,4.909999847412109,113770568.0,94632,Health Care
MXCT,MaxCyte Inc. Common Stock,1.09,1.0700000524520874,1.0800000429153442,1.0399999618530273,1.0399999618530273,112494765.0,333161,Health Care
VANI,Vivani Medical Inc. Common Stock (DE),1.24,1.25,1.3350000381469727,1.2419999837875366,1.2699999809265137,111852161.0,100713,Health Care
CRBP,Corbus Pharmaceuticals Holdings Inc. Common Stock,5.78,5.71999979019165,5.795000076293945,5.46999979019165,5.489999771118164,111792674.0,707643,Health Care
IMDX,Insight Molecular Diagnostics Inc. Common Stock,3.38,3.3499999046325684,3.6649999618530273,3.259999990463257,3.4600000381469727,110608080.0,460098,Health Care
AARD,Aardvark Therapeutics Inc. Common Stock,5.04,4.949999809265137,5.329999923706055,4.690000057220459,4.960000038146973,110299624.0,251866,Health Care
LAKE,Lakeland Industries Inc. Common Stock,10.83,11.010000228881836,11.010000228881836,10.390000343322754,10.6899995803833,107556477.0,177764,Health Care
APYX,Apyx Medical Corporation Common Stock,2.545,2.5199999809265137,2.5999999046325684,2.490000009536743,2.549999952316284,107205639.0,129279,Health Care
CPIX,Cumberland Pharmaceuticals Inc. Common Stock,7.14,7.010000228881836,7.21999979019165,6.849999904632568,6.889999866485596,106979384.0,22585,Health Care
IMUX,Immunic Inc. Common Stock,7.82,7.800000190734863,7.89900016784668,7.489999771118164,7.630000114440918,106699732.0,347919,Health Care
ANIX,Anixa Biosciences Inc. Common Stock,3.02,3.009999990463257,3.059999942779541,2.930000066757202,2.950000047683716,104986682.0,344973,Health Care
PLYX,Polaryx Therapeutics Inc. Common Stock,2.1,2.0899999141693115,2.0999999046325684,2.0,2.0899999141693115,104676585.0,6045,Health Care
BDTX,Black Diamond Therapeutics Inc. Common Stock,1.8,1.7899999618530273,1.8700000047683716,1.774999976158142,1.8300000429153442,103416745.0,840873,Health Care
CNXU,Conexeu Sciences Inc. Common Stock,3.66,3.680000066757202,3.75,3.4700000286102295,3.640000104904175,103236515.0,334348,Health Care
OKUR,OnKure Therapeutics Inc. Class A Common Stock,2.46,2.4100000858306885,2.4600000381469727,2.299999952316284,2.3499999046325684,99620920.0,327503,Health Care
ATRA,Atara Biotherapeutics Inc. Common Stock,9.75,9.619999885559082,9.75,9.369999885559082,9.369999885559082,97867673.0,47609,Health Care
PARK,Park Dental Partners Inc. Common Stock,20.53,20.559999465942383,21.145000457763672,20.31999969482422,20.940000534057617,97625939.0,1714,Health Care
HYPR,Hyperfine Inc. Class A Common Stock,0.87,0.8460000157356262,0.8840000033378601,0.8410000205039978,0.8489999771118164,92262342.0,890630,Health Care
RLYB,Rallybio Corporation Common Stock,17.08,16.90999984741211,17.040000915527344,16.799999237060547,16.93000030517578,90703323.0,1867,Health Care
BMEA,Biomea Fusion Inc. Common Stock,1.25,1.2699999809265137,1.340000033378601,1.25,1.3200000524520874,90604815.0,797024,Health Care
ICCC,ImmuCell Corporation Common Stock,9.97,9.960000038146973,9.989999771118164,9.6899995803833,9.6899995803833,90549504.0,835,Health Care
EQ,Equillium Inc. Common Stock,1.42,1.409999966621399,1.4299999475479126,1.350000023841858,1.3899999856948853,90039476.0,393625,Health Care
ECOR,electroCore Inc. Common Stock,9.92,9.819999694824219,10.229999542236328,9.6850004196167,9.720000267028809,89437579.0,39726,Health Care
CGTX,Cognition Therapeutics Inc. Common Stock,0.94,0.9330000281333923,0.9589999914169312,0.9269999861717224,0.9369999766349792,89388121.0,330518,Health Care
NTHI,NeOnc Technologies Holdings Inc. Common Stock,2.99,2.9800000190734863,2.9800000190734863,2.6500000953674316,2.7100000381469727,89000624.0,173726,Health Care
NMRA,Neumora Therapeutics Inc. Common Stock,0.471,0.4650000035762787,0.4819999933242798,0.45100000500679016,0.46799999475479126,88498975.0,1234518,Health Care
GRML,Greenland Mines Ltd. Common Stock,6.38,6.0,6.320000171661377,5.699999809265137,5.829999923706055,85154702.0,4861902,Health Care
NRXS,Neuraxis Inc. Common Stock,6.78,6.71999979019165,7.034999847412109,6.599999904632568,6.829999923706055,85141647.0,66563,Health Care
FTLF,FitLife Brands Inc. Common Stock,9.02,9.0600004196167,9.430000305175781,9.0,9.229999542236328,84707469.0,4279,Health Care
CRDF,Cardiff Oncology Inc. Common Stock,1.07,1.0700000524520874,1.1299999952316284,1.0700000524520874,1.090000033378601,83240916.0,384175,Health Care
TELO,Telomir Pharmaceuticals Inc. Common Stock,1.2,1.159999966621399,1.1699999570846558,1.1200000047683716,1.1200000047683716,82529947.0,1253702,Health Care
LNSR,LENSAR Inc. Common Stock,6.7,6.650000095367432,6.664999961853027,6.5,6.510000228881836,82315296.0,33931,Health Care
SKYA,SkyAI Inc. Common Stock,1.88,1.840000033378601,1.840000033378601,1.7100000381469727,1.809999942779541,81305311.0,416318,Health Care
MNOV,Medicinova Inc Common Stock,1.65,1.649999976158142,1.6799999475479126,1.600000023841858,1.6100000143051147,81215056.0,120419,Health Care
NTRB,Nutriband Inc. Common Stock,6.68,6.579999923706055,7.099999904632568,6.579999923706055,6.755000114440918,81199962.0,87035,Health Care
SERA,Sera Prognostics Inc. Class A Common Stock,2.05,2.009999990463257,2.069999933242798,2.009999990463257,2.069999933242798,80871405.0,4393,Health Care
ACRV,Acrivon Therapeutics Inc. Common Stock,1.86,1.850000023841858,1.9129999876022339,1.8200000524520874,1.8799999952316284,79707253.0,158758,Health Care
CTOR,Citius Oncology Inc. Common Stock,0.85,0.847000002861023,0.9010000228881836,0.847000002861023,0.8510000109672546,79034023.0,109847,Health Care
OM,Outset Medical Inc. Common Stock,4.14,4.059999942779541,4.25,4.059999942779541,4.210000038146973,77820259.0,376625,Health Care
RFL,Rafael Holdings Inc. Class B Common Stock,1.49,1.4600000381469727,1.5199999809265137,1.4390000104904175,1.4800000190734863,77479994.0,133470,Health Care
ISPR,Ispire Technology Inc. Common Stock,1.33,1.340000033378601,1.5099999904632568,1.2999999523162842,1.409999966621399,76813446.0,4990,Health Care
LUNG,Pulmonx Corporation Common Stock,1.78,1.75,1.9049999713897705,1.75,1.840000033378601,76447919.0,201326,Health Care
SKIN,SkinHealth Systems Inc. Class A Common Stock,0.586,0.5860000252723694,0.5989999771118164,0.5720000267028809,0.5899999737739563,76262487.0,418611,Health Care
LFVN,Lifevantage Corporation Common Stock (Delaware),6.04,6.0,6.159999847412109,5.965000152587891,6.0,76040242.0,30084,Health Care
PDSB,PDS Biotechnology Corporation Common Stock,1.045,1.0499999523162842,1.100000023841858,1.0,1.065000057220459,75735547.0,17042640,Health Care
GANX,Gain Therapeutics Inc. Common Stock,1.67,1.659999966621399,1.690000057220459,1.6399999856948853,1.6699999570846558,72884844.0,646572,Health Care
VRCA,Verrica Pharmaceuticals Inc. Common Stock,4.21,4.150000095367432,4.329999923706055,4.059999942779541,4.139999866485596,72322689.0,41319,Health Care
TENX,Tenax Therapeutics Inc. Common Stock,1.93,1.9199999570846558,1.9500000476837158,1.8899999856948853,1.909999966621399,72228160.0,1183595,Health Care
RNTX,Rein Therapeutics Inc. Common Stock,0.825,0.800000011920929,0.8169999718666077,0.7799999713897705,0.7889999747276306,71170301.0,185638,Health Care
CING,Cingulate Inc. Common Stock,4.89,4.820000171661377,4.960000038146973,4.670000076293945,4.869999885559082,71109529.0,111679,Health Care
NMAD,Nomad Power Solutions Inc. Common Stock,4.345,4.239999771118164,4.449999809265137,4.21999979019165,4.25,69959140.0,146671,Health Care
CSBR,Champions Oncology Inc. Common Stock,5.01,4.929999828338623,5.0,4.800000190734863,4.880000114440918,69732031.0,16315,Health Care
SPRO,Spero Therapeutics Inc. Common Stock,1.19,1.190000057220459,1.190000057220459,1.159999966621399,1.1699999570846558,69299444.0,347579,Health Care
FBIO,Fortress Biotech Inc. Common Stock,2.05,2.0199999809265137,2.059999942779541,2.0,2.0399999618530273,68369536.0,223987,Health Care
IBIO,iBio Inc. Common Stock,1.05,1.0499999523162842,1.059999942779541,0.9700000286102295,1.0099999904632568,67522619.0,1210360,Health Care
GOSS,Gossamer Bio Inc. Common Stock,10.78,10.380000114440918,10.65999984741211,9.77400016784668,10.180000305175781,65934695.0,197261,Health Care
XBIT,XBiotech Inc. Common Stock,2.16,2.1600000858306885,2.2300000190734863,2.1600000858306885,2.190000057220459,65853499.0,11719,Health Care
APLM,Apollomics Inc. Class A Ordinary Shares,22.1,21.950000762939453,22.25,21.5,21.5,64002771.0,13185,Health Care
PLRX,Pliant Therapeutics Inc. Common Stock,1.03,1.0299999713897705,1.0299999713897705,0.9700000286102295,0.9900000095367432,63779554.0,276395,Health Care
MYO,Myomo Inc. Common Stock,1.61,1.5700000524520874,1.590000033378601,1.399999976158142,1.4500000476837158,63768645.0,333891,Health Care
KLRS,Kalaris Therapeutics Inc. Common Stock,2.66,2.5899999141693115,2.693000078201294,2.5299999713897705,2.559999942779541,63321249.0,103440,Health Care
HRTX,Heron Therapeutics Inc. Common Stock,0.3317,0.33000001311302185,0.38999998569488525,0.33000001311302185,0.3799999952316284,62974010.0,2319208,Health Care
RNXT,RenovoRx Inc. Common Stock,1.39,1.350000023841858,1.409999966621399,1.274999976158142,1.3700000047683716,62730016.0,621693,Health Care
ESYN,EnerSyn Global Inc. Common Stock,2.1,2.0999999046325684,2.1700000762939453,2.0299999713897705,2.059999942779541,62425440.0,16002,Health Care
ELOX,Eloxx Pharmaceuticals Inc. Common Stock,15.13,15.270000457763672,15.720000267028809,14.720000267028809,14.880000114440918,61071625.0,61300,Health Care
GUTS,Fractyl Health Inc. Common Stock,4.57,4.53000020980835,4.730000019073486,4.431000232696533,4.519999980926514,60620991.0,156777,Health Care
TLSIW,TriSalus Life Sciences Inc. Warrant,0.9799,0.8899999856948853,0.9800000190734863,0.8899999856948853,0.9800000190734863,60336951.0,823,Health Care
DXR,Daxor Corporation Common Stock,10.3001,10.40999984741211,10.779999732971191,10.020000457763672,10.510000228881836,60134291.0,2862,Health Care
INKT,MiNK Therapeutics Inc. Common Stock,11.7,11.630000114440918,11.630000114440918,11.319999694824219,11.420000076293945,59705123.0,33195,Health Care
XLO,Xilio Therapeutics Inc. Common Stock,9.0,9.0,9.010000228881836,9.0,9.010000228881836,59221341.0,6206,Health Care
HYPD,Hyperion DeFi Inc. Common Stock,3.82,3.680000066757202,3.690000057220459,3.494999885559082,3.5899999141693115,58990281.0,267716,Health Care
ACET,Adicet Bio Inc. Common Stock,6.25,6.210000038146973,6.440000057220459,6.119999885559082,6.179999828338623,58509313.0,135731,Health Care
BOLD,Boundless Bio Inc. Common Stock,2.57,2.5799999237060547,2.7100000381469727,2.562000036239624,2.640000104904175,58462321.0,65191,Health Care
TLPH,Talphera Inc. Common Stock,1.11,1.100000023841858,1.1100000143051147,1.0499999523162842,1.0499999523162842,57615434.0,115794,Health Care
OABIW,OmniAb Inc. Warrant,0.39,0.16500000655651093,0.38999998569488525,0.38999998569488525,0.38999998569488525,56702255.0,52,Health Care
ALDX,Aldeyra Therapeutics Inc. Common Stock,0.9159,0.9100000262260437,0.9670000076293945,0.8809999823570251,0.9589999914169312,55252969.0,8234491,Health Care
CLNN,Clene Inc. Common Stock,3.87,3.8499999046325684,4.010000228881836,3.7100000381469727,3.9200000762939453,55008106.0,44986,Health Care
LONA,LeonaBio Inc. Common Stock,5.75,5.769999980926514,6.210000038146973,5.610000133514404,5.829999923706055,54174562.0,175837,Health Care
MDAI,Spectral AI Inc. Class A Common Stock,1.66,1.649999976158142,1.6799999475479126,1.6100000143051147,1.6399999856948853,53426980.0,262922,Health Care
IMA,ImageneBio Inc. Common Stock,4.6,4.599999904632568,4.610000133514404,4.599999904632568,4.610000133514404,52216698.0,13746,Health Care
INMB,INmune Bio Inc. Common stock,1.87,1.8200000524520874,1.8799999952316284,1.8200000524520874,1.8600000143051147,51899585.0,311084,Health Care
SER,Serina Therapeutics Inc. Common Stock,2.04,2.0399999618530273,2.0799999237060547,2.009999990463257,2.009999990463257,51816965.0,8727,Health Care
DWTX,Dogwood Therapeutics Inc. Common Stock,1.52,1.5,1.5099999904632568,1.4299999475479126,1.4299999475479126,51668681.0,127158,Health Care
EXOZ,eXoZymes Inc. Common Stock,5.52,5.550000190734863,5.710000038146973,5.519999980926514,5.539999961853027,51361950.0,1835,Health Care
CELU,Celularity Inc. Class A Common Stock,1.58,1.5299999713897705,1.5700000524520874,1.4700000286102295,1.4700000286102295,51270632.0,260957,Health Care
CRVO,CervoMed Inc. Common Stock,3.34,3.259999990463257,3.359999895095825,3.130000114440918,3.180000066757202,50497781.0,470520,Health Care
ANVS,Annovis Bio Inc. Common Stock,1.18,1.1699999570846558,1.2300000190734863,1.159999966621399,1.2100000381469727,50361290.0,538740,Health Care
COCH,Envoy Medical Inc. Class A Common Stock,0.6512,0.6700000166893005,0.6700000166893005,0.6499999761581421,0.652999997138977,50269120.0,57463,Health Care
EDSA,Edesa Biotech Inc. Common Shares,3.72,3.7699999809265137,4.010000228881836,3.7699999809265137,3.9000000953674316,50233850.0,12838,Health Care
ELTX,Elicio Therapeutics Inc. Common Stock,1.88,1.8700000047683716,1.9199999570846558,1.8300000429153442,1.850000023841858,49409938.0,259108,Health Care
POCI,Precision Optics Corporation Inc. Common stock,4.5,4.46999979019165,4.550000190734863,4.360000133514404,4.519999980926514,49377564.0,15116,Health Care
TELA,TELA Bio Inc. Common Stock,1.09,1.0700000524520874,1.1150000095367432,1.0299999713897705,1.0700000524520874,49206317.0,146263,Health Care
SRTS,Sensus Healthcare Inc. Common Stock,2.97,2.9200000762939453,3.049999952316284,2.9200000762939453,2.940000057220459,48892315.0,35573,Health Care
CVM,Cel-Sci Corporation Common Stock,2.74,2.740000009536743,2.7699999809265137,2.069999933242798,2.130000114440918,48193824.0,470228,Health Care
SCYX,SCYNEXIS Inc. Common Stock,4.84,4.860000133514404,5.039999961853027,4.75,4.78000020980835,48156108.0,163956,Health Care
TIL,Instil Bio Inc. Common Stock,6.885,6.889999866485596,7.0,6.849999904632568,6.900000095367432,46693905.0,24197,Health Care
SBCWW,SBC Medical Group Holdings Incorporated Warrants,0.45,0.17489999532699585,0.41999998688697815,0.41999998688697815,0.41999998688697815,46281124.0,2859,Health Care
BSEM,BioStem Technologies Inc. Common Stock,2.47,2.5,2.690000057220459,2.359999895095825,2.390000104904175,46120149.0,128627,Health Care
XTNT,Xtant Medical Holdings Inc. Common Stock,0.3208,0.3199999928474426,0.33000001311302185,0.3199999928474426,0.3199999928474426,45004378.0,201688,Health Care
SNWV,SANUWAVE Health Inc. Common Stock,5.2,5.269999980926514,5.699999809265137,5.190000057220459,5.539999961853027,44732007.0,51366,Health Care
HOWL,Werewolf Therapeutics Inc. Common Stock,0.9202,0.9160000085830688,0.925000011920929,0.9079999923706055,0.9200000166893005,44720861.0,279159,Health Care
CVRX,CVRx Inc. Common Stock,1.62,1.6200000047683716,1.7599999904632568,1.6200000047683716,1.6699999570846558,43159387.0,537135,Health Care
LITS,Lite Strategy Inc. Common Stock,1.41,1.2999999523162842,1.3300000429153442,1.2699999809265137,1.2699999809265137,42874248.0,493967,Health Care
FLNA,Filana Therapeutics Inc. Common Stock,0.8749,0.8500000238418579,0.8500000238418579,0.7900000214576721,0.8199999928474426,42264578.0,671528,Health Care
TVGN,Tevogen Inc. Common Stock,6.49,7.099999904632568,7.099999904632568,6.489999771118164,6.489999771118164,42259895.0,2845,Health Care
VERU,Veru Inc. Common Stock,2.47,2.4200000762939453,2.5399999618530273,2.4100000858306885,2.4600000381469727,42114290.0,1518567,Health Care
BTMD,Biote Corp. Class A Common Stock,1.14,1.1299999952316284,1.1799999475479126,1.0850000381469727,1.1100000143051147,40957314.0,231346,Health Care
PIII,P3 Health Partners Inc. Class A Common Stock,5.62,5.590000152587891,5.889999866485596,5.550000190734863,5.630000114440918,40806719.0,10177,Health Care
MGX,Metagenomi Therapeutics Inc. Common Stock,1.03,1.0099999904632568,1.0199999809265137,0.9599999785423279,0.9850000143051147,38910418.0,121036,Health Care
QTI,QT Imaging Holdings Inc. Common Stock,2.58,2.619999885559082,2.819999933242798,2.549999952316284,2.569999933242798,37762232.0,22837,Health Care
YDESW,YD Bio Limited Warrants,0.53,0.789900004863739,0.789900004863739,0.6000000238418579,0.6499999761581421,37540613.0,3386,Health Care
ACH,Accendra Health Inc. Common Stock,0.4661,0.4699999988079071,0.49000000953674316,0.4399999976158142,0.4699999988079071,35845283.0,2316488,Health Care
DCGO,DocGo Inc. Common Stock,0.362,0.3499999940395355,0.36000001430511475,0.3400000035762787,0.3449999988079071,35812070.0,321746,Health Care
NNVC,NanoViricides Inc. Common Stock,1.4,1.4299999475479126,1.5,1.399999976158142,1.440000057220459,35735000.0,303325,Health Care
ATNM,Actinium Pharmaceuticals Inc. (Delaware) Common Stock,1.11,1.0800000429153442,1.1200000047683716,1.0499999523162842,1.0700000524520874,34899994.0,439586,Health Care
ELUT,Elutia Inc. Class A Common Stock,0.7769,0.7900000214576721,0.8399999737739563,0.7699999809265137,0.8199999928474426,34408303.0,282861,Health Care
SCLX,Scilex Holding Company Common Stock,3.96,3.9000000953674316,3.9000000953674316,3.444999933242798,3.490000009536743,33632280.0,57906,Health Care
ALGS,Aligos Therapeutics Inc. Common Stock,5.38,5.329999923706055,5.525000095367432,5.230000019073486,5.320000171661377,33595722.0,12849,Health Care
MLSS,Milestone Scientific Inc. Common Stock,0.3671,0.3799999952316284,0.3799999952316284,0.36000001430511475,0.3700000047683716,33275560.0,127534,Health Care
BEAT,Heartbeam Inc. Common Stock,0.584,0.5879999995231628,0.6150000095367432,0.5299999713897705,0.5429999828338623,32907916.0,18324917,Health Care
NEPH,Nephros Inc. Common Stock,3.02,3.0799999237060547,3.5399999618530273,3.049999952316284,3.200000047683716,32797562.0,179851,Health Care
COSM,Cosmos Health Inc. Common Stock,0.3195,0.3149999976158142,0.34299999475479126,0.30799999833106995,0.32100000977516174,32152490.0,4475678,Health Care
CCEL,Cryo-Cell International Inc. Common Stock,3.88,3.9000000953674316,3.930000066757202,3.9000000953674316,3.9100000858306885,31283082.0,17472,Health Care
ARAY,Accuray Incorporated Common Stock,0.2615,0.25999999046325684,0.27000001072883606,0.23999999463558197,0.25,31233379.0,1844145,Health Care
RMTI,Rockwell Medical Inc. Common Stock,7.65,7.679999828338623,8.3100004196167,7.679999828338623,8.220000267028809,30833057.0,65444,Health Care
RNAZ,TransCode Therapeutics Inc. Common Stock,1.78,1.7799999713897705,1.7899999618530273,1.6699999570846558,1.7599999904632568,30136715.0,47346,Health Care
MIRA,MIRA Pharmaceuticals Inc. Common Stock,0.7118,0.722000002861023,0.7409999966621399,0.703000009059906,0.7099999785423279,29911322.0,105734,Health Care
GRDX,GridAI Technologies Corp. Common Stock,4.17,4.070000171661377,4.449999809265137,4.070000171661377,4.119999885559082,29736783.0,105211,Health Care
CNTX,Context Therapeutics Inc. Common Stock,0.3218,0.3160000145435333,0.3230000138282776,0.3109999895095825,0.31299999356269836,29566719.0,898952,Health Care
MCRB,Seres Therapeutics Inc. Common Stock,2.9,2.859999895095825,3.0,2.700000047683716,2.7200000286102295,29129865.0,76430,Health Care
IGC,IGC Pharma Inc. Common Stock,0.28,0.28999999165534973,0.28999999165534973,0.2800000011920929,0.2800000011920929,28947522.0,1113555,Health Care
BYSI,BeyondSpring Inc. Ordinary Shares,0.6923,0.6800000071525574,0.6919999718666077,0.6259999871253967,0.6449999809265137,28467251.0,117252,Health Care
ATYR,aTyr Pharma Inc. Common Stock,0.2834,0.27900001406669617,0.289000004529953,0.2720000147819519,0.27799999713897705,27797976.0,1022961,Health Care
QNCX,Quince Therapeutics Inc. Common Stock,26.81,26.739999771118164,27.950000762939453,26.719999313354492,26.719999313354492,27267459.0,27839,Health Care
NXTC,NextCure Inc. Common Stock,5.685,5.699999809265137,6.71999979019165,5.420000076293945,6.559999942779541,26022286.0,122594,Health Care
MODD,Modular Medical Inc. Common Stock,2.73,2.700000047683716,3.049999952316284,2.5899999141693115,2.6600000858306885,25923597.0,167074,Health Care
ABVC,ABVC BioPharma Inc. Common Stock,0.97,0.9409999847412109,1.0099999904632568,0.9399999976158142,1.0,25893642.0,92426,Health Care
ATOS,Atossa Therapeutics Inc. Common Stock,2.45,2.4100000858306885,2.490000009536743,2.4100000858306885,2.4600000381469727,24449280.0,54638,Health Care
KYNB,Kyntra Bio Inc. Common Stock,5.96,5.849999904632568,6.349999904632568,5.849999904632568,6.130000114440918,24132779.0,13683,Health Care
TXMD,TherapeuticsMD Inc. Common Stock,2.02,2.0,2.0399999618530273,1.9900000095367432,2.0,23380211.0,8383,Health Care
AYTU,Aytu BioPharma Inc.  Common Stock,2.05,2.0399999618530273,2.0999999046325684,2.0299999713897705,2.049999952316284,22276751.0,21629,Health Care
PAVM,PAVmed Inc. Common Stock,2.675,2.697999954223633,2.8399999141693115,2.5999999046325684,2.740000009536743,21389081.0,15248,Health Care
COCP,Cocrystal Pharma Inc. Common Stock,1.11,1.1100000143051147,1.1100000143051147,1.059999942779541,1.059999942779541,21382152.0,28504,Health Care
RVP,Retractable Technologies Inc. Common Stock,0.6909,0.699999988079071,0.699999988079071,0.6800000071525574,0.6899999976158142,20683583.0,36915,Health Care
ACTU,Actuate Therapeutics Inc. Common stock,0.8116,0.6430000066757202,0.7239999771118164,0.6150000095367432,0.7239999771118164,19489926.0,337719,Health Care
SHPH,Shuttle Pharmaceuticals Holdings Inc. Common Stock,4.06,4.010000228881836,4.75,4.010000228881836,4.710000038146973,19344666.0,17604,Health Care
MDAIW,Spectral AI Inc. Warrants,0.5999,0.8324999809265137,0.5759999752044678,0.5497999787330627,0.5497999787330627,19307738.0,2001,Health Care
NEUP,Neuphoria Therapeutics Inc. Common Stock,3.45,3.4000000953674316,3.450000047683716,3.4000000953674316,3.4200000762939453,18669102.0,16460,Health Care
ESLA,Estrella Immunopharma Inc. Common Stock,0.429,0.41200000047683716,0.4429999887943268,0.41200000047683716,0.4189999997615814,18660584.0,68651,Health Care
JSPR,Jasper Therapeutics Inc. Common Stock,0.5601,0.5429999828338623,0.5899999737739563,0.5400000214576721,0.5699999928474426,18637082.0,328619,Health Care
HSCS,HeartSciences Inc. Common Stock,3.77,3.6700000762939453,3.815000057220459,3.490000009536743,3.490000009536743,18261541.0,600972,Health Care
DYAI,Dyadic International Inc. Common Stock,0.4533,0.44999998807907104,0.49000000953674316,0.44999998807907104,0.46000000834465027,18160877.0,30379,Health Care
BBLGW,Bone Biologics Corp Warrants,6.535,6.534999847412109,6.534999847412109,6.534999847412109,6.534999847412109,18010832.0,961,Health Care
TCRX,TScan Therapeutics Inc. Common Stock,0.2754,0.2709999978542328,0.28299999237060547,0.2630000114440918,0.2770000100135803,17488634.0,609555,Health Care
RKTO,Rocket One Inc. Common Stock,0.7014,0.6949999928474426,0.6949999928474426,0.6650000214576721,0.6700000166893005,17463163.0,1209986,Health Care
FEMY,Femasys Inc. Common Stock,2.08,2.0399999618530273,2.049999952316284,1.9600000381469727,2.0,17420056.0,24173,Health Care
LPCN,Lipocine Inc. Common Stock,2.1,2.950000047683716,3.1500000953674316,2.069999933242798,2.200000047683716,17312931.0,12781,Health Care
MRKR,Marker Therapeutics Inc. Common Stock,1.01,1.0299999713897705,1.059999942779541,1.0299999713897705,1.0399999618530273,16839858.0,77143,Health Care
ICU,SeaStar Medical Holding Corporation Common Stock,3.19,3.259999990463257,3.7699999809265137,3.049999952316284,3.7200000286102295,16782089.0,292916,Health Care
PTN,Palatin Technologies Inc. Common Stock,9.41,9.869999885559082,9.869999885559082,9.15999984741211,9.520000457763672,16758636.0,2773,Health Care
DARE,Dare Bioscience Inc. Common Stock,0.8331,0.8140000104904175,0.8190000057220459,0.7900000214576721,0.7900000214576721,16386313.0,88580,Health Care
LTRN,Lantern Pharma Inc. Common Stock,0.9537,0.9539999961853027,1.0,0.8899999856948853,0.9100000262260437,16342199.0,388671,Health Care
BCDA,BioCardia Inc. Common Stock,1.06,1.0700000524520874,1.090000033378601,1.0299999713897705,1.090000033378601,16047109.0,113424,Health Care
ALLR,Allarity Therapeutics Inc. Common Stock,0.9853,1.0199999809265137,1.0399999618530273,0.9810000061988831,0.984000027179718,15676836.0,46344,Health Care
MTEX,Mannatech Incorporated Common Stock,7.79,7.730000019073486,7.840000152587891,7.5,7.519999980926514,15032129.0,41272,Health Care
KTTA,Pasithea Therapeutics Corp. Common Stock,0.447,0.44699999690055847,0.46799999475479126,0.4399999976158142,0.4429999887943268,14936258.0,64436,Health Care
KPTI,Karyopharm Therapeutics Inc. Common Stock,0.6499,0.6499999761581421,0.6899999976158142,0.6230000257492065,0.6449999809265137,14740681.0,1179001,Health Care
SINT,SiNtx Technologies Inc. Common Stock,2.18,2.119999885559082,2.200000047683716,2.049999952316284,2.1700000762939453,14528684.0,50539,Health Care
HIND,Vyome Holdings Inc. Common Stock,2.06,2.0199999809265137,2.059999942779541,1.9800000190734863,2.0399999618530273,14458168.0,13754,Health Care
AEON,AEON Biopharma Inc. Class A Common Stock,0.2897,0.2930000126361847,0.3330000042915344,0.2849999964237213,0.3109999895095825,14451044.0,2269112,Health Care
TVRD,Tvardi Therapeutics Inc. Common Stock,1.08,1.0800000429153442,1.1100000143051147,1.0399999618530273,1.100000023841858,14406058.0,148302,Health Care
CLRB,Cellectar Biosciences Inc.  Common Stock,1.51,1.5499999523162842,1.6200000047683716,1.4700000286102295,1.5099999904632568,14272683.0,219442,Health Care
BFRI,Biofrontera Inc. Common Stock,0.932,0.9240000247955322,0.9800000190734863,0.9100000262260437,0.9350000023841858,13842399.0,390342,Health Care
INAB,IN8bio Inc. Common Stock,1.39,1.3799999952316284,1.409999966621399,1.3600000143051147,1.399999976158142,13703152.0,45596,Health Care
CTXR,Citius Pharmaceuticals Inc. Common Stock,0.4807,0.48899999260902405,0.5099999904632568,0.4880000054836273,0.5009999871253967,13196450.0,420263,Health Care
GTBP,GT Biopharma Inc. Common Stock,6.37,6.300000190734863,6.46999979019165,6.199999809265137,6.199999809265137,13128901.0,22414,Health Care
PASG,Passage Bio Inc. Common Stock,4.08,4.0,4.050000190734863,3.763000011444092,3.8550000190734863,13128665.0,6580,Health Care
LSTA,Lisata Therapeutics Inc. Common Stock,1.21,1.2200000286102295,1.2200000286102295,1.159999966621399,1.1699999570846558,13072920.0,124189,Health Care
TPST,Tempest Therapeutics Inc. Common Stock,0.7875,0.7900000214576721,0.8199999928474426,0.75,0.7910000085830688,13025067.0,218012,Health Care
BFRG,Bullfrog AI Holdings Inc. Common Stock,0.689,0.7950000166893005,0.8299999833106995,0.6570000052452087,0.7089999914169312,12775198.0,37766955,Health Care
BIVI,BioVie Inc. Class A Common Stock,1.44,1.4600000381469727,1.4700000286102295,1.399999976158142,1.399999976158142,12503102.0,132716,Health Care
CTSO,Cytosorbents Corporation Common Stock,3.96,4.0,4.059999942779541,3.8399999141693115,3.869999885559082,12478360.0,24869,Health Care
ASBP,Aspire-Lakewood Holdings Inc. Common Stock,8.76,8.59000015258789,8.930000305175781,8.569999694824219,8.630000114440918,12286399.0,27759,Health Care
CNSY,Cerenome Inc. Common Stock ,1.59,1.6200000047683716,1.7100000381469727,1.559999942779541,1.6399999856948853,12067504.0,69655,Health Care
IRIX,IRIDEX Corporation Common Stock,0.68,0.6899999976158142,1.0199999809265137,0.6600000262260437,0.8799999952316284,11944140.0,28178,Health Care
INTS,Intensity Therapeutics Inc. Common stock,3.55,3.4700000286102295,3.869999885559082,3.4630000591278076,3.799999952316284,11590320.0,7456,Health Care
PHIO,Phio Pharmaceuticals Corp. Common Stock,0.9944,0.9940000176429749,1.0199999809265137,0.9700000286102295,1.0,11552193.0,131778,Health Care
VTGN,Vistagen Therapeutics Inc. Common Stock,0.2506,0.25,0.25999999046325684,0.23999999463558197,0.25,11120854.0,1595722,Health Care
KPRX,Kiora Pharmaceuticals Inc.  Common Stock,2.5,2.509999990463257,2.5399999618530273,2.490000009536743,2.5299999713897705,11060968.0,20206,Health Care
ADIL,Adial Pharmaceuticals Inc Common Stock,3.98,3.9100000858306885,4.090000152587891,3.9100000858306885,3.990000009536743,10451042.0,11905,Health Care
NMTC,NeuroOne Medical Technologies Corporation Common Stock,1.13,1.1299999952316284,1.1549999713897705,1.090000033378601,1.1100000143051147,10289512.0,118977,Health Care
TOVX,Theriva Biologics Inc. Common Stock,0.222,0.23000000417232513,0.25,0.2199999988079071,0.23000000417232513,10188172.0,407437,Health Care
CALC,CalciMedica Inc. Common Stock,1.49,1.4850000143051147,1.4900000095367432,1.4600000381469727,1.4800000190734863,10174155.0,169116,Health Care
SNTI,Senti Biosciences Holdings Inc. Common Stock,0.323,0.31299999356269836,0.3499999940395355,0.31299999356269836,0.33000001311302185,10059756.0,208620,Health Care
TNON,Tenon Medical Inc. Common Stock,3.715,3.5799999237060547,3.640000104904175,3.380000114440918,3.5,9988651.0,428833,Health Care
BMRA,Biomerica Inc. Common Stock,2.14,2.0999999046325684,2.0999999046325684,1.899999976158142,1.909999966621399,9841792.0,11054,Health Care
AEMD,Aethlon Medical Inc. Common Stock,6.09,6.019999980926514,6.179999828338623,6.0,6.070000171661377,9768939.0,75755,Health Care
MTVA,MetaVia Inc. Common Stock,1.48,1.4700000286102295,1.5199999809265137,1.4600000381469727,1.4600000381469727,9750389.0,86797,Health Care
MGRX,Mangoceuticals Inc. Common Stock,0.45,0.43299999833106995,0.4779999852180481,0.4300000071525574,0.4440000057220459,9705340.0,834095,Health Care
AMS,American Shared Hospital Services Common Stock,1.38,1.3600000143051147,1.3899999856948853,1.340000033378601,1.350000023841858,9177000.0,4815,Health Care
MBRX,Moleculin Biotech Inc. Common Stock,0.4455,0.4580000042915344,0.4580000042915344,0.4309999942779541,0.4390000104904175,9081865.0,706745,Health Care
NDRA,ENDRA Life Sciences Inc. Common Stock,6.04,5.989999771118164,6.170000076293945,5.909999847412109,6.059999942779541,9059468.0,14845,Health Care
MEDS,DataMeds AI Inc. Common Stock,3.07,3.0999999046325684,3.130000114440918,2.8399999141693115,2.880000114440918,8698949.0,640135,Health Care
ENSC,Ensysce Biosciences Inc. Common Stock,0.4298,0.4359999895095825,0.4390000104904175,0.4169999957084656,0.42899999022483826,8362530.0,544938,Health Care
NAII,Natural Alternatives International Inc. Common Stock,1.33,1.3300000429153442,1.4199999570846558,1.2100000381469727,1.2899999618530273,8332247.0,24416,Health Care
CODX,Co-Diagnostics Inc. Common Stock,1.15,1.100000023841858,1.1399999856948853,1.0850000381469727,1.1200000047683716,8061843.0,886908,Health Care
LUCY,Innovative Eyewear Inc. Common Stock,0.9248,0.9200000166893005,0.9300000071525574,0.9100000262260437,0.9120000004768372,8057101.0,404918,Health Care
APRE,Aprea Therapeutics Inc. Common stock,0.6355,0.6359999775886536,0.6380000114440918,0.5759999752044678,0.6050000190734863,8001667.0,199177,Health Care
TRAW,Traws Pharma Inc. Common Stock,0.52,0.5199999809265137,0.5199999809265137,0.46000000834465027,0.47999998927116394,7991504.0,125060,Health Care
CURX,Curanex Pharmaceuticals Inc Common Stock,4.99,4.789999961853027,5.150000095367432,4.449999809265137,4.769999980926514,7825523.0,42324,Health Care
SNGX,Soligenix Inc. Common Stock,0.358,0.36000001430511475,0.36000001430511475,0.3499999940395355,0.3499999940395355,7792041.0,185679,Health Care
CNSP,CNS Pharmaceuticals Inc. Common Stock,5.3018,5.349999904632568,5.440000057220459,5.081999778747559,5.429999828338623,7748310.0,6214,Health Care
FBLG,FibroBiologics Inc. Common Stock,1.13,1.159999966621399,1.2000000476837158,1.0700000524520874,1.1399999856948853,7523758.0,210288,Health Care
LGVN,Longeveron Inc. Class A Common Stock,2.35,2.3299999237060547,2.4800000190734863,2.3299999237060547,2.440000057220459,7492268.0,83794,Health Care
ACXP,Acurx Pharmaceuticals Inc. Common Stock,1.31,1.3200000524520874,1.3300000429153442,1.2799999713897705,1.2999999523162842,7282821.0,42206,Health Care
JAGX,Jaguar Health Inc. Common Stock,5.62,5.239999771118164,5.497000217437744,4.909999847412109,5.0,7203935.0,27072454,Health Care
SKYE,Skye Bioscience Inc. Common Stock,1.62,1.6200000047683716,1.75,1.6200000047683716,1.649999976158142,7172837.0,30824,Health Care
BIAF,bioAffinity Technologies Inc. Common Stock,6.06,5.900000095367432,6.28000020980835,5.860000133514404,6.159999847412109,7069748.0,259276,Health Care
XCUR,Exicure Inc. Common Stock,1.08,1.0399999618530273,1.0399999618530273,1.0,1.0199999809265137,7069675.0,7342,Health Care
KALA,KALA BIO Inc. Common Stock,0.364,0.37299999594688416,0.39500001072883606,0.34299999475479126,0.36000001430511475,7039682.0,420239,Health Care
CELZ,Creative Medical Technology Holdings Inc. Common Stock,0.9004,0.9100000262260437,0.9100000262260437,0.8801000118255615,0.8889999985694885,6836338.0,70802,Health Care
AMIX,Autonomix Medical Inc. Common Stock,3.47,3.490000009536743,3.5899999141693115,3.390000104904175,3.4100000858306885,6800985.0,63781,Health Care
BOLT,Bolt Biotherapeutics Inc. Common Stock,3.51,3.6500000953674316,3.7899999618530273,3.38100004196167,3.5999999046325684,6761471.0,23265,Health Care
GRMLW,Greenland Mines Ltd Warrant,0.5,0.5199999809265137,0.5199999809265137,0.4401000142097473,0.4749000072479248,6673566.0,107501,Health Care
ALZN,Alzamend Neuro Inc. Common Stock,1.37,1.3700000047683716,1.4199999570846558,1.340000033378601,1.3700000047683716,6611241.0,32065,Health Care
ACON,Aclarion Inc. Common Stock,2.29,2.319999933242798,2.390000104904175,2.319999933242798,2.3499999046325684,6600630.0,30918,Health Care
ENVB,Enveric Biosciences Inc. Common Stock,1.47,1.4500000476837158,1.5099999904632568,1.4500000476837158,1.4950000047683716,6579549.0,50969,Health Care
IMNN,Imunon Inc. Common Stock,1.12,1.1200000047683716,1.159999966621399,1.100000023841858,1.1399999856948853,6284771.0,86781,Health Care
SCNX,Scienture Holdings Inc. Common Stock,3.76,3.8499999046325684,4.199999809265137,3.6489999294281006,4.130000114440918,6176048.0,218114,Health Care
CDIO,Cardio Diagnostics Holdings Inc. Common stock,2.0,1.9950000047683716,2.0299999713897705,1.9500000476837158,1.9600000381469727,5918938.0,22073,Health Care
SNOA,Sonoma Pharmaceuticals Inc. Common Stock,1.23,1.2300000190734863,1.2300000190734863,1.2000000476837158,1.2200000286102295,5889763.0,45095,Health Care
NVNO,enVVeno Medical Corporation Common Stock,8.2,7.980000019073486,8.430000305175781,7.909999847412109,8.399999618530273,5697573.0,36791,Health Care
BGMS,Bio Green Med Solution Inc. Common Stock,0.8557,0.8600000143051147,0.8700000047683716,0.8500000238418579,0.8500000238418579,5667125.0,19777,Health Care
QCLS,Q/C Technologies Inc. Common Stock,0.6901,0.6790000200271606,0.6850000023841858,0.6200000047683716,0.6320000290870667,5651807.0,189917,Health Care
DRMA,Dermata Therapeutics Inc. Common Stock,1.13,1.1399999856948853,1.1399999856948853,1.1100000143051147,1.1200000047683716,5599384.0,29588,Health Care
INBS,Intelligent Bio Solutions Inc. Common Stock,1.58,1.5700000524520874,1.6100000143051147,1.5399999618530273,1.590000033378601,5240549.0,97341,Health Care
PULM,Pulmatrix Inc. Common Stock,1.43,1.4600000381469727,1.5099999904632568,1.4299999475479126,1.4900000095367432,5222768.0,19475,Health Care
VVOS,Vivos Therapeutics Inc. Common Stock,0.1537,0.15399999916553497,0.15700000524520874,0.14499999582767487,0.1509999930858612,5165764.0,573017,Health Care
LNAI,Lunai Bioworks Inc. Common Stock,1.13,1.190000057220459,1.190000057220459,1.0800000429153442,1.090000033378601,5123296.0,23650,Health Care
LIMN,Liminatus Pharma Inc. Class A Common Stock,3.7,3.7009999752044678,3.890000104904175,3.6500000953674316,3.880000114440918,4969870.0,12643,Health Care
XBIO,Xenetic Biosciences Inc. Common Stock,2.12,2.109999895095825,2.2100000381469727,2.109999895095825,2.2100000381469727,4967544.0,14730,Health Care
PMCB,PharmaCyte  Biotech Inc. Common Stock,0.4224,0.4169999957084656,0.421999990940094,0.4011000096797943,0.40560001134872437,4534738.0,232060,Health Care
AIDX,20/20 Biolabs Inc. Common Stock,0.3524,0.36000001430511475,0.36000001430511475,0.3400000035762787,0.3400000035762787,4500255.0,69110,Health Care
PCSA,Processa Pharmaceuticals Inc. Common Stock,1.52,1.5299999713897705,1.5299999713897705,1.409999966621399,1.4199999570846558,4245947.0,18593,Health Care
GRI,GRI Bio Inc. Common Stock,1.9,1.8799999952316284,1.9199999570846558,1.850000023841858,1.850000023841858,4153619.0,18299,Health Care
STLNW,Starling Oncology Inc. Warrant,0.0388,0.029999999329447746,0.029999999329447746,0.029999999329447746,0.029899999499320984,3954345.0,1006,Health Care
SXTP,60 Degrees Pharmaceuticals Inc. Common Stock,1.11,1.059999942779541,1.159999966621399,1.0080000162124634,1.100000023841858,3903857.0,2448218,Health Care
JUNS,Jupiter Neurosciences Inc. Common Stock,2.86,2.609999895095825,2.8580000400543213,2.5799999237060547,2.8399999141693115,3770970.0,927445,Health Care
NXL,Nexalin Technology Inc. Common Stock,4.5,4.380000114440918,4.760000228881836,4.309999942779541,4.320000171661377,3732300.0,111828,Health Care
IVF,INVO Fertility Inc. Common Stock,0.7951,0.8349999785423279,0.8349999785423279,0.7110000252723694,0.7379999756813049,3658545.0,68128,Health Care
ERNA,Ernexa Therapeutics Inc. Common Stock,2.235,2.25,2.390000104904175,2.1500000953674316,2.390000104904175,3648439.0,91569,Health Care
BJDX,Bluejay Diagnostics Inc. Common Stock,0.8107,0.7860000133514404,0.8399999737739563,0.7749999761581421,0.8100000023841858,3622249.0,6934020,Health Care
CVKD,Cadrenal Therapeutics Inc. Common Stock,0.99,1.0099999904632568,1.0700000524520874,0.9169999957084656,0.972000002861023,3531916.0,98654,Health Care
HCWB,HCW Biologics Inc. Common Stock,1.57,1.5499999523162842,1.6200000047683716,1.5399999618530273,1.559999942779541,3511029.0,37833,Health Care
MBIO,Mustang Bio Inc. Common Stock,0.46,0.4560000002384186,0.46000000834465027,0.44999998807907104,0.44999998807907104,3485653.0,43266,Health Care
VIVS,VivoSim Labs Inc. Common Stock,0.2019,0.20000000298023224,0.20999999344348907,0.1899999976158142,0.1899999976158142,3348813.0,378054,Health Care
COCHW,Envoy Medical Inc Warrant,0.0427,0.04259999841451645,0.04270000010728836,0.03290000185370445,0.03689999878406525,3296209.0,2,Health Care
APVO,Aptevo Therapeutics Inc. Common Stock,1.795,1.7599999904632568,1.850000023841858,1.7599999904632568,1.840000033378601,3234536.0,35413,Health Care
BRTX,BioRestorative Therapies Inc. Common Stock (NV),2.27,2.299999952316284,2.299999952316284,2.049999952316284,2.240000009536743,3135161.0,79659,Health Care
ADGM,Adagio Medical Holdings Inc Common Stock,0.138,0.13500000536441803,0.14000000059604645,0.125,0.1340000033378601,3065043.0,1564283,Health Care
VBIO,Valion Bio Inc. Common Stock,2.38,2.309999942779541,2.380000114440918,2.180000066757202,2.190000057220459,3060040.0,129212,Health Care
REVB,Revelation Biosciences Inc. Common Stock,0.7522,0.7549999952316284,0.8360000252723694,0.7549999952316284,0.828000009059906,2996326.0,34732,Health Care
MTNB,Matinas Biopharma Holdings Inc. Common Stock,3.01,2.990000009536743,2.990000009536743,2.630000114440918,2.7699999809265137,2948355.0,417705,Health Care
GOVX,GeoVax Labs Inc. Common Stock,0.2885,0.30000001192092896,0.3050000071525574,0.2770000100135803,0.289000004529953,2914678.0,1635096,Health Care
ONCO,Onconetix Inc. Common Stock,0.6611,0.6600000262260437,0.6600000262260437,0.5799999833106995,0.597000002861023,2895963.0,523266,Health Care
DCOY,Decoy Therapeutics Inc. Common Stock,1.55,1.5499999523162842,1.6399999856948853,1.5099999904632568,1.6100000143051147,2851409.0,128780,Health Care
ISPC,iSpecimen Inc. Common Stock,1.07,1.0700000524520874,1.1100000143051147,1.0499999523162842,1.100000023841858,2694891.0,103109,Health Care
ELAB,PMGC Holdings Inc. Common Stock,3.27,3.190000057220459,3.390000104904175,3.119999885559082,3.140000104904175,2647323.0,14668,Health Care
BFRGW,Bullfrog AI Holdings Inc. Warrants,0.1396,0.4406000077724457,0.17239999771118164,0.12950000166893005,0.15860000252723694,2588414.0,31298,Health Care
NUWE,Nuwellis Inc. Common Stock,0.7011,0.6899999976158142,0.7400000095367432,0.6800000071525574,0.6899999976158142,2557097.0,72409,Health Care
SILO,Silo Pharma Inc. Common Stock,1.45,1.4299999475479126,1.4600000381469727,1.409999966621399,1.440000057220459,2542213.0,27641,Health Care
XAIR,Beyond Air Inc. Common Stock,2.55,2.490000009536743,2.5999999046325684,2.4700000286102295,2.5399999618530273,2441959.0,36483,Health Care
ESLAW,Estrella Immunopharma Inc. Warrant,0.0526,0.10999999940395355,0.05339999869465828,0.05260000005364418,0.05260000005364418,2287988.0,1900,Health Care
OGEN,Oragenics Inc. Common Stock,0.485,0.5,0.5,0.49000000953674316,0.5,2188299.0,12304,Health Care
GNPX,Genprex Inc. Common Stock,2.61,2.619999885559082,2.7799999713897705,2.5799999237060547,2.619999885559082,2139440.0,165265,Health Care
LABT,Lakewood-Amedex Biotherapeutics Inc. Common Stock,0.867,0.7799999713897705,0.8999999761581421,0.7599999904632568,0.8500000238418579,2054519.0,151046,Health Care
ARTL,Artelo Biosciences Inc. Common Stock,3.46,3.4200000762939453,3.549999952316284,3.3299999237060547,3.4100000858306885,1895298.0,74668,Health Care
TCRT,Alaunos Therapeutics Inc. Common Stock,0.7424,0.7400000095367432,0.8899999856948853,0.7200000286102295,0.8399999737739563,1890645.0,121374,Health Care
NXGL,NexGel Inc Common Stock,0.1729,0.17000000178813934,0.1899999976158142,0.16200000047683716,0.1770000010728836,1685371.0,321076,Health Care
CRIS,Curis Inc. Common Stock,0.749,0.7900000214576721,0.7900000214576721,0.7200000286102295,0.7400000095367432,1565468.0,183174,Health Care
BBLG,Bone Biologics Corp Common Stock,0.4795,0.4620000123977661,0.4880000054836273,0.4620000123977661,0.4880000054836273,1321529.0,53803,Health Care
SABSW,SAB Biotherapeutics Inc. Warrant,0.014,0.04769999906420708,0.03689999878406525,0.010999999940395355,0.012199999764561653,1273809.0,4998,Health Care
CDT,CDT Equity Inc. Common Stock,0.9301,0.8989999890327454,0.8989999890327454,0.8040000200271606,0.8360000252723694,1045911.0,918315,Health Care
PFSA,Profusa Inc. Common Stock,1.66,1.6200000047683716,1.6799999475479126,1.4199999570846558,1.5,1005374.0,266252,Health Care
GCTK,GlucoTrack Inc. Common Stock,1.13,1.1200000047683716,1.159999966621399,1.100000023841858,1.149999976158142,958951.0,176038,Health Care
BEATW,Heartbeam Inc. Warrant,0.0155,0.289900004863739,0.014800000004470348,0.010499999858438969,0.014700000174343586,873412.0,89612,Health Care
SCLXW,Scilex Holding Company Warrant,0.1,0.17000000178813934,0.10000000149011612,0.060100000351667404,0.09229999780654907,849300.0,100,Health Care
XXII,22nd Century Group Inc. Common Stock,0.9199,0.9150000214576721,0.9150000214576721,0.878000020980835,0.8920000195503235,656803.0,49944,Health Care
BIAFW,bioAffinity Technologies Inc. Warrant,0.55,0.4699999988079071,0.5199999809265137,0.35510000586509705,0.5199999809265137,641644.0,220,Health Care
TVGNW,Tevogen Inc. Warrant,0.0606,0.04500000178813934,0.07209999859333038,0.058800000697374344,0.06960000097751617,394599.0,368397,Health Care
LUCYW,Innovative Eyewear Inc. Series A Warrants 8/16/27,0.0382,0.02800000086426735,0.02800000086426735,0.02800000086426735,0.02800000086426735,332808.0,111,Health Care
HSCSW,HeartSciences Inc. Warrant,0.06,0.07169999927282333,0.09950000047683716,0.05999999865889549,0.05999999865889549,290635.0,8605,Health Care
BFRIW,Biofrontera Inc. Warrants,0.0138,0.09709999710321426,0.010900000110268593,0.006800000090152025,0.010900000110268593,204963.0,209,Health Care
NXGLW,NexGel Inc Warrant,0.01,0.3140000104904175,0.009999999776482582,0.008899999782443047,0.009999999776482582,97477.0,24459,Health Care
CINGW,Cingulate Inc. Warrants,0.0065,0.03849999979138374,0.006500000134110451,0.0035000001080334187,0.006500000134110451,94522.0,159650,Health Care
SXTPW,60 Degrees Pharmaceuticals Inc. Warrant,0.0236,0.0502999983727932,0.03020000085234642,0.02199999988079071,0.023600000888109207,83001.0,18525,Health Care
PIIIW,P3 Health Partners Inc. Warrant,0.011,0.010400000028312206,0.00860000029206276,0.007499999832361937,0.007499999832361937,79871.0,65864,Health Care
ICUCW,SeaStar Medical Holding Corporation Warrant,0.0151,0.03750000149011612,0.016200000420212746,0.01510000042617321,0.015200000256299973,79439.0,90,Health Care
LIMNW,Liminatus Pharma Inc. Warrants,0.0555,0.03999999910593033,0.03999999910593033,0.03700000047683716,0.03700000047683716,74548.0,88,Health Care
ACONW,Aclarion Inc. Warrant,0.0256,0.04800000041723251,0.025699999183416367,0.02329999953508377,0.025599999353289604,73789.0,40,Health Care
ERNAW,Ernexa Therapeutics Inc. Warrants,0.0268,0.03799999877810478,0.03799999877810478,0.0348999984562397,0.0348999984562397,43749.0,241891,Health Care
CDIOW,Cardio Diagnostics Holdings Inc. Warrant,0.0119,0.01889999955892563,0.009399999864399433,0.009399999864399433,0.009399999864399433,35218.0,23494,Health Care
APLMW,Apollomics Inc. Warrant,0.0105,0.016699999570846558,0.010099999606609344,0.010099999606609344,0.010099999606609344,30409.0,503,Health Care
TNONW,Tenon Medical Inc. Warrant,0.0059,0.020400000736117363,0.006800000090152025,0.005900000222027302,0.005900000222027302,15864.0,367239,Health Care
CDTTW,CDT Equity Inc. Warrant,0.0117,0.011900000274181366,0.011800000444054604,0.010400000028312206,0.010400000028312206,13157.0,344,Health Care
BKHA,Black Hawk Acquisition Corporation Class A Ordinary Shares,12.28,12.25,13.149999618530273,12.25,13.0,0.0,38,Health Care
BKHAR,Black Hawk Acquisition Corporation Rights,1.7,1.75,1.75,1.6399999856948853,1.6399999856948853,0.0,50,Health Care
BLUWU,Blue Water Acquisition Corp. III Unit.,10.5,10.5,10.5,10.5,10.5,0.0,1,Health Care
EMIS,Emmis Acquisition Corp. Class A Ordinary Shares,10.27,10.270000457763672,10.270000457763672,10.270000457763672,10.270000457763672,0.0,7,Health Care
